:020000040000FA
:10000000005D00205D1E000015570000491E000025
:10001000491E0000491E0000491E000000000000AB
:100020000000000000000000000000005D1F000054
:10003000491E000000000000491E0000491E00008B
:10004000DD200000DD200000DD200000DD200000BC
:10005000DD200000DD200000DD200000DD200000AC
:10006000DD200000DD200000DD200000DD2000009C
:10007000DD200000DD200000DD200000DD2000008C
:10008000DD200000DD200000DD200000DD2000007C
:10009000DD200000DD200000DD200000DD2000006C
:1000A000DD200000DD200000DD200000DD2000005C
:1000B000DD200000DD200000DD200000DD2000004C
:1000C000DD200000DD200000DD200000DD2000003C
:1000D000DD200000DD200000DD20000053B94AB91A
:1000E000002908BF00281CBF4FF0FF314FF0FF3040
:1000F00000F00CB8ADF1080C6DE904CE00F008F882
:10010000DDF804E0DDE9022304B07047704700BF6A
:100110002DE9F04786468C460846089E15467446EB
:100120001946002B40F0C2808542B2FA82F245D9CE
:100130004AB1C2F1200300FA02FC2EFA03F3954003
:1001400043EA0C0C94404FEA154EA8B2BCFBFEF8F3
:10015000230C0EFB18CC08FB00F943EA0C4399452D
:1001600028D9EB1808F1FF3704D2994502D9A8F134
:1001700002072B44A3EB0903A4B2B3FBFEFC0EFB66
:100180001C330CFB00F044EA0344A04214D92C19A0
:100190000CF1FF3304D2A04202D9ACF102032C448B
:1001A000241A43EA07401EB1D44000233460736030
:1001B000BDE8F0874746DDE76346F1E792BB431BA6
:1001C00001214FEA154EAFB2B3FBFEFC200C0EFB33
:1001D0001C330CFB07F840EA0343984562D9EB183F
:1001E0000CF1FF3004D2984502D9ACF102002B4447
:1001F000A3EB0803A4B2B3FBFEFC0EFB1C330CFB09
:1002000007F744EA0344A7424ED92C190CF1FF33F7
:1002100004D2A74202D9ACF102032C44E41B43EA06
:100220000040C0E7C2F1200320FA03F1954090405E
:100230002EFA03F303434FEA154EAFB2B1FBFEFCB7
:100240000EFB1C10190C0CFB07F841EA0041884515
:1002500004FA02F422D969180CF1FF3004D288455F
:1002600002D9ACF102002944A1EB08019BB2B1FB19
:10027000FEFC0EFB1C110CFB07F743EA01439F42F7
:100280000ED9EB180CF1FF3104D29F4202D9ACF128
:1002900002012B44DB1B41EA004192E76046E3E7A1
:1002A0006146F7E76046A3E76346B7E7834206D9AE
:1002B00016B9002108467BE7C6E900E0F9E7B3FA82
:1002C00083F78FB9834201D3724508D8BEEB02048D
:1002D00060EB030301209C461EB9002168E7384605
:1002E000FAE7C6E9004CF8E7C7F1200CBB4022FA58
:1002F0000CF41C432EFA0CF120FA0CF3B840014325
:100300004FEA14490EFA07F5B3FBF9F81FFA84FE19
:1003100009FB18300B0C08FB0EFA43EA00439A4520
:1003200002FA07F240D9E31808F1FF3004D29A45E7
:1003300002D9A8F102002344A3EB0A0389B2B3FB5C
:10034000F9F809FB183308FB0EFE41EA03418E451C
:100350002CD9611808F1FF3304D28E4502D9A8F1D7
:100360000203214443EA0040A0FB0298A1EB0E01E6
:100370004145CE46434602D306D14D4504D2B9EBA2
:10038000020E68EB04030138002EA6D0B5EB0E0276
:1003900061EB030101FA0CFC22FA07F34CEA0303B8
:1003A000F940C6E9003198E74046C5E74346D9E73A
:1003B000F0B52E4B2E4AC3F800262E48C3F804266B
:1003C00085B0C3F808264921C3F80C26C3F81026C7
:1003D000C3F81426C3F81826C3F81C2605F018F92C
:1003E00000F078F801A800F0FBFC234B1B68834267
:1003F00004D02248452105F00BF9FEE7039A204876
:10040000492105F005F91F48492105F001F94FF48C
:100410004041002005F066FC044620B11A48452101
:1004200005F0F6F8FEE769469DF8080000F030F8A0
:10043000009B039D1D44019B1E8902F039FDAF19ED
:1004400000F0EAFF00F0BEFF01F044FDAB5983F37A
:10045000088884F31488BFF36F8FBFF36F8F7B68B6
:1004600098470A48452105F0D3F8FEE7000001400F
:100470003546526EFC7800004001002015790000DE
:1004800038790000677900008C790000BF7900009E
:1004900008B5024638B105480023452105F0B8F8F3
:1004A0006FF0150008BD0860FCE700BFE2790000AE
:1004B00021B1012906D06FF015007047044B53F8A5
:1004C00030007047024B03EBC0035868704700BF11
:1004D0003875000002484FF4C05103F0B5B900BFB1
:1004E000740F00202DE9F04FF9B0DDE98489DFF8C1
:1004F000BCB1869FDBF8005038A816461C4606F0B3
:100500000AFD002138A803F0D5FAB8F1000F07D092
:10051000B9F1000F04DD4A46414638A806F004FD53
:1005200033897289D6F80CA013449A444FF000081E
:10053000C24544D80DA938A806F035FD27B12022C0
:100540000DA9384605F046F90023009322464FF6E0
:10055000FF73314607A804F039FD804660BB204692
:100560000C9E00F0D9F9864226D8DFF844914FF06E
:10057000FF370DF1160305AA06A907A804F074FDBC
:10058000002819DB40F08A80BDF81660102E2ED1AD
:10059000BDF81460202E0FD10699334638AA2046A4
:1005A00005F044F840B9324638A90DA804F0A8FD7A
:1005B000404B1B68834217D0DBF8005071E0839BEF
:1005C000829AAAEB0809994528BF99464B464146AD
:1005D000204605F02BF80028EED182994A4638A82B
:1005E00006F0A2FCC844A3E74FF00108C1E7012EC2
:1005F00035D1BDF81430202BDED8069938AA204614
:1006000005F014F807460028D6D19DF814A0BAF1D9
:10061000200F02D94FF0FF37ABE7D9F80030264E54
:100620000393039B9F42F5DA1DA806F074FC00219A
:100630001DA803F03FFA726856F8081B12681DA83F
:1006400006F072FC15A91DA806F0ADFC524638A9AB
:1006500015A805F0AFF800288BD00137E1E7202E70
:1006600087D17B1C85D0D9F80030BB42D2DDBDF8E4
:100670001430B3F5807F9FD1069938AA204604F044
:10068000D5FF002898D1FFB2BDF81430009738AAE2
:1006900031460DA800F012F80546BBE7B8F1000F8F
:1006A0008AD0284679B0BDE8F08F00BF0400002052
:1006B0004075000040010020447500002DE9F04F16
:1006C000DFF8D4A1ADF5417D07462AA89DF828B3EF
:1006D000DAF800501E468946904606F0D5FB0922FE
:1006E00001212AA803F062F96C4B53F83B400594B2
:1006F00003EBCB0380AA5B681B681C4421463023B4
:1007000005A805F01DFC002840F0BE80059B809ADE
:1007100013449C4240F0B8802CAA214605A805F05D
:1007200023FC002840F0B0800DF1B80B5A4621465A
:1007300005A805F019FC0390002840F0A5802CA81E
:1007400005F030FF059A2B90944240F09D80039B6A
:10075000CDF804B000931A462CA92AA806F051FB44
:10076000002840F091802AA803F036F9002840F0D4
:100770008B802CA805F016FF2B902AA806F08EFB84
:10078000864240F08180B6F5807FDAF800507BD158
:10079000B9F1200F78D180AA41462AA803F042F986
:1007A0000446002870D19DF8FF32BC2B6CD1069016
:1007B0000DF59079DF260FA806F0ADFB00210FA8FC
:1007C00003F078F920220DF2DF210FA806F0ACFB30
:1007D000042206A90FA806F0A7FB07A90FA806F098
:1007E000E2FB202E9DF81B30B046A8BF4FF020083A
:1007F00001334846424607A9A6EB08068DF81B3090
:1008000004F0E8FF002EC144D5DC48AB80AA1846AE
:1008100000219C46067812F801EB013186EA0E06AB
:10082000DF2900F8016BF5D11A7802F07F021A7007
:1008300013F8016B46BB0134BE2CF9D19CF8BE30D5
:10084000012B21D10FA806F066FB31460FA803F05B
:1008500031F9134908220FA806F066FB3946202219
:100860000FA806F061FB20220DF2DF110FA806F0A1
:100870005BFB07A90FA806F096FB20220DF2DF21F3
:1008800007A804F03DFC05462AA806F009FB284607
:100890000DF5417DBDE8F08F040000204475000097
:1008A000087A0000094A0B78400052F820108B4269
:1008B00009D0013052F82000834214BF4FF0FF30BE
:1008C0004FF4C07070474FF4C07070474C75000013
:1008D0001FB50F4B13F830000C4601F011F950B959
:1008E0002068816810236A46103904F09FFE28B101
:1008F000206804F09AFE4FF0FF3006E00549102210
:10090000684604F057FF0028F2D104B010BD00BFC4
:100910004C750000EC78000013B5044604F0F7FBBA
:100920006A460146204604F038FB30B104484521B0
:1009300004F06EFE002002B010BD0098FBE700BF7F
:10094000107A00002DE9F041364B88B006460020B1
:100950000D461C68FFF7ACFD06A9C0B201F0D0F847
:10096000002858D12946FFF7A3FD2C2407A9C0B2BF
:1009700004FB056401F0C4F8002833D02C276F4332
:1009800006EB0708069BD8F8101011F0100138D1BB
:100990004FF480720192244A0092CDE9031122465D
:1009A00002910846FFF79EFD0446204BF259069837
:1009B0009A420CD1D8F80C20B8F808309B1806D20F
:1009C0008268934203D21A4B1B68A34220D035B3EE
:1009D0008268002104F054FE164A1748452104F0AD
:1009E00017FE13E0079804F066FE0746079804F028
:1009F0001CFE631EE21C13F8011FB942BED19342D4
:100A0000F9D11DB10699304604F06BFC0B4B1C6804
:100A1000069804F00AFE204608B0BDE8F081084AB6
:100A2000DBE700BF04000020742700203DB8F396E8
:100A300040010020537A00005D7A00000000002091
:100A40004B7A00007FB50D46044600212846CDE9CB
:100A5000021104F005FC28B32368194EB34203D1F8
:100A600003AA204604F091FBE36AB34204D102AA30
:100A70000121204604F089FBDDE90232934288BF60
:100A80000393039BAB60039A2946204600F0A2FB28
:100A90000C4B1A68002A03DD0B48572104F0B8FDFF
:100AA00004B070BD01A9FFF713FF019805F108011B
:100AB00004F038FBAB680198039304F0B6FDE2E75D
:100AC0003DB8F396A40D0020857A00002DE9F84F7B
:100AD000DFF870B01C4C1D4D884691469A460026A2
:100AE0000B9B9E4201D300200FE00B9B154A9F1BDE
:100AF000B7F5806F28BF4FF480673B4606EB0A01CD
:100B0000404604F093FD10B10120BDE8F88F0A992A
:100B10003B465A467118484604F09DFD0028F3D123
:100B2000C4F800563E44C4F80456C4F80856C4F845
:100B30000C56C4F81056C4F81456C4F81856C4F825
:100B40001C56CDE744090020000001403546526E96
:100B5000F0B5994B43620E46984B0365002189B06E
:100B600004460846FFF7A4FC04F120010546C0B284
:100B700000F0C6FF0346E8B90121FFF799FC04F134
:100B80004C010546C0B200F0BBFF0346E0B9204669
:100B900004F03CFB0546C8B900221146204604F08B
:100BA000DEFA054660B386480022572104F030FD86
:100BB00001239CE00022CDE90023824800232A463D
:100BC000452104F025FDFEE70122F4E77E4880225E
:100BD000572104F01DFD01239D4284F85830DBD1DC
:100BE00094F858308DF81730042B00F28380012BD5
:100BF00000F2878000F09A80FF2384F8583095E057
:100C0000204600F0FFF90028D2D004A804F01FFB12
:100C10000146204604F0BAFB18B16C482A46572119
:100C2000C4E704A804F01CFB80F0010104AAC9B2C7
:100C3000204604F094FA02460028B4D104A804F037
:100C40000FFB054660BB04A92046FFF7FBFE9DF89D
:100C5000173084F85830033B012B06D8284600F0A3
:100C6000E5F810B1FF2384F858309DF81730023BA7
:100C7000022B0BD8002000F0C3F838B1FF2384F812
:100C800058305348452104F0C3FCFEE794F858302F
:100C9000FF2BF6D004AA0021204604F060FA87E773
:100CA0009DF81770012F17D1104602F08FF9831E9F
:100CB000022B05460DD839462046FFF743FE454B2B
:100CC0001B68984205D0444B1D68A84214BF0525F7
:100CD000012584F8585083E701212046FFF732FEB2
:100CE0003C4B1B6898420CBF9DF81730052384F8D5
:100CF000583075E7052B7FF47FAF002000F096F8A1
:100D000011E004A92046FFF79DFE94F85830DA1E42
:100D1000012A14D8002000F089F800287FF46CAF75
:100D2000002000F06DF800287FF466AF94F858308A
:100D3000FF2B07D12648452104F06AFCFEE7022B71
:100D4000F4D1EDE70022012B244D039214D011467B
:100D5000204604F004FA78B12D68102200210DEB32
:100D6000020004F042FDE06C04F05FFC206A04F035
:100D70005CFC284609B0F0BD00212046FFF7E2FDEB
:100D8000144F3B689842E7D12B689842E4D0124B4D
:100D90001B689842E0D0039B01330393039B012B14
:100DA00000D0FEE7206A04F0F6F83071236A5B6831
:100DB00034603D68B360D0E7440500204401002062
:100DC000437B0000B47A0000017B00006F7B0000D1
:100DD000997B00004001002000000020040000205A
:100DE00038B5064D044660220021284604F0FDFC7B
:100DF00021462846FFF7ACFE38BD00BF440D002059
:100E000013B5094B01A913F8300000F079FE48B979
:100E1000019805F059F80446019804F006FC2046B4
:100E200002B010BD0124FAE7547500001FB50F4B46
:100E300001A913F8300000F063FEA8B9019802A9D7
:100E400002F06EF8044668B99DF80B30032B03D10D
:100E5000019805F007F80446019804F0E6FB2046E7
:100E600004B010BD0124F7E70124F8E75475000031
:100E70002DE9F34106460C4617461D460BB90026E0
:100E800028E0184604F0ECF90028F8D16946FFF78D
:100E90001FFD009838B90124009804F0C6FB2046D5
:100EA00002B0BDE8F08101A904F03CF90028F2D1BC
:100EB000009804F0BAFB3046019904F0A3FA736A73
:100EC0005E686B79012B21D1002CD8D12B6883422D
:100ED00098BF002621460020FFF7EAFA6946C0B213
:100EE00000F00EFE0028D6D1009820233A46314665
:100EF00004F09CFB04460028CDD1002DCCD03C68EA
:100F00000D4BE41A18BF4FF0FF34C5E7022BB6D1E2
:100F10002B68012B05D98342B1D8B4FA84F4640953
:100F2000ADE7ACD1002CD5D0012CA8D12C79023C56
:100F300018BF0124A3E700BF3DB8F3962DE9F04F99
:100F4000074685B00C46014600201646FFF7AAFC6E
:100F5000051E50DB3846E46D04F0D9F85FFA84F9D9
:100F60006B1E09FB03084FF0000A4FF0010B4FF016
:100F7000FF349DB9BAF1010F03DD2148452104F08A
:100F800047FB631C06D07F2C2ADC013440F201139E
:100F90003460B380284605B0BDE8F08F6B1E009327
:100FA0000DF10F0201234146384604F03FFB031EBA
:100FB000019322DB01220DF10F01384604F0EDFE12
:100FC000019B40B15B4501D00AF1010A009DA8EBED
:100FD00009089B46CDE7B4F1FF3F08BF2C46F5E773
:100FE0000223803C7371631004F001040133013467
:100FF00033603471CEE70725CCE70125CAE700BF8F
:10100000A57B000038B5816A426D914208D0531C1F
:101010008B4205D01348572104F0FAFA002038BD5E
:1010200080291CD910485721F6E7446A056D04EB66
:10103000C30405EBC30564686D68AC4202D00B487D
:101040005721E9E701339A42EFD1914205D9436A2A
:1010500003EBC2035B68A342F1D10120DFE7002369
:101060001C46F0E7C87B0000007C00002F7C0000DD
:1010700000B589B004A9022004F001FF9DF81020FA
:10108000012A41D0254B2649032A08BF0B469DF86B
:10109000132002929DF8122001929DF81120214800
:1010A00000924921204A04F0B3FA06A9052004F071
:1010B000E6FE9DF81820012A28D0184B1849032A6B
:1010C00008BF0B469DF81B2002929DF81A20019242
:1010D0009DF8192000921348144A492104F098FA07
:1010E0009DF81030012B13D19DF81230032B0FD136
:1010F0009DF81830012B0BD00D48492104F088FAD7
:10110000022009B05DF804FB0A4BC0E7094BD9E7A0
:101110000948492104F07CFA0020F2E75B7C0000DA
:10112000647C0000787C00006A7C0000B97C0000D0
:10113000C97C00005F7C0000E87C000070B54B6853
:1011400014461E4A03F0FF23934286B006460D461E
:101150002FD10B68012B2CD104A9204601F0E0FE11
:101160009DF81020012A26D0154B1649032A08BFE6
:101170000B469DF8132002929DF8122001929DF8D3
:10118000112000921048114A492104F041FA9DF8BB
:101190001030032B0DD12146304604F0A2F8204632
:1011A00004F060FEA968204603F0CAFF204601F063
:1011B00097FE06B070BD064BDBE700BF00010004E0
:1011C0005B7C0000647C0000787C0000B97C00003F
:1011D0005F7C00002DE9F04F164689B005460C46AD
:1011E0007448492104F014FA3146284604F00AF9FB
:1011F0006B6A824620465E6804F032F8E8B1E86D1A
:1012000003F080FFAF6A0023013F3344834201D2E1
:10121000013FFAE7BA4510D36748572104F0F8F9BF
:1012200007FB06F365480AFB0662572104F0F0F954
:101230000123E37109B0BDE8F08F06A9022000F098
:101240005FFC07A9052000F05BFC079A21462846B1
:10125000FFF774FF6379012B4BD1DFF864B1574678
:1012600041E02268C2F1010353449F423AD86B6ABD
:10127000196853F8370003EBC703012A53F8083CF9
:10128000A3EB0103A0EB0109049311D1079B039386
:10129000E368022B08D04146284604F022F8224693
:1012A0004146284604F053F80399284604F019F8FB
:1012B00032464946404604F012F8049B42464146F5
:1012C000CDE900962846FFF701FC2146284603F0A9
:1012D000D4FF23680133236020B1DBF800300133F1
:1012E000CBF80030013FDDF81880002FB9D1012381
:1012F0002360022363710127BA45DDF8189006D2F6
:10130000484604F092F9079804F08FF992E72368B1
:101310009F424DD36A6ADDF81CB052F83710049131
:10132000FB00083B11680391D1582A6DD05813680F
:10133000A0EB03082379012B38D1039B3246C91A4D
:101340004846059103F0CBFF0599009143464A4674
:10135000594601962846FFF7B9FB2146284603F077
:101360008CFF0223237118B1154A136801331360EF
:1013700032464146584603F0B2FFDDE903234946B1
:101380009B1ACDE900865A462846FFF79FFB214667
:10139000284603F072FF2368013323600123237181
:1013A00030B1074A13680133136001E0022BDFD02C
:1013B0000137A1E7FF7C0000287D0000577D000079
:1013C000A40D0020BFF36F8F72B6124B4FF0FF32A7
:1013D000C3F88020C3F88420C3F88820C3F88C2089
:1013E000C3F89020C3F89420C3F89820C3F89C2039
:1013F000C3F88021C3F88421C3F88821C3F88C2165
:10140000C3F89021C3F89421C3F89821C3F89C2114
:10141000704700BF00E100E0134A4FF0FF330121A5
:101420005160C2F84833C2F8083302F5C042516037
:10143000C2F84833C2F8083302F598325160C2F856
:101440004833C2F80833A2F508320021C2F800156B
:10145000C2F8083302F5E832C2F808354FF080428E
:10146000C2F80833704700BF00B00040014B1B6852
:10147000184700BF0800002007B50B4600210246B0
:101480000091034800F014F903B05DF804FB00BFBD
:101490006D1400002DE9F047058B0446280790469F
:1014A00011D4022905F0070540F0CD80204603F055
:1014B000D5FF78B10138218B042811D8DFE800F07E
:1014C000C3106D85950001290CBF45F0100545F04E
:1014D0002005258388F31188BFF36F8FBDE8F0875F
:1014E00001F0070AAA4500F0A6800027B9463E464B
:1014F000A368002B00F0BD8041F00801218388F330
:101500001188BFF36F8FA168002900F0BB800D68C0
:10151000002900F0B780D1F80480334652462046B7
:10152000C047002D76D02B6829461D46F0E701F014
:1015300007035A1F012A1BD8002221F00701062B9E
:10154000276889B2C4E9002209D13B4603E0628BD7
:10155000013262831B68002BF9D141F00201218323
:10156000204603F07BFF00287BD041F0200177E08C
:10157000042B0AD121F0070189B22183204603F010
:101580006DFF10B141F020012183218B01F0070A8A
:10159000AA4550D00027B946AAE7236921F00701E0
:1015A00041F00601062DD3F8009021832DD1B9F129
:1015B000000F40D041F00801218388F31188BFF368
:1015C0006F8F3A492046C84729E021F00701236977
:1015D00041F0040189B2042DD3F804902183E6D0B0
:1015E00000273E464FF0040A82E721F007012369F5
:1015F00041F0050189B2052DD3F808902183D6D09A
:1016000000273E464FF0050A72E700273E464FF09E
:10161000060A6DE72B4687E7B9F1000FD1D14FF0ED
:101620002003EFF3118883F31288BFF36F8F238BAE
:1016300023F008032383258BEA062ED525F010031B
:10164000238305F007056669218B002EBFF66FAF77
:1016500000232768C4E9003321F0070141F00101AC
:101660002183218B01F0070AAA454FF000097FF47E
:101670003FAF002F9BD041F00801218388F31188F0
:10168000BFF36F8F002FC7D03D68394633465246AF
:10169000204603F00FFF2F46F4E7AB067FF51AAFA5
:1016A00025F02003238305F00705FFE6E154000041
:1016B0002DE9F04F8DB01D46531E824601910393D4
:1016C0004FF00009039B5878252803F1010419D134
:1016D0001E4600204FF0FF38023603460290444673
:1016E00031780396392954D81F2914D8002900F0DD
:1016F000EE8101992520D04701993078D04709F132
:101700000209DFE7002800F0E2810199D04709F1E2
:1017100001090394D6E7A1F12002192AE9D801A70B
:1017200057F822F08D170000F3160000F3160000A2
:101730008D170000F31600000D180000F3160000CE
:10174000F3160000F3160000F3160000591800000D
:101750008D170000F31600006D1800001918000026
:10176000F316000027180000471800004718000073
:1017700047180000471800004718000047180000ED
:1017800047180000471800004718000008460136B7
:10179000A6E7582900F0EB80A1F16302D7B2172F1A
:1017A000A7D8172AA5D801A757F822F0151A0000C4
:1017B00093180000F3160000F3160000F316000063
:1017C0007318000093180000F3160000F3160000D1
:1017D00073180000F3160000F3160000F316000063
:1017E00049190000F3160000F3160000E919000083
:1017F000F316000093180000F3160000F316000023
:1018000049190000F3160000731800000199252003
:10181000D04709F1010955E7029A02F0FE0202924F
:101820004FF00008B3E7002C0DDAB8F1000F0DDA25
:10183000029A002A00F0438124EAE4740A2202FB9F
:101840000414303CA3E7B8F1000FF5DB0A2202FBD9
:101850000812A2F130089AE7B8F1000F55F8042BEE
:1018600080F22F81002A80F22E81544202220292BD
:101870008DE7682903D1682B06D1482387E76C29B7
:1018800002D16C2B00F02181002B7FF432AF0B468C
:101890007DE77A2B06D1752955F8046B14D14FF0EA
:1018A000000B0CE06C2BF6D04C2BF4D1073525F057
:1018B00007037529D3E9006B03F1080506D1202839
:1018C0003BD1854F013C09E04FEAE67BBBF1000FBD
:1018D000F5DA7642814F6BEB4B0B013C0DF12D039A
:1018E000059300230493304659460A220023FEF74D
:1018F000F5FB059B303203F8012DB4460593049B9C
:101900005A46BCF10A0F8B4672F1000203F1FF3117
:1019100006460491E7D2C3F1010B30330DEB030609
:10192000B8F1000FA6F104066DDA029BD9077DD449
:10193000A8EB0B03A4EB0B0413E02B280ABF684FA2
:10194000684F04F1FF34C9E770290FD155F8042B13
:101950000023FAB9634F644E053C6FF004034FF067
:10196000050B029A920770D4A04666E078216C2B92
:1019700003D155F8042B002308E04C2BF9D107358F
:1019800025F007031D465B6855F8082B232825D151
:10199000880621D5554F023C01F06001A1F1390BB9
:1019A0000DF12D0E002602F00F01092988BF5944C0
:1019B00030310EF8011D102A4FEA121141EA03716D
:1019C0004FEA131C73F1000306F1FF3008D2C6F191
:1019D000010B06F13003A1E7454FDCE7414FDBE7A0
:1019E00006460A466346DEE755F8046B304603F0C8
:1019F000DAFEB8F1000F834602DB4045A8BFC346BC
:101A0000384F4FF00008A8EB0B03002B92DDA4EB3E
:101A10000804A6E755F8043B8DF81830314F013C17
:101A20004FF0FF334FF0010B06AE9AE7A046EAE70E
:101A3000029301992020D047029BB8F10108F7D505
:101A400024EAE472013C9144A41AB84606E00493E7
:101A500002920199D047029A049B9046424612F89E
:101A6000010B0028F3D11A46013A15D5002BACBF63
:101A7000C7EB03077F425B46013B15D5BBF1000F67
:101A8000A8BF5F444F442646013E14D5002CA8BF92
:101A90003F1907EB080915E60493029201993020DB
:101AA000D047049B029ADFE70293019916F8010BD5
:101AB000D047029BE0E701992020D047E4E70122CC
:101AC000D5E6904663E6144661E64C235FE6484659
:101AD0000DB0BDE8F08F00BF987E0000967E00003C
:101AE0009A7E0000A47B0000A27E00009C7E000085
:101AF0009F7E0000014B036000207047607500006E
:101B000070B5114B1C680D46DCB1104B19680023F1
:101B10008B4202DB6FF0010070BD224612F8106BA1
:101B2000864202D001331446F2E7E06810B96FF044
:101B30001200F1E705F0CDFB0028F8D02C60002062
:101B4000EAE76FF00C00E7E70C000020607500008A
:101B500070B588B005460C46C0B269461646FFF718
:101B6000CFFF00281BDB0098C8B14368029383684D
:101B700022680195CDE903360023CDE906230593BC
:101B8000C56803F052FD6DB12846084901AA03F06B
:101B900041FF079808B9059B236008B070BD6FF03E
:101BA0001500FAE76FF01200F7E700BFC556000016
:101BB00030BFFFF7FDBF00BF704700BF70B5264BB9
:101BC00015469A6A12F0100F9A6A14BF1124102455
:101BD00012F0080F9A6A18BF1224920706460AD517
:101BE000586B9A6A140634D519B19A6A22F08002A9
:101BF0009A62132401E06FF01500174B9A6A12F0F5
:101C0000010F9A6A18BF142412F0200F9A6A18BFA5
:101C10001524D20602D49B6A9B070AD50E4B5B683B
:101C2000190506D5314600F00DFA10B180F3098888
:101C30000224094B9A6A920642BF5A6A22F4005261
:101C40005A629A6A42F0FF029A6200232B70204681
:101C500070BD6FF01500CCE700ED00E0134B9A6A01
:101C600012F0007F9A6A14BF1E201D2012F0807FA0
:101C70009A6A18BF1F2012F4002F9A6A18BF2120F9
:101C800012F4802F9A6A18BF222012F4003F9A6A39
:101C900018BF232012F4803F9A6A6FEA02426FEA6B
:101CA00012429A6218BF2420704700BF00ED00E086
:101CB00010B5194B0246986A9C6A10F4805F14BFF5
:101CC0001720162014F4006F9C6A18BF1820A40572
:101CD00009D5986B986A000404D51AB19A6A22F45F
:101CE00000429A6219200C4B9A6A12F4806F9A6A29
:101CF00018BF1A20D2050CD49B6A13F4005F18BFDA
:101D00001C20054A936A43F47F43936200230B70BF
:101D100010BD1B20F5E700BF00ED00E070B5454B9E
:101D20005B688AB00546C3F30803002686F3118872
:101D3000BFF36F8F02F07F40B0F17F4F11D102F0FF
:101D40000C0008280DD010074CBF0D4601260022BC
:101D5000033B8DF80720032B05D8DFE803F01E5D59
:101D6000615A3546F3E700249DF807309BB92022DD
:101D7000294602A803F02EFD099B002E54D0C3F380
:101D8000080222B96FEA53236FEA4323099302A999
:101D9000204603F0B9FC0AB070BD264BDA6A910701
:101DA000E1D4DA6A002ADEDBDA6A5200DBD55A694E
:101DB000A96942F480725A61BFF34F8FBFF36F8FEE
:101DC0005A6931F8021C22F480725A61BFF34F8FB6
:101DD000BFF36F8F4DF6027291420AD09A6AD2B267
:101DE0004AB10DF1070201212846FFF7E7FE04463C
:101DF000BAE72C68B8E79A6A12F47F4F05D00DF164
:101E000007010120FFF754FFF1E79B6AB3F5803F1C
:101E1000A9D3FFF723FFEAE70DF107020021E3E76B
:101E20000DF107010020EDE723F4FF7323F0010318
:101E3000ACE700BF00ED00E0024A536943F0100335
:101E40005361704700ED00E0EFF30880EFF3098184
:101E500001B57246FFF762FF01BD00BF002080F3AD
:101E60001488BFF36F8F00F031FA00200D4908602D
:101E7000BFF34F8F0C4880F3088800F03DF8202016
:101E800080F3118809484FF40461401880F30988F1
:101E9000EFF314800221084380F31488BFF36F8F9F
:101EA00000F0B4F894ED00E0005D0020C02C0020AC
:101EB000BFF34F8F0549064BCA6802F4E062134333
:101EC000CB60BFF34F8F00BFFDE700BF00ED00E028
:101ED0000400FA050749D1F890200023C2F3072235
:101EE0001846934200DB7047C1F89830C1F8A00053
:101EF0000133F6E700ED00E008B572B6002383F386
:101F00001388FFF7E7FF144B4FF0FF32C3F8802030
:101F1000C3F88420C3F88820C3F88C20C3F890202D
:101F2000C3F89420C3F89820C3F89C20C3F88021FC
:101F3000C3F88421C3F88821C3F88C21C3F8902109
:101F4000C3F89421C3F89821C3F89C2162B6BFF36B
:101F50004F8FBFF36F8F08BD00E100E01EF0040F4C
:101F60000CBFEFF30880EFF30980816911F8021CC0
:101F70000229FFD001B503F0C9FB01BD40B2002822
:101F800007DB044A4109012300F01F00834042F8A7
:101F90002130704700E100E040B200280CDB43092B
:101FA000064900F01F0020330122824041F823201F
:101FB000BFF34F8FBFF36F8F704700BF00E100E0AA
:101FC000054B420900F01F0053F82220012303FAB9
:101FD00000F01040704700BF00E100E040B2002870
:101FE000A8BF00F1604001F10101B8BF064B4FEA04
:101FF0004111ACBF00F5614000F00F00C9B2B4BFA1
:10200000195480F80013704714ED00E00B4A08B52E
:102010000B4B22F07F029A60BFF34F8FBFF36F8F9D
:10202000D3F8882022F47002C3F8882002F09CFEC6
:1020300002F0E2FE00F046F802F0A2FE000000000E
:1020400000ED00E010F1160F074B08D0984208D3BE
:102050004033834205D98B4203D90448704740334B
:10206000F9E70020704700BF003500204035002010
:1020700004462025084611461A46084B83F3098872
:1020800063B64FF0000383F31188BFF36F8FA0474F
:1020900085F31188BFF36F8FFEE700BF405D00201E
:1020A000014910220A60704710ED00E072B6494005
:1020B00081F31188BFF34F8F20BF80F3118862B680
:1020C000704700BF044800232021C2180133272B8A
:1020D00082F80013F9D1704700E100E001B5EFF399
:1020E0000580A0F110004FEAC0000449014409C96D
:1020F0009847BDE80140024908470000EC73000022
:10210000B91B0000024B034A0348022100F030B81B
:102110000000012000000020D4750000084AC2F829
:1021200098000B6823F01F03034343F01003C2F829
:102130009C308B6843F00103C2F8A030704700BFA9
:1021400000ED00E0044B0522C3F89420BFF34F8F4D
:10215000BFF36F8F704700BF00ED00E0BFF35F8FEC
:10216000024B0022C3F89420704700BF00ED00E04E
:1021700010B5034C0123227803F0E7FA207010BD5C
:1021800074280020F0B5454D2C68082C85B000F26D
:102190008280FFF7E3FF00200C2684420DD1404DE2
:1021A000404F2C706846FFF7A5FC00240646A64267
:1021B0000AD1FFF7C7FF00201CE0696806FB001189
:1021C000FFF7ACFF0130E8E7009800EB04114FEA9D
:1021D000041CCB683B40B3F5000F4AD00CD8B3F5D4
:1021E000001F30D0B3F5800F38D0B3F5801F12D068
:1021F0006FF0150005B0F0BDB3F1807F42D0B3F1B0
:10220000007FF5D150F80C3088684A6803F08DFAE9
:1022100040F4802009E050F80C3088684A6803F0E8
:1022200084FA40F0885040F4302003902878072842
:10223000CDE90123DCD801A9FFF770FF2B7801332A
:102240002B700134B3E750F80C3088684A6803F00B
:102250006CFA40F0885040F40020E6E750F80C306B
:1022600088684A6803F061FA40F0007040F400307A
:10227000DBE750F80C3088684A6803F056FA40F003
:102280008270D2E750F80C3088684A6803F04DFA43
:1022900040F08870C9E74FF0FF30ABE7EC75000005
:1022A000742800200000F0FF024B0122C3F84025F3
:1022B0000020704700E0014020B1034B800143F053
:1022C00001031847704700BF3075000001F00ABDD8
:1022D000084B70B5C31A0D4607499B100446594375
:1022E0000648402203F0A6FA2B4601462046BDE8E8
:1022F00070401847BC0D0020B76DDBB6747300004A
:1023000073B50C4C0C4A4023041B00930D460B463E
:102310000A49A41061430646094803F0B7FA011EB2
:1023200005DA30462B4602B0BDE87040184702B0CF
:1023300070BD00BFBC0D0020FD580000B76DDBB6BE
:102340007473000010B54FF02003EFF3118483F392
:102350001288BFF36F8F074A136823F00201DB076F
:10236000116002D4012004F0B3FE84F31188BFF39E
:102370006F8F10BD0C0E0020002270B501210446A5
:102380001046FFF72BFE0F4801F08EFE0E4B9842D1
:1023900015D101F09BFE26690C49304603F0AEF8DA
:1023A00000280BDB012535642469084904F11C0071
:1023B00003F0A4F8002801DBE564002070BD6FF095
:1023C0000400FBE7052400000000AD0B0C760000C4
:1023D00070B501460C2309484B43C418D4E90E5686
:1023E000403300221844A26303F011FA2DB13246A3
:1023F0002B460348BDE87040184770BDBC0D002057
:102400007473000010B1012804D07047034B1B6C9B
:102410005B0701D1FFF7DCBF704700BFBC0D002098
:1024200008B54FF02003EFF3118183F31288BFF357
:102430006F8F124A136843F002001060DA0708D465
:1024400081F31188BFF36F8F0120BDE8084001F0D0
:102450004FBE4FF08043D3F80C24D3F80C34DB0785
:10246000EED5074803F0D3F981F31188BFF36F8FDE
:102470000020BDE80840FFF7ABBF00BF0C0E0020F6
:10248000FC0D002010B5074C23782BB94FF4A57034
:1024900004F01AFF01232370BDE81040002001F072
:1024A00027BE00BF75280020F8B52549BFF35B8F14
:1024B0000646012251E8003F41E800200028F9D1FA
:1024C000BFF35B8F33B91F491F484B60CB608A60F5
:1024D00003F027F8731E012B1DD804F019FF0446E2
:1024E000D0B91A4B1B78BBB14FF080430222C3F81E
:1024F000082305464FF08047D7F81824D7F818343A
:10250000D20313D59B0701D0012E0FD194B185F3CF
:102510001188BFF36F8FF8BD4FF02003EFF31185E3
:1025200083F31288BFF36F8F0124E3E72846FFF798
:10253000BDFDE1E74FF080430222C3F80423EAE740
:10254000B80D0020A80D0020D80D0020862C0020FA
:10255000024B0B6001231360704700BF100E002078
:10256000004870476076000010B504F031FE034C5F
:10257000206004F029FE6060002010BD100E0020D5
:10258000F8B50E463046194617461D4603F0C2F907
:10259000B8B146EA050414F0030412D14DB12B1969
:1025A000032BA6EB040006D8074AD2F80034DB0759
:1025B000FBD50020F8BD3B1B043C196802F0C6F9AE
:1025C000EDE76FF01500F5E700E0014038B545682C
:1025D0002B69B3B11035284602F084F8044680B95F
:1025E0000146284602F046F8084B98420BD10849AC
:1025F0002246284602F026F8224605210620FFF74B
:10260000EDFC002038BD6FF00400FBE70000AD0BCF
:1026100015260000430970B507D10B4B596821B14D
:1026200001250C68094E854001B970BD8A682A40B1
:1026300002D04B68304698471CB1236821461C469F
:10264000F2E72346FAE700BF180E00208873000067
:102650002DE9F043476840F20636D0063B7B87B051
:1026600002EA060654BFC2F34010032001F01F0522
:10267000B6F5837F144645EA43158DF8030042D032
:102680000FD8062E18D007D8B6B1022E3DD06FF065
:10269000150007B0BDE8F083B6F5807FF7D10126BD
:1026A0000AE040F20222964231D0B6F5407F30D0A7
:1026B000B6F5007FEBD1022622032CD57A680123E0
:1026C0008B40C2F808353B696BBB05F01F026D09F2
:1026D00076D1920002F1A04284F48031D2F8003722
:1026E000C1F30041C4F3404423F4E16344EA4104EC
:1026F00023F007031C4344EA800444EA0624C2F89A
:1027000000470020C5E70726D6E70426D4E70526BC
:10271000D2E70326D0E7630341BF01237A688B40E9
:10272000C2F80C35CFE710370DF1020229463846C2
:1027300001F08EFF14F4403F80460CD12946384604
:1027400004F038FD214B9845DBD19DF80210384646
:1027500001F0D2FFD5E701AB4FF0000903AA2946EB
:102760003846CDE90439CDE90199CDF80C9001F056
:1027700043FE164B98428AD114F4003315D09DF8CD
:1027800003308DF80E3084F48034C4F300444B469B
:1027900003AA294638468DF80C608DF80D4001F0EB
:1027A000DBFE0A4B9842CDD071E7CDE9043303AA92
:1027B0000DF1030329463846039301F01DFEF0E7AF
:1027C00002F5E07253F82230FFDE00BF0000AD0BCF
:1027D000F0B54068057B01F01F0444EA4514056923
:1027E00087B0002D60D0B2F5001F00F1100506D1B2
:1027F0002146284604F0E0FC002007B0F0BD01AE01
:102800000027B2F5800F0197776038D1B3F1007FD0
:1028100014BF052304238DF804300023CDE904639D
:102820000393836823FA01F111F0010119D1B2F188
:10283000A07F16D104F01F03620903F5E07339D1BC
:102840004FF0A04252F82330DB070AD40DF1030603
:1028500032462146284601F0FBFE184B984219D01B
:10286000029603AA2146284601F0C6FD144B984261
:102870001DD101222146284601F04AFFBCE7B3F1F1
:10288000C06F05D0B3F1007F14BF01230223C2E75C
:102890000323C0E73146284601F034FF084B984235
:1028A000DED06FF00B00A8E76FF08500A5E76FF0B2
:1028B0001500A2E751F82330FFDE00BF0400AD0B86
:1028C0000000AD0B2DE9F041364E374F00EB810192
:1028D0000125814202D10020BDE8F081036813F494
:1028E000805FC3F3432C03F07F044ED11B0C7F2C7D
:1028F000A3F1160316F80CC008BF4FF0FF34032BEA
:1029000046D8DFE803F002313437C2F86045036887
:10291000B4F1FF3FC3F3803324D004F01F0E6409E9
:102920005BBBC4BB4FF0A04405FA0EF3C4F80C35F2
:102930004FEA8E0404F1A044D0F80080D4F80037A8
:1029400003EA070E88F40053C3F3403343F0020355
:10295000C8F3C11843EA880343EA0C2343EA0E0391
:10296000C4F800370430B4E7C2F86445CFE7C2F8D2
:102970006845CCE7C2F86C45C9E77CB94FF0A04484
:1029800005FA0EF3C4F80835D2E76FF01500A3E797
:102990006FF08500A0E7C3F80C35FFDE0023C3F815
:1029A0000835FAE7FA7E0000F0F8FCFF0248002143
:1029B000C2E90001002070470024F400F7B5456823
:1029C0000669AF6B01AA0021384603F0A4F8041E83
:1029D00007DA002201211820FFF700FB204603B090
:1029E000F0BD019B3A6819791868FFF76BFF002268
:1029F000044601211820FFF7F1FA002CEEDB00223B
:102A00002C6811464FF0A0474FF0010C02F5AC7353
:102A100054F8230000280BDB430929D1D7F80435EB
:102A2000C34013F0010318BF0CFA02F30B43D9B2F1
:102A30000132042AEAD102360023012000FA03F20F
:102A40000A420CBF012200220133D203042B26F8D4
:102A5000022FF3D100231A4605F10801284602F09F
:102A60004DF8054B984214BF6FF00F040024B5E7F2
:102A70000023D3F80435FFDE0000AD0B70B5012351
:102A800083400E4ABFF35B8FDC4352E8001F01EA2C
:102A9000040542E80056002EF7D1BFF35B8F4FF4D8
:102AA000803282400648C0F80823BFF35F8FBFF32F
:102AB0006F8F0B4214BF0120002070BD580E002004
:102AC0000010014070B40E49D1E90034D01AC31887
:102AD00044F1000422F07F46C1E90034A6F500135A
:102AE000B3F5400F09D2074B1B681A0A1B069C1945
:102AF000054B42F10005C3E9004570BC02F0DCB9AA
:102B0000A80000205C0E0020B000002011B3BFF32D
:102B10005B8F0123104A834052E800CF4CEA030C3C
:102B200042E800C10029F7D1BFF35B8F0B4A4FF495
:102B300080338340C2F80433094BBFF35B8F1B68BB
:102B4000BFF35B8FC340DB0742BF064B4FF400323D
:102B5000C3F80021704700BF580E0020001001404C
:102B6000540E002000E100E00D4B1868010A000639
:102B7000BFF35F8F0B4BD3F80435181841F10001F8
:102B8000B3F5801F0AD2084BD3E90023904271EBC2
:102B9000030303D210F1807041F10001704700BFC0
:102BA0005C0E002000100140B00000202DE9F04F25
:102BB00085B016461F469DF840A00446FFF75EFF0D
:102BC0000190FFF7D1FFB04271EB070354D23E4BA7
:102BD000301A67EB0101984271F100014FD23B4B73
:102BE00003EB0413D3E902239F4208BF96425ED051
:102BF00037494FF4803804F1500508FA04F8AD0065
:102C0000C1F848832046ADB203F060F826F07F4B50
:102C100005F1804504F5A87305F58835DC464FF0CD
:102C200003090293029A2CF07F4341F82230C1F845
:102C30004483D1F80435274A6FF00200C01A60447B
:102C400020F07F40904232D9286868B1D1F804352D
:102C50000393A3EB0B0020F07F40B0F5000F26D9C3
:102C6000204603F033F8039BBAF1000F07D109EBBC
:102C7000030C09F10109D5E7BAF1000F09D06FF093
:102C8000150520460199FFF741FF284605B0BDE82C
:102C9000F08F0123104ABFF35B8FA34052E8000F6F
:102CA000184342E800010029F8D1BFF35B8F0749C0
:102CB0000E98230101EB0412C8500F9B5360C2E928
:102CC00002670025DDE700BF0100800098000020BA
:102CD00000100140FDFF7F00540E00207FB51C4C0A
:102CE0001C4BC4F80833C4F848331B4B00254FF085
:102CF000FF304FF0FF31C4F80855C3E902014FF42B
:102D00008033C4F80433154B02264FF400320121FE
:102D1000C4F804631120C3F880212A46FFF75EF946
:102D20001120FFF72BF90E4A0123A36023601360E3
:102D30000C4B0D4A0093CDE9015500232846FFF7BF
:102D400035FF3046FFF7B0FB284604B070BD00BF2A
:102D50000010014003000F009800002000E100E097
:102D6000580E0020C52A0000FFFF7F002DE9F74321
:102D70002F4CD4F8043399070BD5D4F8043143B160
:102D80002C4A0023C4F80431D4F804311368013309
:102D90001360D4F80433DA032AD5BFF35B8F264BD4
:102DA00053E8002F22F0010143E800100028F7D17A
:102DB000BFF35B8FD30702D4D4F84031C3B10025F1
:102DC000C4F84051D4F84031FFF7CEFE4FF0200355
:102DD000EFF3118283F31288BFF36F8F174BD3E9A0
:102DE0000267B042B94106D282F31188BFF36F8FF8
:102DF00003B0BDE8F0834FF0FF384FF0FF39C3E96F
:102E00000289D3E900101D604FF48033C4F84833C1
:102E1000C4F84051D4F8403182F31188BFF36F8F6A
:102E20000029E5D0009032463B4628468847DFE738
:102E3000001001405C0E0020540E0020980000207D
:102E400030B5431C124C85B005D08442A8BF04465F
:102E5000012CB8BF0124FFF787FE0E4B0C4DD3E9C0
:102E60000013401AB0F5000F10D22218AA4228BF52
:102E70002A4652184FF0000007490091CDE90100A1
:102E800043F10003FFF792FE05B030BD2A46F0E79C
:102E9000FFFF7F00A8000020C52A000008B5FFF74B
:102EA00063FE024B1B68C01A08BD00BFA8000020CB
:102EB00010B5084C012363601120FFF76DF8064B35
:102EC000C4F80833C4F84833044B4FF40032C3F855
:102ED000802110BD0010014003000F0000E100E060
:102EE00030B5816885B0103921F00704054602F03D
:102EF000E2FB10220146684602F077FC07491022E7
:102F0000684602F067FC10236A462146284602F014
:102F1000A2FB003818BF012005B030BDEC780000DE
:102F200030B50D46816887B0102302AA10390446D7
:102F300002F07CFB002802DA012007B030BD10222D
:102F400002A9204602F029FF00283AD11E4910228A
:102F500002A802F02FFC00280CBF012302232B70D3
:102F6000204602F006FF012301460DF1070220462C
:102F700002F05CFB0028DFDB9DF8073003F00F0256
:102F80001B096A702B7101220DF10701204602F026
:102F900004FF10B96B78042B03D901236B70002355
:102FA0002B71A268183A22F00702083AA91C2046A1
:102FB00002F006FF0028BFD1E91C204602F059FFAD
:102FC000BBE70323CBE700BFEC780000F0B5354F3B
:102FD000460085B00546694657F8260002F04FFFC7
:102FE000044610B1FF2005B0F0BD013602A957F824
:102FF000260002F044FF012837D12B482A464921F8
:1030000002F006FB294B02938DF80C409DF80060FE
:103010009DF80870264C00222078314602F0AFFE61
:1030200050B36078394602F0AAFE28B3A378042B87
:1030300003D09DF8031099421ED1E378042B03D0EE
:103040009DF80B10994217D12379042B10D1627986
:10305000022A1DD1174B18482A46492102F0D8FAF6
:103060006079831E022BBED9BCE70028CED0B9E719
:103070009DF802109942EAD00132032A04F10604B5
:10308000CAD10E482A46492102F0C2FA0120AAE715
:10309000032A05D00A4B0B49042A08BF0B46DAE77E
:1030A000094BD8E7CC7700004C7F000003010303F5
:1030B000E17F00002E7F0000977F0000BB7F0000B3
:1030C000337F0000457F0000297F0000044B1B6810
:1030D000584043085B4240421843C017704700BF46
:1030E000600E00208842F0B504D0094F0438002556
:1030F000AA4200D1F0BD3E6850F8044F5E4024EA79
:10310000060451F825601E40344304600135EFE7A2
:10311000600E0020044B1B68584043085B4240424D
:103120001843C017704700BF600E0020F8B50E4668
:10313000C9880546144603F091F90746D0B92046E0
:10314000FFF7E8FF104B1A68B5F90430424023EA54
:103150000203B6F9042002401343AB800446034641
:10316000F28831682868FFF7BDFFF388E443EA88F6
:10317000934201D33846F8BD296851F823202240F4
:1031800041F823200133F2E7600E00202DE9F047DB
:10319000DFF83CA007468846164699460024DAF830
:1031A0000050DAF800305D4085EA090585EA040040
:1031B000FFF7B0FFC243D2B208EBC4013846FFF7B5
:1031C000B5FF10B90134A642E9D1BDE8F08700BFD0
:1031D000600E00202DE9F04F99B083460F46184647
:1031E00000211646039303F09CFA002800F0898121
:1031F000784B14930024012515AB039913933046A3
:10320000CDE90B45CDE90D45CDE90F45CDE911459A
:1032100003F010FAA04228DABBF1000F05D1E7B99C
:103220000024204619B0BDE8F08F2146584603F02F
:1032300089F904460028F2D00BA803F001F90DA883
:1032400003F0FEF80FA803F0FBF811A803F0F8F85C
:103250000C2115A800F02CFBE3E73146384603F0BB
:103260003CF904460028E7D1DAE731460BA803F021
:1032700034F904460028DFD103990DA803F02DF995
:1032800004460028D8D1F188ADF8385002310FA893
:10329000ADF8305003F0E2F804460028CCD10146E6
:1032A0000FA803F04FF904460028C5D1F18811A8F2
:1032B000023103F0D3F804460028BDD10DA803F075
:1032C0006DF900F01F001F2873D0C0F11F031946CD
:1032D0000BA8019303F088F904460028ACD10199AA
:1032E0000DA803F081F904460028A5D1BDF832509D
:1032F000BDF83A80A5EB080A4FEA4A1949460DA8DD
:1033000003F072F90446002896D14FEA8A0A0DA903
:103310000BA803F0BEF900284DDA49460DA803F0CA
:1033200080F90446002887D108F1FF3305939B00FC
:1033300005F1FF3A069305F1804508F18043023B11
:10334000013D9B00A5EB08050893AB000293059B8C
:103350009A4541D8BBF1000F0DD00FA9584603F094
:10336000BCF8002840F0C980039AB388928813FB08
:1033700002F3ABF80430002F3FF45EAF01990BA8C5
:1033800003F04FF9002840F0B880B388ADF8303032
:103390000BA9384603F0A1F80146002840F0AF80A1
:1033A000384603F0BEF900287FF446AF0123BB8006
:1033B00042E701949AE70F9A52F80A300BA90133B9
:1033C00042F80A3008460DAA03F091FA0446002894
:1033D0009DD031E7010003000D9B069A049313442E
:1033E000DDF82C900793049B59F82A109A580F9DEA
:1033F0004FEA8A08A8F104030993029B91421D44F5
:1034000076D2A8F10400002359F80000FCF766FE0C
:10341000002914BF4FF0FF330346BAF1010F2B60B0
:1034200016BF09EB0803002353F8083C1593A8F1D5
:10343000040359F80330169359F8083017932B6892
:10344000DDF8108001332B60089B98442B68013B0A
:103450002B60002111A803F075F800284DD1059BC1
:10346000002B48D0D8F80020119B1A60079A1268E8
:103470005A6011A92A68084603F03DFA00283CD199
:1034800013A911A803F005F90028DFDC2A680DA9AB
:1034900011A803F030FA80BB029B4FEAC3084146F3
:1034A00011A803F0A1F840BB0BA9084611AA03F02C
:1034B0001EFA014618BB0BA803F033F9002812DAF4
:1034C0000DA911A803F009F8B8B9414611A803F0F5
:1034D0008BF890B90BA911AA084603F005FA60B958
:1034E0002B68013B2B60029B0AF1FF3A043B2DE75E
:1034F0004FF0FF3391E7059AB6E704469CE60C4689
:103500009AE66FF00B048CE62DE9F84F9246194AC3
:103510001568454006460F46ED43002B14BF9946FB
:10352000894600240A9B04F10408434504D20A9BFF
:103530009C4214D3BDE8F88F0AEB040003F03EFC74
:1035400000EA060B09EB040003F038FC00EA050171
:1035500041EA0B01381903F03CFC4446E2E71AF853
:10356000043019F8042033402A4013433B550134FA
:10357000DDE700BF600E0020082804D009280348BA
:1035800018BF002070470248704700BFF37F00005B
:10359000F67F000001680E4A9142034615D1C169C9
:1035A000A2F11022A2F1EF1291420ED18268012AFB
:1035B0000BD8C26812B101698A4206D0586928B195
:1035C0009B691B1A5842584170470120704700BF41
:1035D00055AA00FF70B50D4B9E68A6B13046FFF7A7
:1035E000D9FF044678B9F3686BB935690DB920463F
:1035F00070BD2846FFF7CEFF28B9EB68B34202D171
:103600002E462D69F2E70124F1E700BF640E002089
:103610002DE9F8433F4F3C68D4B1BC68C4B10028E1
:103620004AD0002948D001FB00F5B5FBF0F08842F4
:1036300042D1281D40D8A9070DD025F00306043635
:10364000FC6803E06368B34238D2A469002CF9D166
:103650002046BDE8F8832E46F2E7FB6041E006F124
:1036600020016318203A5A600022C3E902242A4844
:1036700022691A6160502949D96102B1D360626937
:103680005A61A1699961AAB193619A6902B15361C2
:103690004FF00109C4E9016923610023C4E905333E
:1036A0003B69DB072ED5FFF795FF58B31C4B484607
:1036B0001B6826E0FB60E8E70024C9E7A3681BB1AC
:1036C000174B01201B6898476268921B232A04F15C
:1036D0002008C4D80123A360D4E90523002ABCD064
:1036E0009361A3690BB162695A610023C4E9053390
:1036F0003B69DA0706D5FFF76DFF18B1084B1B6869
:10370000012098472A4600214046444602F06DF8C1
:103710009EE700BF640E002055AA00FF669911EED7
:103720001400002070B50546002800F08880444E43
:103730003368002B00F08380B268002A7FD0834278
:1037400003D872681344984203D33E4B01201B6890
:103750009847A5F120042046FFF71CFF18B1394B0C
:1037600001201B68984755F8183C012B03D0354BB6
:1037700001201B689847002345F8183C55F8143C75
:103780003BB39A682ABB55F81C2C02F120015A68F9
:103790000A445A6055E905321A6155F8145C2B69E0
:1037A00003B1DD6020220021204602F01EF82869C6
:1037B00010B18368002B2ED033699B073FD5FFF7EC
:1037C00009FF00283BD01F4BBDE870401B6801205B
:1037D000184755F8100C00282AD0836843BB42686C
:1037E000636813442033636003692361D4E90523CC
:1037F0009AB9CBB9436963618269A261B3B19C6133
:10380000A36903B15C61236903B1DC60202200215C
:1038100001F0EBFFD0E72C46E1E79361A369002BB1
:10382000E8D062695A61E5E7F360F7E7F460E7E73B
:10383000F36845F8083C03B15C61F460BCE770BD17
:10384000640E00201400002038B514220C460546F2
:103850000021134801F0C9FF1249134800F040F855
:10386000232C1CD915F003031FBF043CE418C3F13B
:103870000403ED1822460021284601F0B6FF084B4C
:103880000A499D60C3E90054203C6C609A6811604D
:103890009A68DA60A1F11021A1F1EF11D16138BD70
:1038A000640E0020253700001136000055AA00FFE5
:1038B00010B50A46044619B1024B00211B6898470F
:1038C00010BD00BF10000020014B1B68184700BF4F
:1038D0001C000020014B1B68184700BF1800002087
:1038E000024B1860024B0020196070471C0000203A
:1038F00018000020F8B500F1080647680446304675
:103900000D4602F04FFE87424BD16368B3F5807FCE
:1039100047D80021304602F004FF002841DD002195
:10392000304602F02BFEE0B345B9294604F1100001
:1039300002F0F7FE002834DD0020F8BD04F1200578
:103940000021284602F0EDFE00282ADD002128464D
:1039500002F014FE28B304F128050021284602F0E5
:10396000E0FE00281DDD0021284602F007FEC0B160
:10397000002104F1100002F0D4FE002811DD002126
:1039800004F1300002F0CDFE00280ADD002104F130
:10399000380002F0C6FE002803DD002104F14000DB
:1039A000C6E70148C9E700BF80BFFFFF012938B55E
:1039B0000546144601D0074838BD22B90123C5E9A0
:1039C0001C340020F8E71046FFF7D6FD0028F5D19B
:1039D000F1E700BF00BFFFFF70B500210446FFF70D
:1039E00089FF054610B10E4D284670BD04F108064A
:1039F000304602F0D3FD7F28F5D910342946204601
:103A000002F0BCFD0028EED0204602F0C7FD0128E0
:103A1000E9D93146204602F03CFE0028E4DBE2E72B
:103A200000BEFFFFF0B50C4685B0002105461646E6
:103A3000FFF760FF002839D102A802F0FCFC214604
:103A40006A6802A802F0B4FD044618B102A802F0A8
:103A5000F7FC0CE005F10804214602A802F019FE6B
:103A6000002807DB02A802F0EBFC6FF00304A4F5CA
:103A7000854418E005F1480302A96F68009305F139
:103A800010022346084602F099FF04460028DDD1C3
:103A90003A46314602A802F0A1FD044602A802F00F
:103AA000CFFC002CE3D1204605B0F0BD004CFAE776
:103AB00080BFFFFF01292DE9F041034641D8224A8A
:103AC000224F2348234E244D244C9966002918BFC9
:103AD0009046234A18BF964602F1794202F57402D5
:103AE00002F5016218BF94461E4A18BF17461E4AC7
:103AF00018BF164602F1D14208BF804602F5C01237
:103B00001A4802F51E620CBF864615461848194A27
:103B10000CBF844614461848A2F11162A2F50C228B
:103B2000A2F28E2218BF02460020C3E91000C3E9AA
:103B3000128EC3E914C7C3E91665C3E91842BDE88C
:103B4000F0816FF07300FAE7D89E05C13AF54FA5F2
:103B500067E6096A7F520E518C68059BABD9831FBB
:103B600007D57C3639590EF7310BC0FF85AE67BBE0
:103B700072F36E3CA78FF964A44FFABE2DE9F04FA3
:103B8000CDB000F1640300F144070DF58679009390
:103B900001914A463B4653F8041F42F8041F00991E
:103BA0009942F8D102ADDFF800A14FF000082C4691
:103BB000B8F10F0F61D8019B03EB880003F0FEF80A
:103BC00003F0A7F90146A960D4E94763D4F81801C6
:103BD0005AF804CB73404FEAF022D4F8206182EA0D
:103BE000B012034082EA706273401344D4F8242177
:103BF000D4F81061134463440B44D4E9421E4FEAE5
:103C0000713C41EA0E0232408CEAB10C01EA0E0B23
:103C100042EA0B028CEAB15C9444D4F81421D4F843
:103C20002061C4F824611A44D4F81C61C4F8182136
:103C300008F10108D4F81021C4F804C06344B8F1B5
:103C4000400FC4E94706C4E944E2C4E942312360B5
:103C500005F10405ACD157F8043F59F8042F13447B
:103C60003B60009BBB42F6D102A84FF49471FFF772
:103C70001FFE00204DB0BDE8F08F2B6855F8382CA2
:103C800055F8340C4FEAF34181EA734181EA9321FC
:103C900055F8143C134419444FEAB04383EAF01337
:103CA00083EAD00319448EE7D47700004FF07043C5
:103CB00093F8E02F062A09D1D3F8E83FC3F30313A2
:103CC000033B042B02D8024AD05C704700207047A7
:103CD00008800000024AD2F80034002BFBD0704765
:103CE00000E0014010B503F0E2F940B14FF080531D
:103CF0008E4AD3F82433C3F30423C2F84035FFF7C8
:103D0000D5FF10B18A4B8B4A5A6703F0D0F948B1FE
:103D10004FF080534FF08042D3F84432C3F3423324
:103D2000C2F83C35FFF7C2FF30B1834AD2F8FC300D
:103D300023F08073C2F8FC3003F0B9F940B14FF0C2
:103D400080430022C3F80C21C3F81021C3F83825A2
:103D5000FFF7ACFF20B14FF080430322C3F8A0254A
:103D6000FFF7A4FF60B1754B0522C3F810260122AE
:103D7000C3F888260022C3F818263F22C3F8142669
:103D80004FF08053D3F83021511C09BF4FF07043DE
:103D9000D3F8343193F8E02FD3F8E83F08BFC3F3EA
:103DA0000313062A4DD1033B042B03D8644AD35C8A
:103DB000002B46D04FF08052624BD2F80414C3F867
:103DC0002015D2F80814C3F82415D2F80C14C3F83F
:103DD0002815D2F81014C3F82C15D2F81414C3F80F
:103DE0003015D2F81814C3F83415D2F81C14C3F8DF
:103DF0004015D2F82014C3F84415D2F82414C3F89F
:103E00004815D2F82814C3F84C15D2F82C14C3F86E
:103E10005015D2F83014C3F85415D2F83414C3F83E
:103E20006015D2F83814C3F86415D2F83C14C3F8FE
:103E30006815D2F84014C3F86C15D2F84424C3F8BE
:103E4000702503F034F948B14FF080534FF08042B1
:103E5000D3F8583203F04F03C2F8E43E03F027F9D9
:103E600048B14FF08043D3F80024D20744BF6FF02D
:103E70000102C3F800244FF08053D3F83021062A02
:103E800026D1D3F83431033B042B02D82E4AD35C1D
:103E900063B12E4AD2F83C3743F48063C2F83C3712
:103EA0004FF08053D3F83031062B11D14FF08053AF
:103EB000D3F83431033B042B02D8254AD35C3BB101
:103EC0004FF01023D3F808224FF08043C3F8582551
:103ED0004FF01023D3F80022002A03DBD3F804327A
:103EE000002B22DA1B4901234FF01020C1F80435C2
:103EF0001524FFF7EFFEC0F80042FFF7EBFEC0F815
:103F00000442FFF7E7FE0023C1F80435FFF7E2FEA5
:103F1000BFF34F8F0849104BCA6802F4E0621343A5
:103F2000CB60BFF34F8F00BFFDE710BD00300140F5
:103F300000C007400DF0ADBA00ED00E000500040B9
:103F40000380000000C00040FE7F00000010004021
:103F5000F97F000000E001400400FA0530B5046874
:103F6000CCB1BFF35B8FB4FA84F3C3F11F03DBB2B0
:103F700001229A4024EA020250E8005FA54204D1DF
:103F800040E8002CBCF1000FF6D1BFF35B8FE6D107
:103F900002480B7030BD0248FCE700BF0000AD0BCB
:103FA0000200AD0B10B50368CB40DB0714D401232E
:103FB0008B400268BFF35B8F43EA020150E8004F79
:103FC000944204D140E8001CBCF1000FF6D1BFF3CD
:103FD0005B8FEED1014810BD0148FCE70000AD0B3E
:103FE0000400AD0BF7B5044618B1012823D003B087
:103FF000F0BD4FF080430222C3F808230122DA60AB
:10400000C3F80401D3F80431064601238DF80730C4
:1040100042F210754FF08047D4B1012CE7D1D7F8A8
:104020000C3403F48033AEBB83B3012003F04EF8AD
:10403000013DF4D12AE04FF080430022C3F8080389
:104040005860C3F80021D3F800310DF10706DCE712
:10405000D7F8183403F480333EB9002BC7D00120C1
:1040600003F034F8013DF3D1C1E7D7F8182402F08A
:1040700003023260002BBAD09DF80700012803D15B
:1040800003F024F8013DC7D1012CB0D1054B00222B
:104090005A71ACE7D7F80C2402F001023270002B01
:1040A000EAD1F3E7780E0020054B1A792AB99A7104
:1040B000012218609A80034870470348704700BF88
:1040C000780E00200000AD0B0C00AD0B08B5074BBF
:1040D0001B682BB10020FDF773FF08B9FDF74EFFF9
:1040E0004FF080430022C3F8182508BD780E002049
:1040F00038B5B0B1012851D14FF080420023C2F849
:104100000031D2F800212E4A03F1804301211960C9
:104110002C4B1B68002B4CD04FF08043C3F804039A
:104120003CE04FF08043D3F81814D3F81824CC03A4
:1041300026D5900702D00020FFF754FF4FF08043B0
:104140000022C3F81825C3F804211F4AD3F804310C
:10415000D2F8FC0040F08073C2F8FC301B4B1C68A6
:1041600044F0010119605D685968491BB1F50A5FA7
:10417000FAD31C60C2F8FC000823154A0220C3E7EA
:10418000D3F81424D107D9D5D3F81C249207D2D15F
:104190000C4A12681AB10222C3F8042338BDD3F8BE
:1041A0000421002AFBD00022C3F80421D3F80431F3
:1041B000F4E71368002BFCD0002313601368EDE7CD
:1041C00000010040780E002000ED00E0001000E04B
:1041D0000401004010B54FF08043D3F800216AB1CC
:1041E0000022C3F80021D3F800210122C3F80823DC
:1041F000184B587910B95A711B6898474FF0804393
:10420000D3F804215AB10022C3F80421D3F80421C1
:104210000222C3F808230F4B01201B6898474FF078
:104220008043D3F80C21A2B1D3F80423120710D590
:104230000022C3F8342CC3F80C21D3F80C11082148
:10424000C3F80813034B9A71BDE810401B680420A3
:10425000184710BD780E002070B500F108030C4C13
:1042600034F81330DA0505460E4607D5C3F3432369
:1042700004EBC30254F8333052689847A3682BB15B
:10428000E26831462846BDE87040184770BD00BF5F
:104290002000002010B4C0B2114A083032F81030AB
:1042A000D9051BD5C3F3432123F4F85322F810306A
:1042B00002F10E04002034F8023F13F4807F03D093
:1042C000C3F34323994209D001302028F3D10023BE
:1042D00042F83130034810BCFFF764BE10BC704791
:1042E0002000002078000020F0B50546002004469C
:1042F000012607468C420BD1114BD3F87C2132B1F9
:104300000022C3F87C21D3F87C3140F00040F0BD9E
:10431000E3B29B0003F580729B0806FA03F31D428B
:104320000BD002F1804202F5C042D2F800C0BCF1CD
:10433000000F02D01760126818430134DAE700BF9B
:1043400000600040CBB20246083308460C4931F801
:104350001330990611D599070FD410685B0B012112
:104360009940C0F80813126802EB8303D3F81025B4
:1043700022F00302C3F810257047002102F0FDBEB1
:1043800020000020F7B5CDB2174E0835074636F8A5
:104390001530DB070C4624D5FFF7D4FF36F815306F
:1043A0009A0606D55B0B3A6803F5A273002142F822
:1043B00023102046FFF76EFF002301A826F81530D2
:1043C000019402F087FE019B00EB8300074BD0F8BD
:1043D0000027134043F00203C0F80037044803B03D
:1043E000F0BD0448FBE700BF20000020F0F8FCFF10
:1043F0000000AD0B0400AD0B2DE9FF41136807462B
:104400000C461546FBB1CEB2DFF83C81083638F8D1
:10441000162002F02202222A22D00022CDE9002218
:104420008DF80E208DF80F200DF10E010DF10F0209
:10443000204602F059FE38F8163023F0020343F00C
:10444000010328F816306B684BB393F800C05A6824
:104450003D4EE3B2083336F81310880702D5B2B1E7
:104460003A481FE021F02001C904C90C26F81310B6
:104470006AB1BCF1030FF3D86A68386852681278E1
:10448000BCF1000F11D102F5A27240F822C036F83B
:10449000132022F01C0242EA8C0226F81320AB689B
:1044A00043BB2B4804B0BDE8F08100EB820041EA39
:1044B0004231D0F810E52EF0030EC0F810E53F6849
:1044C00007EB820741F02001D7F8100526F81310FA
:1044D00020F4473020F44070C7F810052002D7F8C8
:1044E00010E500F4F85040EA0C4040EA0E00C7F82E
:1044F0001005CCE7D3E900672046FFF7CBFE002E7E
:10450000CFD0114DD5E90023964203D19F4201D16E
:10451000002209E00F480DF10F01FFF71FFD0C4BC2
:104520009842BFD19DF80F2045F83260E4B205EB08
:10453000C20308345F6035F8143043EA422343F481
:10454000807325F81430ACE7200000200400AD0B88
:104550000000AD0B780000202DE9FF4107460C4616
:104560001E4612B3CDB2DFF8D080083538F81530CA
:10457000980701D4990621D413F01C0F02D0537868
:10458000012B1BD001238DF80F300023CDE9002330
:104590000DF10F01931C2046013202F0A5FD38F801
:1045A000153043F0030328F81530002E42D0E1B255
:1045B000214D083135F81120930703D41F4804B06A
:1045C000BDE8F08196F800E0D7F800C022F02002A4
:1045D0000EF5A270D2040023D20C4CF8203025F83E
:1045E000112096F801C0BCF1000F23D03868B678CE
:1045F00000EB8E004FEA0C4CD0F8103523F49813E2
:1046000023F4F853C0F81035230203F4F8530CF4E4
:10461000403C3605D0F8107543EA0C0306F48016CA
:1046200042EA4E32334342F020023B4325F8112048
:10463000C0F810350248C2E7200000200400AD0B8E
:104640000000AD0B014BC3E90212704720000020AF
:10465000C9B20831044B33F81130990643BF5B0BE4
:104660000248137002487047200000200000AD0B84
:104670000400AD0B70B5184E96F8604005464CBB73
:104680002146402206F1100001F0AFF82D68306D90
:104690002146884212D10023C5F87C3145F307300A
:1046A000D5F87C31FDF76AFC4FF00043C5F80433C0
:1046B0000A48012386F86030B36570BDCBB29B0019
:1046C00003F580727C2B08BFAC5001F1010108BFDB
:1046D000AB58DEE70248F0E7200000200000AD0BF9
:1046E0000C00AD0B034B93F86000003818BF01209D
:1046F000704700BF200000200148FFF753BC00BFF7
:10470000740000200148FFF729BC00BF740000209E
:1047100073B5CBB20C4608331D4931F813309906F6
:104720001AD513F0020617D15B0B9C00056804F53F
:1047300080716E50695801682144D1F8104544F0E9
:104740000104C1F810452AB10168012202FA03F3FD
:10475000C1F8043302B070BDC3F38203042B12D03E
:10476000052B12D001A8019402F0B4FC019AD0F8F4
:104770001035D34003F00103991C204602B0BDE878
:10478000704002F0FABC0321F7E70221F5E700BF11
:10479000200000202DE9F347544B554FD3F8040374
:1047A000396DC0B240F00040FFF79EFD051E18DADB
:1047B0000023F96D0093684602F0EEFC4FF001080B
:1047C00097F85C30DA075AD4396D4FF00040FFF7A4
:1047D0008BFDF96D684602F0DFFC0028F0D125F072
:1047E00000450124002D69D102B0BDE8F08794FA9C
:1047F000A4F4B4FA84F4E00804F1080304F0070216
:1048000037F813901DF80030019408FA02F223EAF9
:1048100002030DF8003001A802F05CFC019B03F5D7
:10482000E0734FEA990150F82360C9F3820A4B07FD
:10483000D146C6F3014626D520465146FFF70CFD6A
:1048400001A8019402F046FC019B03F5E073F6B267
:1048500050F82330C3F301439E4207D10021204684
:1048600002F08BFC3146204602F087FC01A801943F
:1048700002F030FC019B08FA03F3C0F82035009CDD
:10488000002CB4D1A0E7022E0CD10321204602F067
:1048900074FC0AF00503012BE8D149462046FFF7D6
:1048A000DBFCE3E70221204602F067FCBAF1030FCC
:1048B000F3D0032EDAD1BAF1020FEDE795FAA5F3A2
:1048C000B3FA83F304FA03F29B0003F1804303F588
:1048D000C04325EA0205D3F81005D3F81015C0F33C
:1048E0000420C1F30141FFF7B7FC7BE70060004003
:1048F00020000020044AD2F80034DB07FBD5016019
:10490000BFF35F8F704700BF00E001404FF080535E
:104910001A69B0FBF2F302FB130373B9084B0222CE
:10492000C3F80425C3F80805D3F80024D207FBD543
:1049300000220448C3F8042570470348704700BFAD
:1049400000E001400000AD0B0A00AD0B10B5054CB6
:104950000123C4F80435FFF7CDFF0023C4F8043564
:1049600010BD00BF00E0014030B5044602200873CE
:104970000A6120680125C0F800554D682068FDB126
:1049800012F0100F0CBFB2253225C0F800539B0067
:1049900012F08000256803F108034FF0010211D0E6
:1049A0001D440D6023799A40074B92B2C3F804234B
:1049B00020798000C0B200F1804000F5C03030BDE9
:1049C0003025E2E7EA50FAE70080014070B50B4C71
:1049D0000679182505FB06456B6833B90068022186
:1049E00002F00BFC08B101232B73182303FB0644D0
:1049F000207B023818BF012070BD00BF800E002050
:104A00002DE9F0410B7FBBB34C7F0F8B91F815C0A4
:104A100091F816E08A7E91F81B8003685CB9D1E9B1
:104A20000065D1E90241C3F86065C3F86455C3F875
:104A30006845C3F86C1542EA0822C3F80CC5C3F8F0
:104A400004E5C3F80875C3F8102500680023C0F812
:104A50001031D0F81021C0F80831D0F80821C0F882
:104A60000C31D0F80C3140F30730FDF787FABDE880
:104A7000F0411820FDF782BADFF87CC00C1F01F16D
:104A8000100501F10C07012654F8043F5A1C20D0F0
:104A900095F800E003F01F024FEA5318BEF1000F33
:104AA0001CD0B8F1000F03D00023C3F80835FFDE97
:104AB0004FF0A04E06FA02F2CEF808259B0003F153
:104AC000A043D3F8002702EA0C0242F00302C3F825
:104AD0000027BC4205F10105D6D195E7B8F1000FDA
:104AE00006D14FF0A04E06FA02F2CEF80C25E5E70B
:104AF000CEF80CE5DBE700BFF0F8FCFFF8B50D4D94
:104B00000779182404FB075494F80CC0BCF1000F7B
:104B10000DD1C4E9012319B10B7F2375FFF770FF95
:104B2000182303FB0755044801232B73F8BD0348E2
:104B3000FCE700BF800E00200000AD0B0C00AD0BA9
:104B400070B40C460179266815461A461A4B01EBDB
:104B5000410103EBC1010368C3F82065A688C3F8CF
:104B60002465A668C3F82865E668C3F82C65036861
:104B70002668C3F84065A688C3F84465A668C3F8EC
:104B80004865E468C3F84C45046805F0010303EB8D
:104B90005505C4F81455D4070CD412F0020403D000
:104BA000002B14BF082404240568C5F8004270BC1B
:104BB000FFF7DABE1024F7E7800E002038B503684F
:104BC00005790022C3F800220368012204465A60D6
:104BD00071B12046FFF7FAFE0028FAD023680022C0
:104BE000C3F80025054B182202FB053301221A7376
:104BF0002046BDE83840FFF7E9BE00BF800E002028
:104C0000134BD3F8002142B10022C3F80021D3F89E
:104C10000021104A126801211160D3F8042142B129
:104C20000022C3F80421D3F804310A4B9B69012206
:104C30001A60074BD3F8082142B10022C3F80821BB
:104C4000D3F80831034B1B6B01221A60704700BF79
:104C500000800140800E00200149024802F0F7BAAE
:104C6000800E002000C001400149024802F0EFBA66
:104C7000980E0020001002400149024802F0E7BAF5
:104C8000B00E00200020024010B5144CA8220021D4
:104C9000204600F0AAFD03232361114A6361114BF2
:104CA000A261E3614FF4806323620023A362636225
:104CB000E36222660C4A62661022A2662367E366FC
:104CC0006367BFF35F8F094A12F8011DE154013396
:104CD000102BF9D1BFF35F8F10BD00BFC80E0020AD
:104CE0000D80000086280020762800202680000005
:104CF000104B70B553F82040013053F82060A642A5
:104D000000D870BDD4E9003595B153B12846984715
:104D100038B10028B8BF4042EB68FF28A8BFFF2089
:104D20001870EA68537843F0010353700834E6E7DB
:104D30009847FBE7D478000008B5094B012203200F
:104D40001A70FFF7D5FF00F01FF90420FFF7D0FF1E
:104D5000FBF72EFB034A137B23F00103137308BDFB
:104D6000862C0020B800002008B50348034A002123
:104D7000121A02F0C9FA08BD98000020882C002001
:104D800008B50020FFF7B4FF184B83F30888184CD0
:104D9000636943F4007363610025E02384F82230E3
:104DA000E57725766576A57684F82050636A43F426
:104DB000E023636284F82350FDF73EF8FDF770F9B5
:104DC0004FF0FF33A362E362FDF7DCF9FDF79AF9D8
:104DD00002F07EFA0120FFF78BFF0220FFF788FF29
:104DE00004482B462A462946FDF742F900350020A3
:104DF00000ED00E0394D000008B50648064A0749B5
:104E0000121A02F083FABDE80840054A054906482F
:104E100002F07CBA000000209800002058800000BA
:104E2000000000005880000000000020034B1B68B9
:104E30000BB9FEF733B80020704700BF700F002099
:104E400010B50E4B1C689C4204D1FFF7EFFF6FF0CA
:104E5000004010BDFFF7EAFF002CF8D0D4E904327F
:104E60001B1A62EBE072B3F1004F72F10001EEDA4F
:104E7000002AACBF18460020EBE700BF84000020EA
:104E800030B570B10B4B5B6898420AD0036843B1F0
:104E9000D3E90421D0E90445121941EB0501C3E926
:104EA0000421D0E9003213605A600023C0E90033C6
:104EB00030BD00BF840000202DE9F84F4FF02003E3
:104EC000EFF3118C83F31288BFF36F8FDFF8ACA080
:104ED000DFF8AC902B4FC9F80000DAF8000000248E
:104EE000504508BF00200025D7E90021D9F800303F
:104EF000E04680B3D0E9046C4FEAE37EB3427EEB38
:104F00000C0B05DAF61A6CEB0E04C0E9046422E01F
:104F1000B21841EBE671C0E90445C7E90021FFF78B
:104F2000AFFF88F31188BFF36F8F836898474FF006
:104F30002003EFF3118883F31288BFF36F8FD9F842
:104F40000030DAF800009B1B5045C446C9F8003019
:104F5000CAD1D7E900219A1841EBE3730024C7E9CD
:104F60000023C9F80040FFF76BFF2146FDF768FFFB
:104F700088F31188BFF36F8FBDE8F88F840000209D
:104F8000700F002038010020014800F05ABA00BF1D
:104F90002780000070470020704730B583688B423F
:104FA00085B0044615460ED96368C068194401AA45
:104FB00000F02CFD28B96268019B9B1A2B60029BB4
:104FC0006B6005B030BD6FF02100FAE72DE9F743C3
:104FD0000E4617469946044628B94FF0FF3840461A
:104FE00003B0BDE8F0830029F7D0002AF5D0CB68E4
:104FF0000D891D4404230DEB03022946384600F0B9
:1050000015FB80460028E8D1BDF80410738946F6E8
:105010000812914225D1BDF806109942DDD1042332
:105020000DEB03022944384600F000FB0028D4D1E0
:10503000BDF8042046F607139A42CED1C4E90067B2
:105040009DF82830A4F80890A3727389BDF8062053
:105050002B44E360738913442B4404356361256159
:10506000BDE7002BE4D0B8E72DE9F3410E46174623
:105070001D46044620B94FF0FF3002B0BDE8F08174
:105080000368002BF7D04368002BF4D04FF6FF786D
:10509000D4E904239A4216D223685B8923B1E368DA
:1050A000934204BF043323610423216960680DEB3C
:1050B000030200F0BBFA0028DDD1A37A2BB1D4E9BA
:1050C00003329A4201D30120D7E72389BDF80610A5
:1050D000434501F1040203D0BDF804C09C450BD147
:1050E00015B1BDF804302B80236904333360398057
:1050F000236913442361C0E7236913442361C7E78D
:1051000000F058BB4FF4C07358433030704710B5AF
:10511000044600F0C9FAA3684FF4C072303B02FBAA
:10512000103010BD70B50D46044600F022FE2A4630
:10513000A0F1080104232046BDE8704000F076BAD3
:1051400013B50446019100F014FE0423A0F10801F8
:105150000DEB0302204600F04FFE02B010BD70B50B
:1051600013460E461546002102460446FBF780FE14
:1051700050B92B4604F12C0201212046FBF778FEA2
:1051800010B1002E08BF002070BD73B5044600208A
:105190000D461646FBF78CF96946C0B2FCF7B0FC29
:1051A00030BB2C2303FB05440098E36825891D448C
:1051B00004230DEB0302294600F038FAC0B9BDF80C
:1051C00004206489009846F608139A4215D1BDF868
:1051D00006309C420CD104230DEB0302611900F050
:1051E00025FA28B9BDF8042046F607139A4207D0DD
:1051F000009800F01AFA02B070BD002CF2D0F7E768
:10520000BDF80610214429443160F1E737B5044662
:10521000426A802501A902200195FCF799FC58B942
:10522000019B226DA36201A905200195FCF790FC6A
:10523000054628B1092500E00125284603B030BD08
:10524000019B206A636500F02FFAE065F5E7012312
:10525000036003F1012343600023C0E90233704778
:105260004379012B07D10368012B04D10079431E38
:10527000584258417047002070477FB506460D469A
:10528000022001A9FCF73CFC38BB0198FFF73FFF67
:10529000F16D0446284600F0BFF80444019800F080
:1052A00003FA0646019800F006FA082201460DEBC3
:1052B000020000F09AFA2B798DF808302146019807
:1052C000334602AA00F0C7F9041E019818BF012452
:1052D00000F0ABF9204604B070BD0124FAE700F0FD
:1052E000CFB92DE9F8430E46002107460846FBF7E3
:1052F000DFF8012104460020FBF7DAF833789C42FE
:1053000021D0984221D101252C2303FB0575F86D8E
:10531000AC6AFFF7F7FE013C07464FF000086B6AE6
:1053200003EBC40253F83410D2F804901B684A46C9
:10533000C91A3046C844FFF7D2FFB84504F1FF341C
:10534000EDD3BDE8F8830025DEE70120F9E737B5A6
:1053500015460C460520694600F091FDE9790129C2
:1053600003D00022204600F09EFD9DF80330012B63
:1053700002D1204600F076FDA9682046FFF7E0FE46
:105380002046FDF7ADFD002003B030BD73B50D46DE
:105390000646FBF76DFE0446E86050B302282DD1A7
:1053A00001A9FCF7ADFB58BB01982A463146FBF733
:1053B000C5FD0446D0B9019800F0DBFC012301468D
:1053C0000DF10302019800F031F90446A0B90198EB
:1053D00001220DF1030100F0E0FC10B101238DF872
:1053E00003309DF8033003F00F03EB71019800F0D8
:1053F0001CF9204602B070BD0124F7E70724F8E746
:105400000124F6E7436A00205A68034613448B429E
:1054100000F10100FAD3704710B543790279012BEE
:1054200014BFCB01002302F1FF3201FB02330268FB
:1054300014BF4C000C46013A04FB023010BD0020A2
:1054400070470FB407B504A951F8040B0191FCF79C
:1054500013F803B05DF804EB04B07047038B13F04E
:10546000070305D10368002B0CBF00200320704701
:10547000022B05D1408BB0FA80F0400980007047C4
:10548000012B05D10368002B0CBF002005207047BD
:105490000020704710B50C4600B111B96FF015002F
:1054A00010BD081D00F095F80028F9D1A368032B62
:1054B000F6D9F3E72DE9F0410D4607461946281DB8
:1054C00090461E4600F096F8044638B133464246F0
:1054D00029463846A446BDE8F0416047BDE8F08162
:1054E00010B44FF02004EFF3118284F31288BFF35D
:1054F0006F8F416110BC0121FBF7CCBF38B50C4662
:10550000054658B151B10B6843B14B6833B11C2209
:10551000002100F06AF92C61002038BD6FF0150001
:10552000FBE770B505460E46FFF7B4FF041E15DB1A
:105530004FF02003EFF3118283F31288BFF36F8FD4
:105540006B8B2C8B4FF6FF718B4204F0070407D155
:1055500082F31188BFF36F8F6FF00A04204670BD8D
:10556000022C0CD101336B8382F31188BFF36F8F50
:105570000023224631462846FFF79CFFEEE7062C23
:1055800014D8DFE804F004131313041A04000023F2
:1055900033606B683BB9C5E90066ACB902212846A7
:1055A000FBF778FFDAE71E606E60F6E782F311889A
:1055B000BFF36F8F6FF00404D0E782F31188BFF35D
:1055C0006F8F6FF08504C9E782F31188BFF36F8F87
:1055D000C4E7034658B1426802F00302012A03D02F
:1055E000032A04D1026812B10020986070476FF05E
:1055F000150070474268816002F00302032A4FF0F1
:10560000000203460CBF006810465A60704770479E
:105610000FB407B504A951F8040B0191FBF72CFF57
:1056200003B05DF804EB04B070477047002930B454
:10563000044618460BDBA5680844A84207D8E06872
:105640006468214484682468A44630BC60476FF0D5
:10565000150030BC7047002930B4044618460BDBF7
:10566000A5680844A84207D8E068646821448468B3
:105670006468A44630BC60476FF0150030BC7047CA
:105680000029034610B410460ADB9C680844A04277
:1056900006D8D8685B681944836810BC9B681847B3
:1056A0006FF0150010BC704708B5C0688368DB68F0
:1056B0009847006808BD08B5C0688368DB689847EC
:1056C000007908BD70B54C680368A34201D201207F
:1056D00070BD8A682244934201D30020F8E7D1E9E3
:1056E00003254E69B54203D36FF00B038B61F4E7DA
:1056F0001B1B42F835304368086902EBC002536057
:105700000B6901330B61E2E701F0EEBD0146006871
:1057100001F0EABD08B5FCF74BFABDE80840FCF71C
:105720004BBA00210120FFF7EFBF202809D9B0F1C3
:10573000004F08D80138B0FA80F0C0F11F004000D7
:105740007047082070473E2070472DE9FF410E4604
:105750009846144605460027B74220DA6868C8B163
:10576000B8F1000F07D0431E184216D11F2814D9D4
:105770002A68134211D12B680193FFF7D6FFAB685B
:1057800003430393E3B2072B07D8204601A9FCF794
:10579000C5FC013401370C35DEE76FF015042046F7
:1057A00004B0BDE8F081034600201A5C02B97047DE
:1057B0000130FAE710B55AB10139841810F8012BFD
:1057C00011F8013FA04201D09A42F7D0D01A10BD83
:1057D0001046FCE710B5431E0A44914200D110BDAB
:1057E00011F8014B03F8014FF7E7C9B20244034631
:1057F000934200D1704703F8011BF9E70369C9B26E
:105800000C2201FB0233186C00F0070070474FF0C8
:105810002003EFF3118283F31288BFF36F8F0368C5
:1058200003F0C00343F00203036082F31188BFF367
:105830006F8F704770B5C9B203694FF02004EFF362
:10584000118584F31288BFF36F8F0C2606FB013499
:10585000246C14F0C00408D0A24206D085F311884D
:10586000BFF36F8F4FF0FF3070BD71430B440122C7
:105870001A6485F31188BFF36F8F43680B445B682C
:1058800098470020F0E78022FFF7D4BFF8B5069FC5
:105890000469C9B24FF02005EFF3118685F3128831
:1058A000BFF36F8F0C2569430C44256C05F0070C82
:1058B000BCF1010F0BD1276486F31188BFF36F8F02
:1058C000C4E90E2343685B5898470020F8BD05F0F3
:1058D000C005AF4286F31188BFF36F8F0CBF6FF026
:1058E00077004FF0FF30F1E713B580240094FFF705
:1058F000CDFF02B010BD6FF08500704710B4006995
:10590000CBB21C2403FB0400002110BC1047002074
:1059100001F0DEBB38B505460C4601F04FFC002D0A
:1059200007DBA84205D9401B84428CBF0020012020
:1059300038BD0020FCE770B50C46154601F044FC6C
:10594000294606462046FFF7E5FFB8B1B4FBF6F35B
:1059500006FB134393B9B5FBF6F306FB13536BB980
:10596000AE4201D9002070BD01F02EFC0646204653
:10597000FEF7CCFFAD1B3444F9D1F3E76FF015000F
:10598000F1E770B50D462846194616461C46FFF746
:10599000C1FF38B124B1224629463046FFF71AFF2D
:1059A000002070BD6FF01500FBE7F7B51C461646EA
:1059B000002382682360A36013690D4601AA69462B
:1059C0009847019B5A1E01921BB96FF0150003B056
:1059D000F0BD0098A26847682168676085B9B31A6E
:1059E000D0F800C0634528BF63461A4403FB071183
:1059F0002160A26002689A4206D808300090E0E771
:105A00006B1AB3FBF7F3EBE70020E0E71346002245
:105A1000FFF7CBBF2DE9F047836886B01B69884646
:105A2000914601A902AA98470024A2462546029B56
:105A3000AB4202D806B0BDE8F087019F07EBC5076F
:105A400000267B6804933A68B2420AEB060302D848
:105A500001359A46EBE703940593494603A8C047EE
:105A60000028E7D0049B01361C44ECE743685B68E0
:105A7000D3F810350B600020704743685B6802EA7A
:105A8000010021EA0201C3F80805C3F80C15002043
:105A9000704743685B680020C3F808157047436887
:105AA0005B680020C3F80C15704743685A68D2F849
:105AB000043521EA03000B40C2F80805C2F80C3592
:105AC0000020704710B503695868F8B1884219D1B1
:105AD0009C6808685860A14200D198600020086066
:105AE0002AB15A680A609A68596002B99960002020
:105AF00010E0814206D10868206098688142EDD1AB
:105B00009C60EBE7044600680028F2D1002AE8D147
:105B10006FF0150010BD30B543681360057A446816
:105B200004EBC504A34202D36FF0010030BD5C79E1
:105B30008C4201D00833F0E70020F7E710B50022CF
:105B4000044601211C20FCF749FA2046BDE810401C
:105B5000FCF734BF10B50022044601212120FCF7D8
:105B60003DFA2046BDE81040FCF728BF10B50022E2
:105B7000044601212220FCF731FA2046BDE81040FE
:105B8000FCF71CBFF8B5BDF8186045680469032927
:105B900006F0010635D8A87F012804BF5B0852082B
:105BA000002B62D09A422FD92768207B4FF0010C3E
:105BB000BA420CFA01FC11D030EA0C0021D1174690
:105BC000B7F5004F18D2226060732A6895F81EE07E
:105BD000C2F80C05C2F804E5C2F80875627BD34030
:105BE0009BB20EB943F4004304EB41018B80237B4D
:105BF00043EA0C0323732EE0013008284FEA5707CD
:105C0000DED16FF0150050E04B0001F5AC7223447B
:105C10008EB147F6FF7098802B6853F82230002B26
:105C200011DB5A094AD1012202FA03F34FF0A042D4
:105C3000C2F80C3507E04FF6FF7098802B6853F8D8
:105C40002230002B22DA012606FA01F3217B21EA19
:105C50000301217321B3A37B43BB0023012205F180
:105C600028012846FEF76CFF1EE04A0001F5AC70E3
:105C7000224426B193802B6853F82030E1E74FF49B
:105C8000004393802B6853F82030C8E75A0919D194
:105C9000012202FA03F34FF0A042C2F80835D2E71E
:105CA0002846FEF78BFFA6730020F8BD0023A373E0
:105CB000284601F000FB0028FAD0CEE70023C3F805
:105CC0000C35FFDE0023C3F80835FAE700F1500376
:105CD0009B009BB203F1804303F5883300221A60D6
:105CE0001B6870472DE9F0434FF080430446884617
:105CF00085B0012744EA080400EB0109C3F80876DF
:105D0000050B102200216846C4F30B04FFF76DFD5C
:105D10004FEA193624B9B9F5012F01D2B54210D98D
:105D20006FF015001EE06A0904AB03EB820205F078
:105D30001F0352F8101C07FA03F30B4342F8103C00
:105D40000135B542EFD14FF08043009AC3F80026E9
:105D5000019AC3F80426029AC3F81026039AC3F8DE
:105D60001426002005B0BDE8F08308B50020FCF73C
:105D70009FF88068183820F0070010387047042812
:105D800009D0052803D1481E18BF01207047431AC7
:105D90005842584170470120704738B515460C46A7
:105DA00061B15AB1FFF787FC2544214611F8013B48
:105DB000834203D1A942F9D1012038BD0020FCE77C
:105DC00038B50C460123114622460546FFF72EFC46
:105DD00000280FDB012221462846FFF7DEFF38B9F5
:105DE0002378012B14BF022301232370002038BD28
:105DF0000323FAE70120FAE72DE9F7431D4606469B
:105E00000F469046FFF750FC6C1E0444404204408D
:105E1000082C1AD83046FFF74EFC2A4681464146E8
:105E20006846FFF7D7FC621B49460DEB0500FFF7FC
:105E3000DCFC23466A4639463046FFF70CFC003846
:105E400018BF012003B0BDE8F0834FF0FF30F9E741
:105E500007B501238DF8042001AAFFF7CDFF03B099
:105E60005DF804FB81681839012221F00701FFF772
:105E7000EFBF8268183A22F00702FFF7A1BF13B5FF
:105E80000C46C0B201A9FBF73BFE50B92146019870
:105E9000FDF746F804460198FFF7C7FB204602B01D
:105EA00010BD0124FAE713B541EA021104468DF84A
:105EB0000710FFF75EFF012301460DF107022046A0
:105EC000FFF79AFF02B010BD8168183921F0070171
:105ED00001220839FFF7BCBF70B504680D1B002D07
:105EE00002DC6FF05F0070BD94F900602378002E33
:105EF0000ADB631C0360237813600368C91A136804
:105F00008B42EED80020EEE703F07F035C1E032CEB
:105F100013D89D42E5DD0024146004680134046058
:105F200004681568247844EA052414600468013B79
:105F300004F101040460F3D1DFE76FF06300D2E7FE
:105F400070B404680E1B002E07DD26789E4208D12F
:105F50000134046070BCFFF7BFBF6FF05F0070BC1E
:105F600070476FF06100FAE773B50223154601AA86
:105F70000446FFF7E5FF40B9019E216832462846F6
:105F800000F016FB23683344236002B070BD013972
:105F9000002901DA0020704750F82130002BF6D09C
:105FA000B3FA83F00131C0EB4110704739B101F110
:105FB0008041013900EB81018142034600D27047E4
:105FC0001B680A681BBA12BA40F8042B41F804395E
:105FD000F2E72DE9F0411C4613F0030318BF01233B
:105FE00003EB94038B4206460D46904613D879B1D5
:105FF0008F003A460021FFF7F8FB2CB1381B2246F0
:1060000041463044FFF7E6FB29463046FFF7CEFF16
:106010000020BDE8F0816FF00700FAE7B3EB810FD5
:1060200070B504464FEA8105104619D95A1B8618E7
:106030000021FFF7DAFB30462B46C21800218B42C5
:1060400010D1002070BD22F0030102F00306615858
:10605000F600F140C9B281B90132AA42F3D1ECE7AE
:106060001A46FAE721F0030001F003052058ED007D
:10607000E84002F8010D0131E1E76FF00700E1E7C8
:1060800053098B42F0B402F01F0401D809D124B1A6
:106090008A00F0BC0021FFF7A8BB1F2A03D8F0BC80
:1060A00070471F2A0AD900EB8302051F00EB810607
:1060B000B24216D1CB1A00228B4217D3002CEED05D
:1060C00000EB81010022C4F120068142E7D051F8A3
:1060D000045C25FA04F3134341F8043D05FA06F283
:1060E000F3E752F8047B45F8047FE1E740F823200A
:1060F0000133E1E71F2AF0B54FEA521402F01F0501
:1061000012D96FF0030606FB04060B469C4203F10E
:10611000FF3212D3631A8C4288BF00230B4400EB7A
:106120008303002283420ED135B100EB84000022AC
:10613000C5F120078C4209D3F0BD56F8223040F853
:1061400022301346E2E743F8042DEBE7066806FA2F
:1061500005F3134340F8043B013426FA07F2E9E75C
:10616000F0B50024844620469C4200D1F0BD51F891
:10617000245052F824702E182CBF01250025BF1979
:106180004CF8247045F100000134EDE7F0B500242F
:10619000064620469C4200D1F0BD51F824C052F87A
:1061A0002470ACEB0005AF4294BF4FF0000E4FF0EF
:1061B000010EED1B46F8245084452CBF70460EF1AD
:1061C00001000134E6E78B422DE9F04728BF0B467A
:1061D0009646DE08089A0446C91A03F00708754671
:1061E0000346B44600200CF1FF3CBCF1FF3F03F135
:1061F000200305F1200511D104EB46140EEB4616E1
:106200004FEA880C06EB880E2546764540F08180E3
:106210006444013980F08B80BDE8F08755F8207C1C
:10622000A2FB079710EB090953F8200C47F1000770
:1062300010EB090043F8200C55F81C0C47F100073F
:10624000A2FB00093F1853F81C0C49F10009C019C2
:1062500043F81C0C55F8180C49F10009A2FB000783
:1062600019EB000953F8180C47F1000710EB09006F
:1062700043F8180C55F8140C47F10007A2FB00096D
:106280003F1853F8140C49F10009C01943F8140CD5
:1062900055F8100C49F10009A2FB000719EB0009A1
:1062A00053F8100C47F1000710EB090043F8100CED
:1062B00055F80C0C47F10007A2FB00093F1853F8F2
:1062C0000C0C49F10009C01943F80C0C55F8080CE6
:1062D00049F10009A2FB000719EB000953F8080C6B
:1062E00047F1000710EB090043F8080C55F8040CBF
:1062F00047F10007A2FB000A17EB000953F8047CE2
:106300004AF1000017EB090740F1000043F8047C54
:1063100069E756F8043BA2FB0337C318286847F126
:106320000007C31845F8043B47F100006DE72368F8
:106330001B1844F8043B2CBF0120002069E70168CA
:10634000881C400000F008000844032300FB01F211
:10635000C2F10202013B02FB00F0F7D1404270475C
:106360002DE9F04F87B091460493109B0293DDE92D
:106370001183139D05934FEAC80283468A4604326F
:1063800000212846FFF731FA08F102032E460024C7
:106390000393444515D105EB84012346029A51F835
:1063A00024505846FFF7F2FE6840FCF78FFEA60027
:1063B0000A4600235946109607B0BDE8F04FFDF796
:1063C000A3B85AF82430D9F800203768039900930D
:1063D00002FB0377059A049B574330464A46FFF772
:1063E000F2FE3046DDE9022100974346FFF7EBFE5F
:1063F00004360134CDE730B50546104600229A42F6
:1064000000D130BD51F82240241A45F8224034BF53
:10641000012000200132F2E71FB5069CCDE90234CD
:10642000D388019313680093CB880A680146FFF76D
:1064300097FF04B010BD00220123C0E9002370477C
:1064400010B5044648B1006818B1E188890000F031
:10645000CAFC00220123C4E9002310BD42F21073DC
:10646000994270B504460D4602D96FF00F0070BD19
:10647000C3888B4201D30020F9E704212846FDF7A9
:1064800023FA06460028F0D0216841B1E288920044
:10649000FFF7A0F9E1882068890000F0A4FCE580FE
:1064A0002660E8E738B504460D4619B9FFF7C8FF7E
:1064B000002038BDC2888A4207D1006892000021BE
:1064C000FFF793F90123A380F2E7FFF7B9FF29460D
:1064D0002046BDE83840FFF7C1BF884270B5054689
:1064E0000E4609D0C988C28841B92AB101238380E8
:1064F00092000068FFF779F9002070BD4C1E8CB93E
:106500000134B6F90430AB80A24212D221462846AB
:10651000FFF7A4FF0028F0D131682868A200FFF738
:1065200059F9E9E7336853F82430002BE8D1013CEE
:10653000E5E72868121B9200002100EB8400FFF7BA
:1065400054F9E9E770B50C4601210546FFF786FFCF
:10655000064688B9EA88014692002868FFF745F99F
:1065600084EAE472A2EBE472E40FC4EBC4342B6857
:10657000640001341A60AC80304670BDC388B1EB52
:10658000431F3FBF03684A0901F01F0153F822006F
:106590003ABFC84000F0010000207047C188006881
:1065A000FFF7F5BC08B5FFF7F9FF0730C00808BDD5
:1065B00070B50E4612F0030118BF012101EB9201E4
:1065C00005461446FFF76EFF38B9E9882868234668
:1065D0003246BDE87040FFF7FCBC70BD13460A466A
:1065E000C1880068FFF71ABD38B504460D46FFF7AD
:1065F000D5FFE3882844B0EB431F06D82068E18824
:106600002A46FFF777FD002038BD10F01F0118BFA4
:10661000012101EB50112046FFF720FF0028EDD0AB
:10662000F2E708B50A46C18811B10068FFF728FDF6
:10663000002008BD10B5C38823B9CA885AB9ABB1C8
:10664000012017E0026802EB830252F8042C002AB2
:10665000F3D1013BF0E70C6804EB820454F8044CDE
:106660000CB9013AEAE79342EAD80FD3013B5A1C2E
:1066700001D1002010BD026852F823400A6852F888
:1066800023209442DCD803F1FF33F0D24FF0FF30E7
:10669000F0E730B5C38823B9CA885AB9002B3DD179
:1066A00036E0026802EB830252F8042C002AF3D190
:1066B000013BF0E70C6804EB820555F8045C4DBB28
:1066C000013AEAE7B1F9045003D2B1F904004042BB
:1066D00026E0B0F90420002A03DD002D0CDA0120A9
:1066E0001EE0002D08DD3AB14FF0FF3018E003F155
:1066F000FF330BD2504213E0013B016851F82350A5
:1067000054F823108D42F2D9104609E0591CF4D1F7
:10671000002005E0002BD8D09342D3D9B0F9040073
:1067200030BD1FB581EAE173A3EBE173C90FC1EB83
:10673000C1314900019301310123ADF80C10ADF8CE
:106740000E3002A901AB0293FFF7A3FF05B05DF87D
:1067500004FB90422DE9F04105460F46144602D055
:10676000884206D127460123AB80FC883CB9002033
:1067700003E0FFF7B2FE0028F4D0BDE8F0813B68EB
:1067800003EB84034FEA840853F8043C0BB9013C43
:10679000ECE721462846FFF761FE0028EDD12E6880
:1067A0003A68234631463046FFF7DAFC06EB080329
:1067B0000746002FDBD0EA88A24204F1010608D880
:1067C00031462846FFF74AFE0028D6D12B6803EB56
:1067D00084031A68D21943F8042B2CBF0127002721
:1067E0003446E6E72DE9F041D48805460E4690464A
:1067F0003CB9F188A1420ED26FF009073846BDE8D6
:10680000F081D8F8003003EB840353F8043C002BEC
:10681000EFD1013CECE72846FFF720FE07460028B1
:10682000ECD1F28894420BD2AE4209D0316828688C
:10683000121B920001EB840100EB8400FEF7CAFFFB
:10684000EA88F088824207D92B68121A9200002148
:1068500003EB8000FEF7C9FFD8F8002031682868F4
:106860002346FFF793FC024610B90123AB80C5E72E
:106870002968EB8801EB84011B1B0846FFF7BBFD71
:106880000028F2D0B8E72DE9F843B1F90440B2F896
:1068900004C01CFB04FC6646734381460D46174644
:1068A0001CD511462846FFF7C5FEB0F100080DDBE8
:1068B0003A4629464846FFF795FF98B9B8F1000FC8
:1068C00008BF0124A9F8044000200BE02A464846EE
:1068D000FFF788FF30B9644224B2F3E7FFF739FFCE
:1068E0000028EFD0BDE8F8830123FFF7CCBF4FF0BD
:1068F000FF33FFF7C8BF2DE9F341CF88054688462F
:1069000016463FB1D8F8003003EB870353F8043C38
:106910003BB146B90021284602B0BDE8F041FFF77F
:1069200011BE013FEDE7791C2846FFF797FD0446AD
:1069300070B941462846FFF7D0FD044640B9013EF4
:106940000096D8F80020E98828683B46FFF73BFC12
:10695000204602B0BDE8F08170B504460D461046F1
:1069600000211646FFF7DDFE002824DB2A463346C9
:1069700021460020FCF72EFC054638B1284670BDA4
:10698000324621462046FFF7AFFF90B9002120464E
:10699000FFF7C7FE0028F3DB31462046FFF779FEFC
:1069A0000028EBDB324621462046FFF7A0FF0028F7
:1069B000F2D00546E2E76FF00905DFE72DE9F04F79
:1069C0009FB00F4609900021184692461D46FFF7DA
:1069D000A8FE002805DC6FF0030420461FB0BDE8C8
:1069E000F08F2B681B6813F001030793F3D000218D
:1069F0005046FFF796FE0028EDDB5046FFF7CEFD30
:106A0000B0F5006FE7D82846FFF7C8FDB0F5006F76
:106A1000E1D82868FFF793FC00244FF001082146D5
:106A20002022064616A8CDE90C48CDE90E48CDE94E
:106A30001248CDE91048FEF7D8FE5046FFF7AEFDEC
:106A4000B5F80690079B172888BF0223C144069318
:106A5000494608FA03F316A8CDE916480393FFF751
:106A6000FDFC0446002840F06F81494618A8FFF756
:106A7000F5FC0446002840F0678109FA08F10EA8E9
:106A8000FFF7ECFC0446002840F05E81B7F90430C3
:106A9000089301330AD1394612A8FFF71EFD0446B8
:106AA000002840F05181ADF84C8012AF289B1BB1FB
:106AB0001B68002B40F0C28001210CA8FFF742FDAB
:106AC0000446002840F04081E9880CA88901FFF7BE
:106AD0008BFD0446002840F037810CA92A46084661
:106AE000FFF73AFF0446002840F02E81289B23B18F
:106AF00008220CA91846FEF76DFE29463846FFF716
:106B0000C8FD0028C0F29E802A46394618A8FFF723
:106B100023FF0446002840F01781E98818A80131B6
:106B2000FFF79CFC0446002840F00E810E9F189849
:106B3000009733462A460CA9FFF76EFC0CA916A84D
:106B4000FFF7CBFC0446002840F0FE8001230B93A6
:106B50004FF0011315930BAB14931698009733461F
:106B60002A4614A9FFF758FC069B022B2FD1E9886F
:106B70001AA80131FFF772FC0446002840F0E480B7
:106B800018A91AA8FFF7A9FC0446002840F0DC80E9
:106B90001A98009733462A461AA9FFF73DFCE98860
:106BA0001CA80131FFF75AFC0446002840F0CC80B5
:106BB0001AA91CA8FFF791FC0446002840F0C480E5
:106BC0001C98009733462A4618A9FFF725FC4FF07A
:106BD000000BBAF806300493D846D946CDF814B065
:106BE000059B3BB9049B002B00F09580013B04936F
:106BF00020230593059B049A013B0593DAF80030A6
:106C000053F82230059AD34013F0010322D1BBF18F
:106C1000000FE5D0BBF1010F1CD1039A16A910A8F3
:106C2000FCF7B4FA0446002840F08E8016980097CE
:106C300033462A4610A9FFF7EFFBD1E7289908222F
:106C40000CA858E7394618A8FFF747FC6AE74FF049
:106C5000020BC5E7069A09F10109A2EB090293406C
:106C600048EA0308069B4B45F1D14FF0000B039A0D
:106C7000002316A910A8FCF789FA0446002863D15E
:106C80001698009733462A4610A90BF1010BFFF71F
:106C9000C3FBD94514D8039A434616A910A8FCF79C
:106CA00075FA044600284FD11698009733462A46B5
:106CB00010A9FFF7B1FBA046DDF81CB0A1468FE795
:106CC000DDF81CB0D3E7039A002316A910A8FCF73F
:106CD0005DFA0446002837D13346169800972A46B5
:106CE00010A9FFF799FB039B4FEA480813EA080F26
:106CF0000ED0039A012316A910A8FCF747FA044600
:106D000010BB1698009733462A4610A9FFF784FB5C
:106D1000049B01330493049B4B45D4D101230B9373
:106D20004FF0011315930BAB14931698009733464D
:106D30002A4614A9FFF770FB089B013322D009985B
:106D400016A9FFF7CAFB0446039B5D08039B9D42FF
:106D50002DD116A8FFF774FB18A8FFF771FB0EA83A
:106D6000FFF76EFB12A8FFF76BFB10A8FFF768FB9D
:106D7000289B1BB11B68002B7FF42FAE0CA8FFF7DC
:106D80005FFB2AE6BAF80630002BD8D0DAF80030DC
:106D90001B68DB07D3D516AA089BADF85C302946E3
:106DA0001046FFF7A1FD04460028C8D0CCE716AB7B
:106DB00003EBC500FFF744FB0135C7E707B5042225
:106DC00001460DEB0200FEF705FD019803B05DF8EA
:106DD00004FB07B5042201910DEB0201FEF7FAFC5A
:106DE00003B05DF804FB10B5044608B1FCF760FD84
:106DF0002046BDE81040FCF76DBD0020704770478D
:106E000070472DE9F8430446DDE908769146984637
:106E10000D4651B9B9F1000F10D1B8F1000F15D1DD
:106E2000E7B91EBB55BB002006E00830FFF755FB55
:106E30000028EFD0A0F58140BDE8F883494604F171
:106E40002000FFF74AFB0028E7D0F3E7414604F1B2
:106E50002800FFF742FB0028E2D0EBE7394604F1B7
:106E60001800FFF73AFB0028DBD0E3E7314604F1D6
:106E70001000FFF732FB0028D4D0DBE704F1080054
:106E8000FFF790FB6060CEE710B578220021044642
:106E9000FEF7ABFC0023C4E91C3310BD406870470B
:106EA00010B50446A0B36030FFF7CAFA04F16800D9
:106EB000FFF7C6FA04F14800FFF7C2FA04F1180020
:106EC000FFF7BEFA04F12800FFF7BAFA04F1200038
:106ED000FFF7B6FA04F11000FFF7B2FA04F1080068
:106EE000FFF7AEFA04F15800FFF7AAFA04F15000D8
:106EF000FFF7A6FA04F14000FFF7A2FA04F1380008
:106F0000FFF79EFA04F13000BDE81040FFF798BA91
:106F100010BD00BA70476C220021FEF766BC10B1AC
:106F20006C21FCF7C5BC70472DE9F04105460E46C3
:106F300014467AB3036C03F03F079B18036422BF27
:106F4000436C013343645FB3C7F1400842451CD32F
:106F500042463844FEF73EFC29462846FCF70EFE22
:106F6000C8B92744A7F140043F2C46440BD9002759
:106F7000F1192846FCF702FE78B94037E31B3F2B96
:106F8000F6D83E441C462CB1002722463146E8196B
:106F9000FEF720FC0020BDE8F0814FF0FF30FAE75B
:106FA0003F2AE4D8F1E770B5036C03F03F035A1CA5
:106FB0000D46382A4FF08001C1540446104464D86D
:106FC000C2F138020021FEF710FCD4E91060730F03
:106FD00043EAC000FFF79DFF014604F13800FFF7C8
:106FE000F8FEF000FFF795FF014604F13C00FFF7C3
:106FF000F0FE21462046FCF7C1FD064600283FD1A1
:10700000A06CFFF786FF01462846FFF7E2FEE06C22
:10701000FFF77FFF0146281DFFF7DBFE206DFFF71E
:1070200078FF014605F10800FFF7D3FE606DFFF71A
:1070300070FF014605F10C00FFF7CBFEA06DFFF7D6
:1070400068FF014605F11000FFF7C3FEE06DFFF792
:1070500060FF014605F11400FFF7BBFE206EFFF74D
:1070600058FF014605F11800FFF7B3FEA36E3BB9C8
:10707000606EFFF74EFF014605F11C00FFF7A9FE09
:107080002046FFF74CFF304670BDC2F140020021A0
:10709000FEF7ABFB21462046FCF770FD06460028B4
:1070A000EED10146382220468DE7002070474FF090
:1070B0008053D3F83001421C04BF4FF0704393F863
:1070C000E00F831F584258417047004700F0FCB85A
:1070D000FCF788BF036803F01F025B0902600CBF66
:1070E0004FF0A04000207047F7B5019001A8DDE9FE
:1070F000084716461D46FFF7EDFF019BB6F1000C51
:1071000018BF4FF0010C00EB83000B1E18BF0123CA
:10711000002D43EA4C0314BF4FF00C0C4FF0000C51
:10712000002C43EA0C0314BF4FF4E06C4FF0000C4A
:10713000002F43EA0C03D0F8002714BF4FF4403C63
:107140004FF0000C43EA0C0322EA030301B1097873
:107150000EB13678760019430DB12D78AD0031436C
:107160000CB12478240229430FB13F783F040C432B
:107170003C43C0F8004703B0F0BD1FB50DF10F034D
:10718000019300238DF80F1000931A461946FFF75C
:10719000ABFF05B05DF804FB024611F0010007D01B
:1071A0004FF0A041D1F820351360C1F8203503B964
:1071B00000207047FDF7E6B8FDF7C4B84FF08053E4
:1071C0001A695869504370474FF0805318697047E7
:1071D0004FF080535869704730B5A2F58075AD08FF
:1071E0000124AC400C4207D0815829B100218150C4
:1071F00082581A6822431A6030BD13B500230C462A
:1072000001934FF4887201ABFFF7E6FF21464FF47C
:107210008A72FFF7E1FF21464FF48E72FFF7DCFF21
:1072200021464FF48272FFF7D7FF21464FF4847254
:10723000FFF7D2FF21464FF48672FFF7CDFF4FF4E0
:107240008C722146FFF7C8FF019802B010BD70B5DF
:107250000C46B2210646FFF7D0FFC206054607D509
:1072600023695B0704D5636813B1A16801209847BF
:10727000A80607D52369190704D5636813B1A16867
:10728000022098472A0607D5236913F0100003D17E
:1072900063680BB1A1689847AB070BD50023C6F80C
:1072A000003501232373636823B1A1680320BDE87F
:1072B0007040184770BDFDF789BBFDF7E5BC08B508
:1072C000FFF7FBFF002008BD08B1FAF7F5BF7047D4
:1072D000704740B1C368587810F001001EBF18789D
:1072E000B0FA80F04009704710B54FF02003EFF37B
:1072F000118483F31288BFF36F8FFEF736FD84F39A
:107300001188BFF36F8F10BDFEF76FBAFEF762BA38
:10731000EFF30580003818BF01207047F48DFF7F20
:1073200001000000A92200000000000079230000F5
:1073300074730000BF72000000000000CD25000043
:1073400088730000DD2C000000000000AB7000001E
:10735000000000003D5B0000D8730000555B00009A
:10736000C47300006D5B0000B0730000692500006D
:107370009C730000B77E0000187600003076000095
:107380008C000020BC0D0020EC7E00006876000020
:107390008076000090000020180E0020D27E0000B1
:1073A000000000004C7600008E000020000000006D
:1073B000027F0000A4760000C47700009200002045
:1073C000240E00200F7F000004770000C477000027
:1073D00094000020340E00201C7F00006477000021
:1073E000C477000096000020440E0020D541000024
:1073F000CB700000000000002357000000000000D8
:107400002357000000000000235700000000000088
:10741000235700000000000023570000954700009C
:10742000CB700000000000002357000000000000A7
:107430002357000000000000235700000000000058
:107440002357000000000000235700000000000048
:107450002357000000000000235700000000000038
:107460002357000000000000235700000000000028
:1074700023570000000000006D2D000000000000F8
:107480002357000000000000235700000000000008
:1074900023570000000000002357000000000000F8
:1074A000235700000000000023570000014C00009B
:1074B000CB70000000000000235700000000000017
:1074C000235700000000000023570000594C000023
:1074D000CB700000000000002357000000000000F7
:1074E00023570000000000002357000000000000A8
:1074F00023570000694C0000CB700000794C00005D
:10750000CB700000000000002357000000000000C6
:107510002357000000000000235700000000000077
:1075200023570000DA79000003000000FFFFFFFF8F
:107530000338FDD87047000002000000050000007D
:1075400001000000887D00005C7500000200000062
:107550000500000002000000050000000E01000010
:1075600007000000000000000000000000C0000054
:107570009C7300000100000000C000000002000039
:107580009C7300000200000000C000000090030097
:107590009C7300000300000000C20000008E030086
:1075A0009C7300000400000000C20000008E030075
:1075B0009C730000050000000050040000900300D0
:1075C0009C7300000600000000E00700002000009F
:1075D0009C730000000000200000000000000B066B
:1075E000003500204000000000000B1502000000E4
:1075F000F475000000000000A87E000024000202D4
:1076000000000020B07E00001E000B1101230000CE
:10761000D1220000000000002124000045230000CA
:10762000C67E0000852400000F590000CC7E0000BB
:10763000F758000087580000E958000000000000DB
:10764000FD5700000000000000000000835900000A
:1076500081250000375900006125000051250000F8
:1076600004000000FF000000FFFFFFFF00000050CB
:10767000000000000000000000600040000000006A
:10768000512600006D5A00007B5A0000935A0000FA
:107690009F5A0000AB5A0000D1270000C55A0000D5
:1076A0000000000000200240020000000000000076
:1076B00000000000000000000000000000000000CA
:1076C00000040000E803020101010000280E002070
:1076D000040000000000000000000000E076000050
:1076E00000200240EC76000001000000F47600006B
:1076F00004000000910116008D0117009701180089
:107700008601190000100240010000000000000086
:107710000000000000000000000000000000000069
:1077200000040000E803020101010000380E0020FF
:10773000040000000000000000000000407700008E
:10774000001002404C770000010000005477000058
:1077500004000000900116008E0117009601180029
:107760008701190000C00140000000000000000077
:107770000000000000000000000000000000000009
:1077800000040000E803020101010000480E00208F
:10779000040000000000000000000000A0770000CE
:1077A00000C00140AC77000001000000B477000089
:1077B00004000000920116008F01170094011800C8
:1077C00098011900855B0000AD290000020000004F
:1077D00005000000982F8A4291443771CFFBC0B555
:1077E000A5DBB5E95BC25639F111F159A4823F928C
:1077F000D55E1CAB98AA07D8015B8312BE853124E5
:10780000C37D0C55745DBE72FEB1DE80A706DC9BA5
:1078100074F19BC1C1699BE48647BEEFC69DC10F51
:10782000CCA10C246F2CE92DAA84744ADCA9B05C8D
:10783000DA88F97652513E986DC631A8C82703B050
:10784000C77F59BFF30BE0C64791A7D55163CA065E
:1078500067292914850AB72738211B2EFC6D2C4D6A
:10786000130D385354730A65BB0A6A762EC9C28158
:10787000852C7292A1E8BFA24B661AA8708B4BC2EE
:10788000A3516CC719E892D1240699D685350EF418
:1078900070A06A1016C1A419086C371E4C774827CF
:1078A000B5BCB034B30C1C394AAAD84E4FCA9C5B45
:1078B000F36F2E68EE828F746F63A5781478C88496
:1078C0000802C78CFAFFBE90EB6C50A4F7A3F9BE78
:1078D000F27871C624730000247300004473000022
:1078E0004C730000747300007473000077C295F34A
:1078F00060D2EF7F3552500F2CB6798025633A2045
:107900005374617274696E6720626F6F746C6F611B
:107910006465720A0025633A20556E61626C6520C9
:10792000746F2066696E6420626F6F7461626C654B
:1079300020696D6167650A0025633A20426F6F74A4
:107940006C6F6164657220636861696E6C6F6164FD
:107950002061646472657373206F66667365743A40
:1079600020307825780A0025633A204A756D7069C1
:107970006E6720746F207468652066697273742066
:10798000696D61676520736C6F740A0025633A2026
:1079900050726F74656374206D6375626F6F7420CD
:1079A000666C617368206661696C65642C20636134
:1079B0006E63656C20737461727475702E0A002595
:1079C000633A204E657665722073686F756C64202B
:1079D00067657420686572650A006D6375626F6F14
:1079E000740025633A20696E76616C696420666C68
:1079F0006173682049442025643B20657870656385
:107A00007465642025640A00000000000000000086
:107A100025633A20556E61626C6520746F20646541
:107A20007465726D696E6520666C6173682073653C
:107A300063746F72206F662074686520696D61677A
:107A40006520747261696C65720A007072696D619B
:107A50007279007365636F6E646172790025633AB1
:107A600020496D61676520696E2074686520257303
:107A700020736C6F74206973206E6F742076616C54
:107A80006964210A0025633A2025642073746174B7
:107A90007573207772697465206661696C732070F4
:107AA0006572666F726D696E6720746865207377A2
:107AB00061700A0025633A204661696C6564207430
:107AC0006F206F70656E20666C61736820617265EF
:107AD000612049442025642028696D61676520255F
:107AE0006420736C6F74202564293A2025642C204F
:107AF00063616E6E6F7420636F6E74696E75650A74
:107B00000025633A204661696C6564207265616492
:107B1000696E6720736563746F72733B20424F4FC9
:107B2000545F4D41585F494D475F534543544F5251
:107B3000533D2564202D20746F6F20736D616C6C34
:107B40003F0A0025633A204661696C6564207265CE
:107B50006164696E6720696D61676520686561644D
:107B60006572733B20496D6167653D25750A002587
:107B7000633A204661696C65642072656164696E70
:107B80006720626F6F74207374617475733B204952
:107B90006D6167653D25750A0025633A2070616E49
:107BA0006963210A0025633A20446574656374653E
:107BB0006420696E636F6E73697374656E7420738D
:107BC0007461747573210A0025633A2043616E6EF7
:107BD0006F7420757067726164653A206E6F7420EF
:107BE0006120636F6D70617469626C6520616D6F97
:107BF000756E74206F6620736563746F72730A000C
:107C000025633A2043616E6E6F74207570677261F0
:107C100064653A206D6F726520736563746F72736B
:107C2000207468616E20616C6C6F7765640A002552
:107C3000633A2043616E6E6F742075706772616481
:107C4000653A206E6F742073616D6520736563748F
:107C50006F72206C61796F75740A006261640067ED
:107C60006F6F6400756E736574005072696D617238
:107C70007920696D6167650025633A2025733A2094
:107C80006D616769633D25732C20737761705F7444
:107C90007970653D307825782C20636F70795F644A
:107CA0006F6E653D307825782C20696D6167655F62
:107CB0006F6B3D307825780A005365636F6E6461A1
:107CC000727920696D6167650025633A20426F6FA4
:107CD0007420736F757263653A207072696D61729A
:107CE0007920736C6F740A0025633A20426F6F74B9
:107CF00020736F757263653A206E6F6E650A00259A
:107D0000633A205374617274696E6720737761708F
:107D1000207573696E67206D6F766520616C676F83
:107D2000726974686D2E0A0025633A204E6F7420C4
:107D3000656E6F7567682066726565207370616334
:107D40006520746F2072756E207377617020757076
:107D500067726164650A0025633A2072657175690E
:107D6000726564202564206279746573206275747D
:107D7000206F6E6C792025642061726520617661C8
:107D8000696C61626C650A003082010A028201013D
:107D900000D106081A18442C18E8FBFDF70DA34F74
:107DA0001FBBEE5EF9AAD24B18D35AE96D188019A1
:107DB000F9F09C341BCBF3BC74DB42E78C7F10538F
:107DC0007E435E0D572C44D167080F0DBB5CEEEC73
:107DD000B399DFE04D840BAA774160ED152849A7E0
:107DE00001B43C10E6698C2F5FAC414D9E5C14DF02
:107DF000F2F8CF3D1E6FE75BBAB4A9C8887E473C56
:107E000094C37767544BAA8D3835CA62617EB7E157
:107E100015DB7773D4BE7B7221896924FBF8656E0C
:107E2000643EC80ED785D55C4AE4530D2FFFB7FDDD
:107E3000F31339833FA3AED20FA76A9DF9FEB8CEE4
:107E4000FA2ABEAFB8E0FA823754F43EE12BD0D321
:107E5000085818F65E4CC8888131AD5FB08217F2C1
:107E60008A692723F3AB873E931A1DFEE8F81A248C
:107E70006659F81CABDCCE681B666435ECFA0D1154
:107E80009DAF5C3AA7D167C647EFB14B2C62E1D1F9
:107E9000C902030100012D0020002B0030780030C2
:107EA0005800286E696C2900464C4153485F3000E9
:107EB0005352414D5F3000636C6F636B4034303020
:107EC0003030303030006866636C6B006C66636C19
:107ED0006B00666C6173682D636F6E74726F6C6C8F
:107EE0006572403430303165303030006770696F12
:107EF00040353030303030303000000102030405AE
:107F0000060770776D4034303032323030300070D8
:107F1000776D4034303032313030300070776D4022
:107F20003430303163303030007065726D0074650C
:107F30007374004255473B2063616E27742068616B
:107F40007070656E007265766572740025633A2004
:107F50005365636F6E6461727920696D6167652036
:107F60006F6620696D6167652070616972202825E0
:107F7000642E2920697320756E7265616368616281
:107F80006C652E20547265617420697420617320C1
:107F9000656D7074790A0025633A20496D616765E3
:107FA00020696E6465783A2025642C2053776170CF
:107FB00020747970653A2025730A0025633A2049B8
:107FC0006D61676520696E6465783A2025642C20B0
:107FD0005377617020747970653A206E6F6E650A10
:107FE0000004010403040204010401040301030367
:107FF000040104092040081C4000000000010000AA
:10800000000101000001010101000000005465723F
:108010006D696E616C000000000000005454522035
:10802000524547474553002A2A2A20426F6F7469F8
:108030006E67206E524620436F6E6E6563742053E8
:10804000444B2076332E352E39392D6E6373312013
:108050002A2A2A0A0000000001000000FFFFFFFF9B
:108060003F54000064750000EB570000FF6D0000F6
:10807000016E0000FB6D0000000000000000000029
:1080800000000000000000000000000000000000F0
:1080900000000000000000000000000000000000E0
:1080A00000000000000000000000000000000000D0
:1080B00000000000000000000000000000000000C0
:1080C000000000000000000008000000FF000000A9
:1080D00000000000010000000000000084000020FB
:1080E00084000020000000000000000000000000EC
:0480F00015E015E0A2
:10C000003DB8F396000000000002000084430300E6
:10C010000000000000000000000000000000000020
:10C02000FFFFFFFFFFFFFFFFFFFFFFFFFFFFFFFF20
:10C03000FFFFFFFFFFFFFFFFFFFFFFFFFFFFFFFF10
:10C04000FFFFFFFFFFFFFFFFFFFFFFFFFFFFFFFF00
:10C05000FFFFFFFFFFFFFFFFFFFFFFFFFFFFFFFFF0
:10C06000FFFFFFFFFFFFFFFFFFFFFFFFFFFFFFFFE0
:10C07000FFFFFFFFFFFFFFFFFFFFFFFFFFFFFFFFD0
:10C08000FFFFFFFFFFFFFFFFFFFFFFFFFFFFFFFFC0
:10C09000FFFFFFFFFFFFFFFFFFFFFFFFFFFFFFFFB0
:10C0A000FFFFFFFFFFFFFFFFFFFFFFFFFFFFFFFFA0
:10C0B000FFFFFFFFFFFFFFFFFFFFFFFFFFFFFFFF90
:10C0C000FFFFFFFFFFFFFFFFFFFFFFFFFFFFFFFF80
:10C0D000FFFFFFFFFFFFFFFFFFFFFFFFFFFFFFFF70
:10C0E000FFFFFFFFFFFFFFFFFFFFFFFFFFFFFFFF60
:10C0F000FFFFFFFFFFFFFFFFFFFFFFFFFFFFFFFF50
:10C10000FFFFFFFFFFFFFFFFFFFFFFFFFFFFFFFF3F
:10C11000FFFFFFFFFFFFFFFFFFFFFFFFFFFFFFFF2F
:10C12000FFFFFFFFFFFFFFFFFFFFFFFFFFFFFFFF1F
:10C13000FFFFFFFFFFFFFFFFFFFFFFFFFFFFFFFF0F
:10C14000FFFFFFFFFFFFFFFFFFFFFFFFFFFFFFFFFF
:10C15000FFFFFFFFFFFFFFFFFFFFFFFFFFFFFFFFEF
:10C16000FFFFFFFFFFFFFFFFFFFFFFFFFFFFFFFFDF
:10C17000FFFFFFFFFFFFFFFFFFFFFFFFFFFFFFFFCF
:10C18000FFFFFFFFFFFFFFFFFFFFFFFFFFFFFFFFBF
:10C19000FFFFFFFFFFFFFFFFFFFFFFFFFFFFFFFFAF
:10C1A000FFFFFFFFFFFFFFFFFFFFFFFFFFFFFFFF9F
:10C1B000FFFFFFFFFFFFFFFFFFFFFFFFFFFFFFFF8F
:10C1C000FFFFFFFFFFFFFFFFFFFFFFFFFFFFFFFF7F
:10C1D000FFFFFFFFFFFFFFFFFFFFFFFFFFFFFFFF6F
:10C1E000FFFFFFFFFFFFFFFFFFFFFFFFFFFFFFFF5F
:10C1F000FFFFFFFFFFFFFFFFFFFFFFFFFFFFFFFF4F
:10C20000C07D00202D1102005566030019110200A7
:10C21000191102001911020019110200000000009A
:10C22000000000000000000000000000ED1202000D
:10C230001911020000000000891202001911020009
:10C24000ED140200F1900300ED140200ED14020061
:10C25000ED140200B7920300ED140200ED14020089
:10C26000C1900300ED140200ED140200DB90030006
:10C27000ED140200ED140200ED140200ED140200B2
:10C28000ED140200ED140200ED140200ED140200A2
:10C29000ED14020081E20200ED140200ED14020030
:10C2A000ED140200ED140200ED140200ED14020082
:10C2B000ED140200ED140200ED140200ED14020072
:10C2C000ED140200ED140200ED140200ED14020062
:10C2D000ED140200ED140200ED140200FFFFFFFF59
:10C2E00053B94AB9002908BF00281CBF4FF0FF31DD
:10C2F0004FF0FF3000F00CB8ADF1080C6DE904CE42
:10C300000BF0D0FEDDF804E0DDE9022304B0704755
:10C31000704700BF2DE9F00791E8F807B2E8021076
:10C320005B1854EB0C04B2E802104D4156EB0C06BE
:10C33000B2E802104F4158EB0C08B2E8021059EB7A
:10C3400001095AEB0C0A80E8F80780410130BDE88A
:10C35000F00770472DE9F00791E8F807B2E80210FE
:10C360005B1A74EB0C04B2E802108D4176EB0C06FC
:10C37000B2E802108F4178EB0C08B2E8021079EBBA
:10C3800001097AEB0C0A80E8F80780414042BDE8D9
:10C39000F00770472DE9F007524290E87800B1E8C5
:10C3A00080071740DB1918EA020854EB080419EA61
:10C3B000020955EB09051AEA020A56EB0A0678C08B
:10C3C00090E87800B1E8800717407B4118EA02083E
:10C3D00054EB080419EA020955EB09051AEA020AA6
:10C3E00056EB0A0678C080410130BDE8F00770477F
:10C3F0002DE9F007524290E87800B1E88007174035
:10C40000DB1B18EA020874EB080419EA020975EB51
:10C4100009051AEA020A76EB0A0678C090E8780065
:10C42000B1E880071740BB4118EA020874EB080422
:10C4300019EA020975EB09051AEA020A76EB0A06FF
:10C4400078C080414042BDE8F00770472DE9F00117
:10C4500052424FF0040890E8300091E8C000A31B5E
:10C460001340E41AF618EB1B1340ED1AFF1830C006
:10C47000C0C1B8F10108EED1BDE8F001704700BFBE
:10C4800000B592E8DC072DE9DC07B1E8805702B47B
:10C49000A7FB02510A95A8FB020BE7FB6310E9FB1F
:10C4A00062B00B91A8FB0351EAFB6201E7FB64B5A4
:10C4B000E7FB6605E8FB6615CDF830B0A9FB03B6CF
:10C4C000EAFB6316ECFB6356E8FB640BE9FB641BB9
:10C4D000EAFB645BECFB646B0D90ACFB0230059CEB
:10C4E000EEFB6250E9FB6460EAFB64B0E7FB643199
:10C4F000E8FB6451069CE8FB6461E9FB64B1EAFB7C
:10C5000064010E93A7FB0432079CE7FB6462E8FB1F
:10C5100064B2E9FB6402EAFB6412049CE9FB645325
:10C52000EAFB6463089CE7FB64B3E8FB6403E9FB94
:10C530006413EAFB64230F955DF8049B99E80006F9
:10C54000DDF80080A9FB0854EAFB68B4DDF8108030
:10C55000ECFB6804EEFB6814E9FB6824EAFB683432
:10C56000DDF80480EEFB6865E9FB68B5EAFB680569
:10C57000DDF81480ECFB6815EEFB6825E9FB6835F7
:10C58000EAFB68450F96DDF80880AEFB0876E9FB0C
:10C590006806EAFB6816DDF81880ECFB6826EEFBFF
:10C5A0006836E9FB6846EAFB6856DDF80C80ECFB70
:10C5B00068B7EEFB6807E9FB6817EAFB6827DDF858
:10C5C0001C80ECFB6837EEFB6847E9FB6857EAFB29
:10C5D000686708B000BD00BF2DE9F14F87B0FFF7D5
:10C5E0004FFFDDF81C8008F1200888E8FF00FFBC41
:10C5F00087E87F08BDE8F08F00B591E89857A3FB66
:10C6000003520195A3FB0401E3FB6420E3FB6710E5
:10C610000292A3FB0752E3FB6802E4FB6415E3FB11
:10C620006805E3FB69250391A4FB07B6E3FB6926D4
:10C63000E3FB6A56E4FB670BE4FB682BE3FB6A5BF6
:10C64000E3FB6C6B0490A4FB0810E4FB6950E3FB74
:10C650006C60E3FB6EB0E7FB6721E4FB6951E4FB30
:10C660006A61E3FB6EB1E4FB6E010592A7FB083241
:10C67000E4FB6A62E4FB6CB2E4FB6E02E7FB6E1261
:10C68000E7FB6853E7FB6963E4FB6CB3E7FB6C0310
:10C69000E7FB6E13E8FB6E230695A7FB0954E7FB47
:10C6A0006AB4E7FB6C04E8FB6C14E8FB6E24E9FB5E
:10C6B0006E34E8FB6865E7FB6AB5E8FB6A05E8FBF2
:10C6C0006C15E9FB6C25E9FB6E35EAFB6E450796B8
:10C6D000A8FB0976E8FB6A06E9FB6A16E9FB6C260B
:10C6E000EAFB6C36EAFB6E46ECFB6E56E8FB69B77C
:10C6F000E9FB6907E9FB6A17EAFB6A27EAFB6C3783
:10C70000ECFB6C47ECFB6E57EEFB6E6700BD00BFA9
:10C710002DE9F14F87B0FFF76FFFDDF81C8008F1BE
:10C72000200888E8FF00FFBC87E87F08BDE8F08F9D
:10C7300030B44FF0000310F8014B11F8015B013ADF
:10C7400084EA050443EA0403F5D1A3F101034FEAA7
:10C75000D37030BC704700BF4FF0000310F8012BBE
:10C76000013943EA0203F9D1A3F101034FEAD3707F
:10C77000704700BF30B411F8014B12F8015B6C40F8
:10C7800000F8014B013BF6D130BC70472DE9F007B2
:10C7900091E8F807B2E802105B1854EB0C04B2E819
:10C7A00002104D4156EB0C06B2E802104F4158EB17
:10C7B0000C08B2E8021059EB01095AEB0C0A894146
:10C7C000B3F1FF3374F1FF3475F1FF3576F10006F4
:10C7D00077F1000778F1000879F101097AF1FF3A61
:10C7E00051F100015B184C414D4156F1000657F1E3
:10C7F000000758F1000859EBD1795AEB010A80E89B
:10C80000F807BDE8F00770472DE9F00791E8F80751
:10C81000B2E802105B1A74EB0C04B2E802108D410E
:10C8200076EB0C06B2E802108F4178EB0C08B2E808
:10C83000021079EB01097AEB0C0A89415B184C4133
:10C840004D4156F1000657F1000758F1000859EB29
:10C85000D1795AEB010A80E8F807BDE8F007704784
:10C8600018EB040859EB05095AEB060A5BEB070BBA
:10C870005FF0000C4CF1000C18EB050859EB0609B1
:10C880005AEB070A5BEB070B50EB0C005FF0000C58
:10C8900051EB0C0152EB0C0263414CF1000CB8EB74
:10C8A000070879F100097AF1000A7BEB040BA84133
:10C8B000B141A241B3416CF1000CBBEB050BB0419F
:10C8C000B941AA41BB416CF1000C4CF001068CF05F
:10C8D000020718EB060859EB6C095AEB6C0A7BEB64
:10C8E0006C0B70EB6C0471EB6C0572EB670653EB31
:10C8F0006C076CEB6C0C18EB0C0059EB0C015AEB51
:10C900000C025BF1000354F1000455F1000556EBF5
:10C91000DC7657EB0C0770472DE9F14F87B0FFF736
:10C92000AFFDDDF81080DDF81490DDF818A0FFF7FA
:10C9300097FFBDE8000FFFF793FF03B05DF8048B8E
:10C9400088E8FF00BDE8F08F2DE9F14F87B0FFF7D1
:10C9500053FEDDF81080DDF81490DDF818A0FFF725
:10C960007FFFBDE8000FFFF77BFF03B05DF8048B8E
:10C9700088E8FF00BDE8F08F2DE9F3472B4FC41D79
:10C980000D1E7B788DF8043024F00704BB788DF8F9
:10C990000530064601A90CBF2046002000F0ECFB44
:10C9A00097F800807B784FF0000A984404445FFABF
:10C9B00088F8D1465FFA8AF343452DD3E01C20F076
:10C9C0000304002D49460CBF2046002000F0E4FC83
:10C9D000B978204471B1FB78FA7B033020F003046E
:10C9E000002D1A44D2B27B890CBF2046002000F0F3
:10C9F00047FD2044397B59B1BB784BB1073020F05B
:10CA00000704002D0CBF2046002004F0C7FF20447F
:10CA1000801B02B0BDE8F0873B7AFA79B979787962
:10CA20000CF023FA0AF1010A8144C3E7E80B002065
:10CA30008FB572B6194B9D6AE5B9BFF34F8F184990
:10CA4000184BCA6802F4E0621343CB60BFF34F8F08
:10CA500000BFFDE7B4FBF6F4DAB20133002CF9D1E4
:10CA600002F110036B440A2603F80C4C32B901A8FA
:10CA7000A847E2E7044600230A26EDE7531E04AC6C
:10CA800054FA83F4DAB2C3B2B3FBF6F706FB1733FA
:10CA9000303304F80C3CB0FBF6F0E7E7E80B00207D
:10CAA00000ED00E00400FA051FB5104B1A7A8DF86E
:10CAB0000920DA798DF8082002A89A795B79ADF817
:10CAC0000C20ADF80A3003F0C9FA18B1B5210320E3
:10CAD000FFF7AEFF012301A88DF804300DF0C8FD6B
:10CAE00008B1B921F3E705B05DF804FBE80B0020BD
:10CAF00038B5054680B30AF0A9FF10B94FF0FF30F2
:10CB000038BD07F09FFDB0F5FA7FF7D8154C1648F1
:10CB1000A562002500F0ECF926222946204684F87B
:10CB20002C5084F82D500BF04BFA01236370A37046
:10CB30001B23637140F21B33E380022323721F2304
:10CB4000638108232373EFF3108472B600F070FD45
:10CB50002CB962B62046D3E76FF01500D0E728461F
:10CB6000CEE700BFE80B0020A9CA000010B50028DE
:10CB700037D1204C94F82C3083BB59B1002A33D0E4
:10CB8000023905292DD8DFE801F003101E2C2124DD
:10CB90001378637001210020FFF7EEFEB0F5803FAF
:10CBA00025DA012384F82D3010BD9378E3B1D378D2
:10CBB000D3B113781A2B17D953781A2B14D91368B9
:10CBC000C4F80530E6E71378A370E3E713886381C0
:10CBD000E0E71388FF2B07D82373DBE74FF0FF3024
:10CBE000E2E76FF02C00DFE76FF01500DCE76FF095
:10CBF0000B00D9E7E80B002070B50D460646F0B1F2
:10CC0000E9B111F007041AD100F0B0F8D0B1304604
:10CC10000AF0C8FF0D4E214686F82E002846FFF781
:10CC2000ABFE0EF02FFF96F82E00214603F0AAFA75
:10CC3000FFF73AFF012386F82C30204670BD6FF0D5
:10CC40001500FBE74FF0FF30F8E700BFE80B0020CE
:10CC500010B5084C94F82C302BB103F0ABFA94F8D3
:10CC60002E000AF0BBFF0CF0EFF9002084F82C0036
:10CC700010BD00BFE80B002050B1074B03F11402B8
:10CC800053F8041B40F8041B9342F9D1002070476D
:10CC90006FF01500704700BF2BF90300074B93F8A6
:10CCA0002D2010B532B993F82C401CB903F034FA9A
:10CCB000204610BD4FF0FF30FBE700BFE80B00201F
:10CCC000074B93F82D2010B532B993F82C401CB9BE
:10CCD00003F036FA204610BD4FF0FF30FBE700BFEF
:10CCE000E80B0020074B93F82D2010B532B993F8CC
:10CCF0002C401CB903F0DCF9204610BD4FF0FF308A
:10CD0000FBE700BFE80B0020074B93F82D2010B580
:10CD100032B993F82C401CB90DF0C0FC204610BD70
:10CD20004FF0FF30FBE700BFE80B0020074B93F804
:10CD30002D2010B532B993F82C401CB90DF0B1FC80
:10CD4000204610BD4FF0FF30FBE700BFE80B00208E
:10CD500007C8024B83E8070000207047180C00202A
:10CD6000014B9B68184700BF180C0020024B9868C5
:10CD7000003818BF01207047180C00202DE9F3413E
:10CD8000284E031D04463360304604F095F902280E
:10CD9000054607D1234920460BF020FB284602B068
:10CDA000BDE8F081042836D13378072B18D13E2016
:10CDB00000F04EF878B9F378327901A943EA0223FA
:10CDC0006846ADF800300BF0EAFD0028DCD05321B6
:10CDD0000820FFF72DFE052000F07AF80028EAD0A1
:10CDE000314620460BF05FFBB0F5817F01D3722105
:10CDF000EEE70028C8D0277894F80280384600F083
:10CE000027F80028C0D03E2FC8D1404600F060F877
:10CE10000028C3D1B8E70828C0D1024920460BF04A
:10CE20000CFBBBE7240C0020074B4FF0FF3141F611
:10CE3000FF72C3E9001205490022C1E900221F2147
:10CE4000C3E90212704700BF00000020680C0020F8
:10CE50003F280CD801380B4BC0F3421200F01F00E2
:10CE600053F8223023FA00F000F001007047FF2849
:10CE700006D04038C0F34212034B00F01F00EFE72A
:10CE80000120704700000020680C00200146074B7D
:10CE9000006849681A4603C240F48C221A6041F0C7
:10CEA000107242F4FF625A60704700BF0000002019
:10CEB0000246024B0068516803C37047680C0020AB
:10CEC0000246024B0068516803C370470800002007
:10CED0000138064BC0F3421203EB820300F01F003F
:10CEE0009B6823FA00F000F001007047000000206A
:10CEF000014B1860704700BF700C002010B5FFF7A1
:10CF000093FF0CF0A4FF034B1B68044603B1984742
:10CF1000204610BD700C00200B880288F0B5C3F3CA
:10CF20000E049EB204F11803C57CC35A05352A4489
:10CF30002B4497B213FA82F3013B4288B3FBF7F319
:10CF400013FB07439BB29A42044A93BF22EA0603AB
:10CF5000324013439BB20B80F0BD00BF0080FFFF47
:10CF600010B5114B00EB41041A786389B3FBF2F35F
:10CF700003FB0223013A1A44B2F5706F027928BF0D
:10CF800000231A448378B2FBF3F0194403FB10200A
:10CF9000091AB1FBF3F003FB101313446FEA434388
:10CFA0006FEA5343638110BD740C002010B5104B21
:10CFB000C0B15A78022A04D040F259111720FFF765
:10CFC00037FD03225A70026812F0070102D04FF4B5
:10CFD000AF71F3E75C685A6022440260C3E9031151
:10CFE0009A6010BD0122C3E901005A70F9E700BF41
:10CFF000740C00202DE9F041254E96F801E00EF06A
:10D00000FD0CBCF1010F04D040F273111720FFF7A3
:10D010000FFD91F80680B8F1080F02D940F27511A2
:10D02000F4E7CF7997B34546022D726838BF0225E1
:10D030007B1D5C0002EB43036A1E13446D422B40D0
:10D040008D884544013DC8F100022A404FF6FE7527
:10D05000AA4202D94FF4C071D8E7BEF1030F12D132
:10D0600006EB80001C1BC56815B140F28511CDE7A9
:10D07000C460A770228084F803C0087A0968207110
:10D08000080CE080218107FB02337360BDE8F0816A
:10D09000740C00202DE9F041364C6378012B65D0EB
:10D0A000032B04D040F295111720FFF7C1FCD4E9FF
:10D0B00001329A4202D04FF4CC71F5E7A446002326
:10D0C0005CF80C6F23701D4601229E465CF822100E
:10D0D000571E49B108798A78FF2829D181F804E0E0
:10D0E00095423CBFD5B201230022002FEED003B100
:10D0F0002570256925B3002640F6FF67AB78F1B2AD
:10D100008B421DD905EB410328465F81FFF728FFBD
:10D110000136F3E776B196F8048080450CD1B078FB
:10D120000244FF2A0AD903B125704FF49A71BBE774
:10D13000002FEFD00020F3E73846F1E70871CFE782
:10D14000E56875B1002640F6FF67AB78F1B28B4217
:10D1500007D905EB410328465F81FFF701FF013640
:10D16000F3E7042363700020BDE8F08102236068C8
:10D170006370F9E7740C0020F0B585B01B4E009089
:10D1800004460D4630B17378022B02D00020FFF721
:10D19000F3FF6846FFF70AFF154A2B78019208272C
:10D1A0004FF43872002001A9ADF808208DF80B303B
:10D1B0008DF80C008DF80A70FFF71CFF6B780D4A94
:10D1C00001928DF80B304FF48872FF2301A90120E2
:10D1D000ADF808208DF80C308DF80A70FFF70AFFC3
:10D1E000FFF758FF7068001B05B0F0BD740C0020FD
:10D1F00027BA010079910100F8B54FF6FF7303805B
:10D20000184B03EB81030546D868B8B186780379DB
:10D21000B3FBF6F206FB1233DBB219460A1D00EB34
:10D220004202B2F902705488002F09DB0131B1FBD0
:10D23000F6F206FB1211C9B28B42EFD10020F8BD05
:10D24000FF29FBD0C4F30E03C4782B8024B940F22D
:10D25000C7211720FFF7ECFB5380BDE8F8400BF027
:10D26000E3BD00BF740C00201E4B03EB810370B5BF
:10D27000DC6805464CB3B0F5706F04D340F2D5219D
:10D280001720FFF7D5FB014620460BF0AFFDFF2826
:10D29000014604D02046BDE870400BF0C5BDA07823
:10D2A000B5FBF0F300FB1353DBB219460A1D04EB88
:10D2B0004206B6F90260002E09DB0131B1FBF0F243
:10D2C00000FB1211C9B28B42F0D1002070BDFF29C2
:10D2D000FBD08B4204EB42021CBF0023E37055805D
:10D2E000D8E700BF740C0020094B03EB810310B595
:10D2F000DC68014620460BF079FDFF28014604D08A
:10D300002046BDE810400BF08FBD002010BD00BFCF
:10D31000740C00200F4B03EB810370B5DC680146F1
:10D32000064620460BF062FDFF28054610D0014658
:10D3300020460BF079FDE2882389014643EA024347
:10D340003046984720462946FFF70AFE002070BD68
:10D350000320FCE7740C002038B50E4B827903EBF8
:10D3600082030446D86808B9022038BD8278E17982
:10D370009142F9D24B1CE37100EB41035D89B3F993
:10D380000A30002BF3DBA5800BF04EFD206000205F
:10D39000EBE700BF740C002070B5044610F00300EA
:10D3A0000E4603D049211820FFF742FB0BF0C2FCC8
:10D3B000054624B10348314604600BF0BBFC284607
:10D3C00070BD00BF880C00202DE9F04F1E4C85B0C9
:10D3D00092462268BDF83CB098468146BDF8383088
:10D3E0000D461AB95B211820FFF722FB1A460A21C5
:10D3F000504603930BF049FB5A4606460921404626
:10D400000BF043FB3118074620680BF0BEFC039B72
:10D41000C9F8000018B9286005B0BDE8F08F84197C
:10D420002C60D9F800000093524631460A230BF0D5
:10D43000DEFA2868CDF838B009234246394605B0EF
:10D44000BDE8F04F0BF0D3BA880C002070B50E4643
:10D4500004460BF023FB054630460BF01FFB044B44
:10D460002A1821461868BDE870400BF0B8BC00BF10
:10D47000880C0020014B18680BF07ABC880C002047
:10D48000F8B511441D4EC9B210F00305317003D038
:10D490004E210920FFF7CCFA1F2B19D89B009BB215
:10D4A000033323F003039BB208B17060338101EBB7
:10D4B00081047668E2004FF0010C00EBC404EFB287
:10D4C000B94212D8D01D03FB010020F00700F8BDBF
:10D4D000FF2B4FEA430204D9FF339342DFDB93B2C1
:10D4E000DEE77C2AFBDC7C23DAE710B186F800C09B
:10D4F0007460013528361C44E1E700BF8C0C002025
:10D5000038B5144A147853680021C8B2844203D84D
:10D51000A9210920FFF78CFA184601310578283334
:10D52000002DF2D0012412894470002144688170DA
:10D530008161C161920800F12001051D21F8022BD3
:10D54000994245F8044B1444F8D100234361037019
:10D5500038BD00BF8C0C00202DE9F8434B78804685
:10D560000C4602F0040602F0FB07D3B1DFB12F4BEB
:10D57000D4F804901D89BFBB01236370AD08A76177
:10D58000E76104F120034A46211D04F1280023F835
:10D59000025B984241F8042B2A44F8D100236361CE
:10D5A00001E0002FE3D0002E4FF0FF0318BF02264A
:10D5B000A370A3191B7D032B03D1022F1CBF0136BF
:10D5C000F6B2A31901221A7506F10C0204EB8606C5
:10D5D000002324F812307268A370C8F80020A8F85D
:10D5E00004304046BDE8F883002114226170A01881
:10D5F0000AF0E6FCB5F5FF7F0FD26B08ED1AADB26D
:10D6000009EB0502C4F804902584A2606384C4F881
:10D610000C90A5842261E384C5E7B5F5EE6F4FF069
:10D62000FF03EBD940F27265EAE700BF8C0C0020E3
:10D63000134B012200214FF0FF309A60C3F8001213
:10D64000C3F80803C3F80015C3F804259A60C3F8AB
:10D650000803C3F80015C3F804250A490A4A03F56C
:10D6600080334FF40040C3F80825C1F88000BFF3B1
:10D670004F8FBFF36F8FC1F88001C3F80825704743
:10D6800000F0004000E100E00000F63F0A461A23E7
:10D6900002F8033B0448C368C1F8033003695360D0
:10D6A00043699360704700BF980C0020024B5A8C6E
:10D6B00002435A845B6A1847980C0020014B0021F2
:10D6C0005B6A1847980C002010B5114C06F0CCF896
:10D6D00005F02AFD208DFFF7F1FF237E6BB1224676
:10D6E0000C4952F80C3BE36063685360A368936095
:10D6F00004F1190002220DF0EEFCE36A94F82A10FE
:10D7000094F82B009847002384F8303010BD00BFF8
:10D71000980C00208DD60000034B93F830300BB1ED
:10D72000FFF7D2BF704700BF980C002070B51D4CAA
:10D73000A56B236CE36395F8A330064694F8440088
:10D740000BB10430C0B295F86D102EB9FF2803D18B
:10D7500095F86C308B4201D005F050FF95F8A3305E
:10D76000D3B1A06C06F002FA012384F86830D5E941
:10D770004023A16CE06BC4E9182305F093FC16B9B3
:10D78000304606F031FA95F86C10002006F076FA73
:10D79000022384F8303070BDE06B06F0E7F905F045
:10D7A000C3FCECE7980C00202DE9F743404C94F8BB
:10D7B0003030A66B012B05460F465FFA83F804D084
:10D7C00040F25C412720FFF733F996F890303BB1E7
:10D7D000002186F890100420FFF768FF86F89280F9
:10D7E000A16F0B7803F00303032B05D196F8963055
:10D7F00013B90220FFF75AFFA26F137803F0030357
:10D80000032B03D05378002B3ED1012386F89630AA
:10D8100096F8A330B3B1D6E94001A36B94F84490D5
:10D82000C4E918014FF0010893F86D0084F868808E
:10D830000BF00CFC0022034600921E494A4640466B
:10D8400005F0EAFBDDB9D7B1E36F28469847B0B1E0
:10D8500094F82A309BB994F88030D906C3F30012AB
:10D860005CBF236C1D78D4F884305CBFC5F3001511
:10D87000C5F1010553B9B4F888303BB132B903B0F2
:10D88000BDE8F043FFF720BF0223BFE7638C9A0790
:10D8900009D5A36FDB78022BF1D1002003B0BDE8DE
:10D8A000F043FFF743BF002DE9D1002BF5D0E6E7A9
:10D8B000980C0020E80C002008B5094B93F83020A4
:10D8C000022A04D040F23D212720FFF7B1F8DA7A8E
:10D8D00042F00102DA72BDE80840FFF7F5BE00BF72
:10D8E000980C0020044B93F8302002F0FF000AB996
:10D8F000187670470C207047980C00200A4B0B4A92
:10D9000070B506460D461A60FFF7ECFF18B1DF212F
:10D910002720FFF78DF8064C012104F18A000DF055
:10D92000CBFA2664A56470BD40000020D8E000005A
:10D93000980C0020024B012283F8AC20704700BFF6
:10D94000980C00202DE9F043814C85B002AE86E8AA
:10D95000030094F830100C9F01F0FF0511B90AB1D3
:10D9600003B127B94FF4A8712720FFF761F896E8B3
:10D97000030004F1340C8CE8030084F8AC5084F804
:10D980002A5084F8AD5084F82B5084F8AE5065844A
:10D990002585A56BE3676262E76205F06DFE05F021
:10D9A000C3FB95F9700005F0F3FE686A06F0D0F845
:10D9B000E86905F0F3FE95F8B30005F015FFA36BD9
:10D9C00093F80C320BB105F045FE95F86D1001206F
:10D9D00005F0DAFF002800F0B7805E4B5E4E186855
:10D9E00006F0BCF82B69C4F8B0306B69C4F8B430E9
:10D9F00005F58C7705F5847318685968324603C2BB
:10DA00000833BB421646F7D1D5F81821C4F869206F
:10DA10005A68524B5A60A36B93F89D20A2F12501DE
:10DA2000012993F86C100E4603D993F89E0025281F
:10DA300056D193F8B6322BB1012E03D0012B14BF6F
:10DA40000226012605F13407314638460DF0D7FB92
:10DA500031460DF06EF8B5F8403095F86D10834200
:10DA600028BF0346384684F8B8300DF0B1FB95F86E
:10DA70006D1095F8A360B5F84880082908BF042107
:10DA80000DF057F80EB9043080B2404528BF40462B
:10DA900095F8A3305FFA80F884F844809BB1D5E90B
:10DAA000406795F86D004FF00109C4E9186784F8E4
:10DAB00068900BF0CBFA00220346009226494246BA
:10DAC000484605F0A9FA0120FFF730FE244BD3F8B1
:10DAD000503523F00803032B2AD14FF4FD7143E79F
:10DAE000203A012A0CD8232893F83E210AD012F0BC
:10DAF000010319D19207A5D5012918BF0226A1E774
:10DB000023280DD193F83E2193F86530134013F08C
:10DB100001020BD19B0795D5012908BF0E46ECE702
:10DB2000042908BF08268DE71E468BE7164689E7BD
:10DB3000002323606360A360B5F8943063802B8872
:10DB4000238095F8B330237105B0BDE8F08300BFA2
:10DB5000980C002040000020E80C0020010D00205F
:10DB60000010004008B50C4B93F830201AB9BDE8FE
:10DB70000840FFF7A9BD93F83020022A04D040F2F4
:10DB800013212720FEF754FF9B6BD3F82002BDE83A
:10DB9000084005F0FDBF00BF980C0020014B18762F
:10DBA000704700BF980C0020014B93F8AE007047FF
:10DBB000980C0020024B188DC0F38020704700BFE6
:10DBC000980C0020014B93F8AD007047980C002092
:10DBD0002DE9F3411E4D8207AC6B06460F4622D558
:10DBE000D5F8843023B940F24D412720FEF720FFBD
:10DBF000B5F88820E96B1846033291F801800AF0E5
:10DC000067F90DF1020201A9E863D5F8B4000BF041
:10DC100087F801980BF06EF8012238604146D5F87C
:10DC2000B4000BF013F8F3070ED5D4E940320133FA
:10DC300042F10002C4E9403294F89830012B0CBF45
:10DC40000023012384F8983002B0BDE8F08100BFC2
:10DC5000980C00202DE9F04F9C4C002387B0CDE9B3
:10DC6000043394F83030A76B022B8146884604D0E9
:10DC700040F2CF412720FEF7DBFE238D5B0606D462
:10DC80004020FFF71BFD238D43F04003238597F8C9
:10DC9000A330B9F1000F00F00A81A3B105F072FAC8
:10DCA00005F056FA78B9E36B5A7862B11B7897F8A9
:10DCB0009820C3F3C0039A4205D1012384F82B3086
:10DCC000FFF702FD47E1E36B5978A4F8881011B320
:10DCD000D4F8B4000AF090FFC4F88400238D97F8BC
:10DCE000972043F480732385E36B1B78C3F3800391
:10DCF0009A4200F0B180A56B95F89630002B3ED08B
:10DD0000022B12D1D4F8B00004A90AF00CFF28B9F4
:10DD100040F2CB31AEE7C4F88410DFE7D5E93E32FC
:10DD2000013342F10002C5E93E3295F892300021FC
:10DD300085F8961023B185F892101020FFF7B6FCF5
:10DD400095F891309BB1002685F8916002F008FCAF
:10DD500010B940F2E2318DE731460820FFF7A6FC0A
:10DD6000D5E93E32013342F10002C5E93E3295F871
:10DD70009730012B0CBF0023012385F89730238DAA
:10DD800043F4806323854FF0000BE16B97F89820F4
:10DD90000D78C5F3C0039A427ED105F00305032D2B
:10DDA000A66B5BD0002D64D196F89830013B18BF6C
:10DDB000012386F89830E36B5B7833B1D6E94032C3
:10DDC000013342F10002C6E9403297F8A23093B124
:10DDD000D7E93E23A16B002691F86C0084F86860B7
:10DDE000C4E918230BF032F9394900960346FB22A7
:10DDF000304605F011F9B8F1000F6BD194F8AD3051
:10DE0000012B67D8E36F01209847002862D094F86F
:10DE10002AA0BAF1000F5DD1A66B94F8443096F8B1
:10DE2000A3208DF80D80002A40F09880FF2B96F8F3
:10DE30006C1003D196F86D308B4202D0FF2005F0B4
:10DE4000DDFB96F89630032B00F22F81DFE813F00C
:10DE500089000E0111012401CB4696E7238D012094
:10DE600043F4006386F890002385FFF71FFC00252C
:10DE70009AE74B78002BFAD0228DD4F8845042F4E4
:10DE800000622285002DA0D0FB2B07D894F8AC307F
:10DE90005BB12020FFF712FC002596E794F82A30AA
:10DEA00043F0100384F82A30F6E74D467CE70BB1C7
:10DEB00005F09EF994F8AD30013384F8AD30238D30
:10DEC000002543F400732385AB467EE7980C0020C1
:10DED000E80C002005F0F2FE4FF001081DB105A985
:10DEE0000220FFF775FEBBF1000F0DD0B4F807203C
:10DEF000B4F805301343B7F8942013431EBFB4F8A9
:10DF000009300133A4F80930B9F1000F00F0D580D1
:10DF1000B4F805300133A4F80530002384F8AD309F
:10DF2000694803F075FC049840B10AF0E3FEA16B68
:10DF300000234372082201300DF0BBF8059B33B17A
:10DF4000A16B00221A72059810220DF0B2F8B8F1F8
:10DF5000000F7FF4B5AE07B0BDE8F08F0433DBB23D
:10DF600064E794F8B830ADF80E305848A6F85C3045
:10DF700002F0E6FA00285DD0A16F8020FFF796FB43
:10DF8000012386F8913096F89730A26FDB0003F0FA
:10DF90000801137803F0F3030B4396F898108900F7
:10DFA00001F004010B4323F0100103F00303032BE2
:10DFB000117002D1D378022B0FD0D4F8B0000AF040
:10DFC000FAFD40B9A36F1B7803F00303032B04D0C1
:10DFD00002F0DCFA08B94FF0100AA06F03784AEAA1
:10DFE000030A80F800A096F8A230002B60D0437896
:10DFF000002B5DD0A06C05F0B9FD002384F86830DB
:10E00000D6E93E23A16FA06CC4E9182305F04AF8B5
:10E0100096F86D10012005F031FEA26F1188A4F86A
:10E02000801091782A4A012384F8AE30917084F8E8
:10E03000303053E7D4F8B0000DF10D020DF10E01B0
:10E040000AF04EFDA06788B196F8DB3073B99DF8F1
:10E050000D302BB903808370A06F01210CF02CFFD1
:10E06000BDF80E10A06F0CF0F3FF8CE7194BA367FF
:10E0700089E7B6F85C30D4F8B000ADF80E300DF199
:10E080000D020DF10E010AF02BFDA06700287FF4B0
:10E090007AAF40F2D621EDE50C4802F051FA0028A3
:10E0A0007FF471AF40F2DF21E4E54FF43B71E1E52D
:10E0B00005F05CFD05F038F8AAE7B4F80730013345
:10E0C000A4F807302CE700BFCC0C0020100D002076
:10E0D000180D0020220D0020B9D8000055DC0000EA
:10E0E000A9D7000019D7000038B5074D044600F144
:10E0F000510128680CF055FE94F850102868BDE8CE
:10E1000038400CF05CBE00BF540D0020F8B504464A
:10E110000E466588407F15F00401134618BF04F1D0
:10E120005F01324602F0F0FCC20705460BD5012321
:10E1300084F85030607F02F04BFD0368C4F8513022
:10E140008388A4F85530AB070CD5094E01273068F9
:10E1500084F85E7004F15F010CF02AFE30683946E5
:10E160000CF036FE85F00400C0F38000F8BD00BF5F
:10E17000540D002038B5C38D0E4D0133C385AB7CE3
:10E1800004462BB105F060FD04F0EEFE0023AB74F5
:10E1900000232B7194F869302BB101212046BDE892
:10E1A00038400BF0B1BB637C13B1E28D9A42F4D2DC
:10E1B0000021F3E7540D002070B5294C2379022B80
:10E1C00007D02379032B04D040F6EC412D20FEF735
:10E1D0002FFCA0B90125A37C1BB105F035FD04F08F
:10E1E000C3FE002D3AD0E0690BF006FB002830D0CA
:10E1F00005F03AFB236ABDE870409B681847216828
:10E20000E26911F8095B02F15103E80992F8502024
:10E210000CF09FFB0028DDD0206800210CF0FEFDF3
:10E220000028D7D02379E069022B05D02379032B6E
:10E2300002D040F6C541C9E72379226A03F1804341
:10E240005269023B05F00F0152F82330984705460A
:10E25000C1E7E069BDE87040FFF78CBF70BD00BF4B
:10E26000540D00202DE9F04104460E4619B300F18B
:10E27000280528460BF0FCF8A0B963881A072DD5AD
:10E2800028460BF00CF9074628460BF0F1F8381A2F
:10E29000C0B20BF014F9594A9368034428469360BE
:10E2A0000BF0C2F828460BF0C4F805F09DFA21796E
:10E2B000252005F0A3F9514D94F85E7028680023DD
:10E2C00003806388103B0D2B61D8DFE803F05E60AC
:10E2D0005A0C603F606060606060603F2046BDE84F
:10E2E000F041FFF747BF002102F0A0FD2A68137834
:10E2F00023F0200343F0200313702046FFF7F4FEC1
:10E30000638823F008039BB2152B05D094F83820BE
:10E31000616B28680CF063FD286805F027FC042376
:10E320002B7136B16388102B36D12179002005F08E
:10E3300061FA6388103B0D2B5AD8DFE803F05C5973
:10E34000535359535959595959595953012102F0A5
:10E350006DFD2868037823F0200343F02003037049
:10E3600047B104F15F010CF023FD012128680CF096
:10E370002FFDC2E704F158010CF01AFD94F8571074
:10E38000F4E7062102F052FDB7E70221FAE740F276
:10E3900049612D20FEF74CFB04F128084046EF6848
:10E3A0000BF07DF8064640460BF062F8013E301A4D
:10E3B00061882822C0B200F09FFC63881B070744D5
:10E3C00006D5AB681F440BF077F83844C4F8D0008A
:10E3D00022793946002005F03FFB0028A9D140F6FC
:10E3E0006151D6E721790120BDE8F04105F046BC36
:10E3F00040F67551CDE7BDE8F08100BF540D002017
:10E4000038B54388102B044604D1BDE838400121BB
:10E41000FFF728BF0B4DAB7C23B104F08BFD4020F0
:10E4200005F006FC286805F0A1FB608810F00400E8
:10E4300002D1217905F022FC002005F0D5FB022352
:10E440002B7138BD540D0020024B0121D869FFF714
:10E4500009BF00BF540D002010B5134CA37C1BB1A5
:10E4600005F0F2FB04F080FDE0690BF0C5F970B136
:10E470002379E069022B0FD12379226A03F18043CB
:10E48000D268023BBDE8104052F823301847E069DB
:10E49000BDE81040FFF76EBE2379032BECD040F6A9
:10E4A000F4312D20FEF7C4FA540D002018B1084BAA
:10E4B000D869FFF75FBE51B1054A1379116AD06977
:10E4C000096903F18043043B51F823301847704732
:10E4D000540D00202DE9F043032985B005469046F0
:10E4E0007ED090F8683003F0FF02002B7DD1052923
:10E4F00004D16B88DE0760D5002A5ED10127DFF8E2
:10E50000F09099F81260B6B10CF067FA082888F814
:10E51000000014D002AA0DF1070102F0C5FA20B9DB
:10E5200040F63D712D20FEF783FA9DF8070002A901
:10E530000DF064F9064698F80030082B08D1D9F898
:10E54000001011F8030BC0F380100DF057F90646C8
:10E55000D9F8001095F8572011F8030B05F158036E
:10E56000C0F380100CF0F5F9D9F80010044611F84A
:10E57000030BC0F380100CF026FA814602F03AFB40
:10E58000014640B1B9F1080F1BD0484602F0B2F97C
:10E5900080F00101C9B298F80000082815D094B99C
:10E5A0006B7F1C1A604260416B885A0706D421B900
:10E5B00096B9EB7C93B1BB4210D0002005B0BDE80A
:10E5C000F0830021E7E70120EEE714B181F00104B8
:10E5D000E4B204F00100E7E73046EFE70120EDE7A1
:10E5E00043889B07E9D5022789E70529E5D180E71C
:10E5F000540D0020032973B5054604D0052955D0D4
:10E60000012002B070BD08230DF107028DF807301C
:10E61000FFF760FF0028F3D02B7C294E0BB39DF849
:10E62000070095F8B630E3B92B7885F8B73008289D
:10E6300005F1B9022BD005F1B80102F035FA20B985
:10E6400040F6BA712D20FEF7F3F995F8B83043F093
:10E65000020385F8B8301B49022205F1AE000CF028
:10E6600028FD306800240421048002F0DFFB2846E6
:10E67000FFF73AFD95F84020E96B30680CF0BEFBDF
:10E6800030680523337105F071FA2046B9E7306828
:10E69000034613F8031BC1F3801185F8B810D0F8B6
:10E6A0000310C5F8B9109B889380D4E7064B1B680C
:10E6B00023B1984780F00100C0B2A2E71846A0E756
:10E6C000540D002083900100440000202DE9FF47F5
:10E6D00008230DF10702052104468DF80730FFF7E6
:10E6E000F9FE074620B90027384604B0BDE8F08798
:10E6F0007B4E3168F27C11F8030B06F11403C0F372
:10E7000080100CF026F980460028ECD1256A32688A
:10E7100095F8A530117803EA511303F0010385F849
:10E72000A530D2F80F30EB61537D117D1B0443EA15
:10E730000123D17C0B436B62B2F819000CF043FA51
:10E740003368A86181460146987D0CF040FA336831
:10E75000A8854946B3F817000CF042FA3368A8625E
:10E76000B3F81B202A84B3F81D206A8493F8242070
:10E7700002F01F0285F8B120D3F81F00029093F831
:10E7800023308DF80C3002A905F1A5000CF05FFADA
:10E79000336893F824305B0985F80D3240F2011399
:10E7A000A5F86C304FF0FF0A05F1340085F86EA033
:10E7B000414602F039FD284694F912100CF0F9F99F
:10E7C000256A84F873802B88A4F8743084F891A0AB
:10E7D0004FF6FF73A4F89230A8699DF807900CF0EB
:10E7E000ECF92B8CA4F88C306B8CA4F88A00A4F87C
:10E7F0008E3095F80D3284F89030237F04F17E023C
:10E8000083B394F85030012B2CD194F8563003F098
:10E81000C003402B26D1D4F85130C4F87E30B4F870
:10E820005530306893800346B9F1080F13F8032B75
:10E83000C2F3801284F87720D0F8030004F1780244
:10E8400004F1840144D0C4F884009B888B8048463E
:10E8500004F1770102F028F940B940F64A412D2031
:10E86000FEF7E6F80023C4F87E30DAE794F8773054
:10E8700043F0020384F877301A49022204F16A0057
:10E880000CF017FC236A18491A88A4F8AB2093F8F7
:10E89000A53084F8AD30022204F1A2000CF009FC8E
:10E8A000124B206A1B68002232710BB12146984737
:10E8B0003368226AD3F80310C2F80310B3F80710C4
:10E8C000A2F807101B78226AC3F3801393700BE73A
:10E8D000A0679B8893800023C4F884308B80CBE7AB
:10E8E000540D00209B9001006D9001004800002015
:10E8F00010B50B4B1A798AB11A79DC69022A02D059
:10E900001A79032A05D19B7C1BB105F09DF904F00F
:10E910002BFB2046BDE81040FFF72CBC10BD00BF0C
:10E92000540D002010B50948037903F0FF0453B9D2
:10E9300018222146043009F043FB05F085F904F064
:10E9400013FB204610BD0C24FBE700BF540D002034
:10E9500010B5094C002323712060FFF7E3FF20B1BD
:10E9600040F21E312D20FEF763F8236A13B940F2FE
:10E970002131F7E710BD00BF540D0020014B024AC2
:10E980001A627047540D0020A0EC0000034B044AAB
:10E990001A60044B044A1A60704700BF440000200C
:10E9A000CDE600004800002059F800002DE9F041B4
:10E9B000067DB31EDBB2012B04468CBF4FF000086E
:10E9C0004FF001087EB3B71E18BF0127012B36D8C0
:10E9D00000F1580190F857000BF0F5FF08280546A4
:10E9E0002DD001F093FF58BB657784F81C8084F824
:10E9F000507002F053F805460DF023FB174BA5FBB2
:10EA000003351B1845EB01050022C4E9123584F8D3
:10EA10005E2011462046FFF779FB70B940F2B641FF
:10EA20002D20FEF705F83746082504F15101002096
:10EA300001F0D2FD0028D7D10020BDE8F0810825E3
:10EA4000022EF2D0E37E002BF6D0D4F81530C4F8B5
:10EA50005130B4F81930A4F85530C5E740420F00E2
:10EA60002DE9F041604D2B7986B0044603F0FF0795
:10EA7000002B40F0B7800378FF2B00F0B3805B4B96
:10EA800002935B4B03935B4B04932B6A6F715B6840
:10EA900080F8697002A805932F82AF60AF7105F00E
:10EAA0005DF804F0E9FD05F0CFF804F05DFA524896
:10EAB00004F074FE04F12806504805F049F8304689
:10EAC0000AF0B2FC30460AF0B4FC04F08DFE217965
:10EAD000252004F093FD94F9120004F059FE2179E9
:10EAE000384604F051FFE86028B901232B713846FD
:10EAF00006B0BDE8F08104F13401206B0AF013FA8E
:10EB000004F13C018046206B0AF034FA0646B8F165
:10EB1000000F03D094F82430002B3DD10EB194F8AF
:10EB20002560237F13B963885A070AD5D4E91212E6
:10EB30006FF000439A4208BFB1F1FF3F2ED1002E83
:10EB400034D12868033001F0CDFF6388A874DB0757
:10EB5000CDD50023266ACDE90033FF23EB7406F1FF
:10EB60000A086846FEF7F8FB0028C0D1009CA642C0
:10EB7000F7D0727A607A434604F10A010BF0E9FE9D
:10EB80000028EED0A378EB74D4F8030068611C4B26
:10EB9000B4F807209A80AAE70126C2E70DF051FADF
:10EBA000D4E91223904271EB0303C8D3012206EA91
:10EBB00002012046FFF7AAFA68B101F06FFF06468E
:10EBC0000DF03FFA0F4BA6FB03361B1846EB010670
:10EBD000C4E91236B5E7002EB3D040F614212D203B
:10EBE000FDF726FF0C2782E7540D002059E40000B2
:10EBF000B9E10000ADE40000D6BE898E5555550040
:10EC0000680D002040420F0038B50546FFF728FF89
:10EC1000044638B9044B1B79012B03D00146284622
:10EC2000FFF720FB204638BD540D0020024BD86171
:10EC30001B6A1B68184700BF540D002008B5044B21
:10EC40001B79012B01D1FFF795FA002008BD00BF09
:10EC5000540D002043881B0710B5044612D5036AE3
:10EC60000A493C2280F873201B88A0F87430FF23E7
:10EC700080F891304FF6FF73A0F8923002226A308C
:10EC80000CF017FA012384F8693010BD9B90010045
:10EC9000F5E5000001E40000FB900100F5900100A3
:10ECA00009EC0000F1E8000049E400009CEC0000E1
:10ECB00094EC000090EC00000138022808B503D95C
:10ECC000CA212F20FDF7B4FE13290A4B05D81129BC
:10ECD0000CD8102907D0D821F3E71529FBD103EB75
:10ECE0004003D88801E033F8100008BD03EB40036F
:10ECF0009889FAE7A4AA030008B5431EDBB2012BEA
:10ED000005D91D291ED0EE212F20FDF791FE1039C7
:10ED10000D291BD8DFE801F0071A11111A0C1A1A75
:10ED20001A1A1A1A1A160B4A02EB4303588A08BD1C
:10ED3000084A02EB4303D88AF9E7064A02EB430389
:10ED4000588BF4E740F25A335843F0E74FF481719F
:10ED5000DAE700BFA4AA03000B2808B504D940F2E3
:10ED60004F310620FDF764FE014B33F8100008BD5B
:10ED7000C4AA03002DE9F04F8BB004461546029358
:10ED8000894690F86DB00BF0D4FC064694F80D025D
:10ED9000FFF7E2FF94F89E300393064485F00103E9
:10EDA000B6B2059355BB94F85432032B26D1039B7E
:10EDB0000D2B23D1B4F8B4324B451FD1D4F85C32BB
:10EDC000C4F84832A369B4F82622C4F84C32B4F827
:10EDD0009A321344C4F85032204604F01BF8D4F899
:10EDE000B832A362B4F8B632A385D4F8BC32A361BA
:10EDF000D4F8C0322362022384F85432B4F89872F3
:10EE0000B4F89480A9EB07073FB204F51C73A9EB93
:10EE10000808002F04930FFA88F86EDAD4E9A223C9
:10EE20004746C4E9A42301230493CC4B1B7803F089
:10EE3000FF05002B54D005F085FC054600284FD077
:10EE4000B4F83C32012B6DD994F85432022B69D0BE
:10EE500094F86A52002D65D194F80D02FFF77CFFFB
:10EE600094F8543200F5C866012BB6B2D9B24CD131
:10EE700094F8A130D4F828A0032B40D1D4F84C52F8
:10EE800055443146D4F84C0205F0B2FBD4F8483270
:10EE9000C4F84802A0EB030AD4F8503231462846A1
:10EEA00003FB0AFA05F0A4FBD4F85852C4F8580240
:10EEB000451B3146A06905F09BFBAA44B4F82652D5
:10EEC000D4F850324544ED1BDB432B44D4F85C525C
:10EED000451B05FB03A50123C4F85C0284F86A32D4
:10EEE00094F85432DFF874A2032B00F28281DFE839
:10EEF00013F01B0016016B003701029B94E72846B4
:10EF00000BF041FE00EB0A05BBE7A069314605F0B6
:10EF10006FFBB4F82652D4F85C324544ED1BC31A9B
:10EF20005D43D8E70025DBE7012100200BF02BFE35
:10EF30008046A06A3146404405F05AFB3146C4F889
:10EF40005802A06905F054FB07A9C4F85C0208A8A0
:10EF500004F0BCFE079B0093D4E9A401DDE908237B
:10EF600008F058FC834620460AF0E3FBD4F8A032B0
:10EF7000A66A94F86D001E4404F0D4FFD4F8581229
:10EF8000A6F120077F1A00F523404FF47A73474417
:10EF9000A130B0FBF3F0A38DA7EB0B0730313F1A84
:10EFA00003EB410194F86D000AF08DFAD4F8A03219
:10EFB000FB1A2230B3F5C87FCAF8040055D840F2D6
:10EFC000ED413020FDF734FDA36AD4F84C02314600
:10EFD000184405F00DFB3146C4F85802A06905F04D
:10EFE00007FBC4F85C0220460AF0A3FBB4F8263203
:10EFF000A66AD4F84C72002B40F08C80029B002B48
:10F0000000F0888094F86DB0584604F08BFF3744C8
:10F01000D4F8A422D4F8583204938046203F5846AE
:10F02000174404F077FF049BFF1A3F1A08F52348A2
:10F0300008F1A1084FF47A70B8FBF0F8A7EB0807C5
:10F04000D4F85812D4F84832D4F8502294F86D000D
:10F05000303102FB0311A38D03EB41010AF033FAB7
:10F060000123CAF8040084F85432A669D4F85C324B
:10F07000A6F21B26F61ADAF804309E4228BF1E4676
:10F080006E23A4F87832D4E9A4327F1BDF1942F151
:10F0900000024FF00008C4E9A072C4F8206284F8AE
:10F0A000708204F134000CF091F8B4F81012A4F856
:10F0B0009892D4E9A023A1EB09090FFA89F9C14577
:10F0C000C4E9A423C8BF022384F87A82C8BF84F8A5
:10F0D0007A32039B06440D2BC4F87462029B00F045
:10F0E0008B80002B40F0898094F85432002B00F084
:10F0F000A280A169D4F85C3204F51C70C91A0BF027
:10F10000E7FC80B2002800F09680149B03B11880C1
:10F110000120A0E0D4F8580237443F1A90E7D4F811
:10F120005C22A369D4F85002D4F848129B1A5F43BA
:10F13000B4F826329844C3439844D4F85832303354
:10F1400001FB0033A18D94F86D0002FB083301EB45
:10F1500043010AF0B8F9CAF8040086E7780D0020E8
:10F16000A369D4F85C021B1A5F4394F89D30252BE9
:10F1700003D094F89E30252B0AD1B4F8B432A9EB11
:10F1800003031B0404D494F8B732002B18BF9B462A
:10F19000049B03B3B4F82632EBB9D4F8A43213B904
:10F1A00040F23F510DE794F86D0004F0BBFED4F837
:10F1B000A4320646203B94F86D00049304F0AAFEA6
:10F1C000049B1F44381A06F52343A1334FF47A7782
:10F1D000B3FBF7F7C71BB4F82612D4F85C324144EE
:10F1E00059433031490058460AF06DF91B4B5860BD
:10F1F0003BE740F25451E4E6EBB1B4F83C1221B3E2
:10F20000B4F83E2294F84032A4F83E2202FB0333C5
:10F21000994202F101000EDD94F87A325BB10023CD
:10F2200084F87A32A4F83E0202F086F800F0070073
:10F23000013084F8400294F89C0204F51C7107F038
:10F24000E3FA20B940F29D51BBE60A46DAE7059B96
:10F2500084F8683200200BB0BDE8F08F780D0020F4
:10F260002DE9FF41044618B994213020FDF7E0FB59
:10F27000082900F23281DFE811F0090080008A00DD
:10F280008A00850030011C0124012E010023C0F8F2
:10F29000A43290F86832B0F89420002B65D0B0F812
:10F2A000663293425BD1B0F81422A0F89420D31AAE
:10F2B000A0F81632D4E9A0232046C4E9A22303F023
:10F2C0008DFC94F81B32002B00F0B680A569D4F8B1
:10F2D0005C32DFF80C829D4288BFED1A98F8083046
:10F2E00098BF00251BB9636B9D4228BF1D4604F1E2
:10F2F00034000BF06BFF064694F86D0004F012FE2C
:10F30000D4F8203203F24517374400F55F404FF43C
:10F310007A734130B0FBF3F00744022007F0ACFFF2
:10F32000ED1B25EAE575854228BF054602212846E2
:10F3300007F0F0FF00B92F4440F279223946204609
:10F340000BF090FFD4F82032C8F80C00A0691844E4
:10F3500007F038FF00286FD140F2A33185E79A1AF1
:10F36000A0F81622A4F89430A4E7B0F864329A1AF0
:10F37000A0F81622B0F86432F4E704B0BDE8F0411A
:10F380000CF06ABB04B0BDE8F04104F0ABBC0CF07B
:10F3900058FED4E9A223801A61EB0301012871F120
:10F3A000000302DA40F21A615FE76FF00103834263
:10F3B0004FF000038B4102DA40F21B6155E7A3696D
:10F3C0000BB1B0FBF3F394F89E10B4F866220D294C
:10F3D00035D10132A4F86622B4F89A32B4F89450C8
:10F3E0000133A4F89A32B4F8CE301D44B4F8CC30CE
:10F3F000013DED1AADB20DF10E06B4F866126B1AAE
:10F400001B0436D594F8A1303649002B0CBF3E239F
:10F41000082384F8BF3004F1B6000BF056FE2046F6
:10F420000CF01CFB002384F8543294F89C0207F083
:10F4300079F8202384F89C3204B0BDE8F081B4F858
:10F4400094100B449BB2D11A090454BF531C0133CE
:10F450009BB2A4F8663294F86932002BBCD1B4F8A0
:10F460001432B4F86622934204BF0133A4F8663222
:10F47000B2E7002300961A462046FFF77BFC0028DF
:10F48000DAD0012812D1B4F86622B4F81012BDF80F
:10F490000E301344521A12049BB204D5EA1A12F425
:10F4A000004F18BF0B46A4F86632A6E740F25A6137
:10F4B000DBE6012005F066F804B0BDE8F04109F094
:10F4C000D3BD90F85432042B01D0B821CDE60023EF
:10F4D00080F85432B0E7BE21C7E6C221C5E600BFBE
:10F4E000780D002069B3010090F8E0302DE9F0417B
:10F4F00004460D46164603F0FF0813B10C20BDE884
:10F50000F0810146474806F0E3FF20280746F5D082
:10F510005022414604F1C00008F052FD012384F856
:10F52000C070C4F8C45084F8E03035B101F01CFF5D
:10F5300000F00700013085F84002204609F0D6FFB0
:10F5400000274FF48173A4F8F230A4F8F00084F897
:10F55000E87005F07DF8B4F8F050D2350544204647
:10F5600009F0F0FEADB2014668B30BF0E2F800F529
:10F57000CD6189B2304605F03BF83044C4F8EC0068
:10F580000CF05FFD281841F10001C4E93E010120A3
:10F5900084F8C800E78409F092FFDB3E361AC4F80D
:10F5A000CC604FF0FF326FF00043C4E9402394F881
:10F5B000C00004F1E80107F027F930BB40F2E9117F
:10F5C0003020FDF735FA204609F0E0FD164FDB301C
:10F5D000C4F8EC00388A40B1E08C30B101F0C4FED0
:10F5E0003B8AB0FBF3F202FB130005440CF029FD4B
:10F5F0002D1841F10001C4E93E51002ED1D07519FA
:10F6000041F10001C4E94051D1E7D4E93E2300258E
:10F610002046C4E93623A4F8E250294609F0AEFE9C
:10F6200028466CE785950100780D0020F0B5002391
:10F6300085B0CDE9003301238DF806306846FDF72B
:10F640008BFE70B11B4E0123B3740027CDE9027706
:10F6500002A8FDF781FE0546A8B10020B07405B0F0
:10F66000F0BD00980AF0A4F8E8E790F89C0207F0D3
:10F6700085FF94F89C0284F8545206F053FF20232F
:10F6800084F89C32E2E7029B002BE1D093F89C22A5
:10F69000202ADDD018884FF6FF739842DDD0294626
:10F6A000FDF722FE04460028DFD140F21F11302072
:10F6B000FDF7BEF9780D0020054B002201211A72DA
:10F6C00019709A7442F210721A82FFF7AFBF00BF2E
:10F6D000780D0020014B1872704700BF780D002094
:10F6E00008B503F085FF044BDA6882422ABF987C94
:10F6F000002080F0010008BD780D00202DE9F347BF
:10F700000446052900F2A280DFE801F0037D6A7A51
:10F71000819BD0F8A432002B50D090F86A32002B95
:10F720004CD090F85432032B48D190F86DA00BF0D8
:10F7300000F8064694F80D02FFF70EFB80460644DB
:10F740005046D4F8A47204F0E5FB3F1A504604F08A
:10F75000E9FB00F2E7325046D4F820524FF47A79B0
:10F76000B2FBF9F2BF1A04F0D5FB2D1A504604F093
:10F77000D9FB00F52340A130B0FBF9F02B1A5A0851
:10F78000B6B2603B08F5C868293273431FFA88F89F
:10F79000B3FBF8F360335908A2EB53039F4202D343
:10F7A0000A44974201D905F0DFF9A069314604F017
:10F7B0001FFF0023C4F85C0284F86A32254B9B7C4F
:10F7C00003F0FF0263B9B4F814120092012320463B
:10F7D000FFF7D0FA38B140F2E4613020FDF728F9A4
:10F7E000042384F8543204F089F806F0D7FCB4F806
:10F7F0009420A4F866220023A4F89A3284F869328F
:10F8000002B0BDE8F087032380F85432F8E703F034
:10F81000E9FE0546C4F8A40294F86D0004F07AFBF2
:10F82000854202D24FF46A71D7E794F86D00D4F89C
:10F83000A45204F06FFB074BDA6815442D1ADD6003
:10F84000DEE702B0BDE8F04709F073BF4FF4EE61A8
:10F85000C3E700BF780D00202DE9F84306460C46AB
:10F8600015468ABB03F0C4FE0121D4E93E89074650
:10F8700084F8E050D4F8C40084F8C85084F8E1104B
:10F8800001F014FAD4F8C400C0E9A28994F8C03099
:10F8900080F89C32C0E9A489C0F8A07209F05DFF2D
:10F8A00020B140F227713020FDF7C2F804F026F8AD
:10F8B00006F074FC074994F8C000324604F052FE8A
:10F8C00028B940F28371EEE740F29A71EBE7BDE8A8
:10F8D000F88300BF61F20000014B1882704700BF3F
:10F8E000780D0020F0B5070CA7F5AA42144B543A46
:10F8F000012A03EA90231FD927F4004042F6AA22E6
:10F90000801A18BF01200022162116461F2487EAFC
:10F91000060562EA0505013510D0DD03ADB245EA02
:10F920005606E503ADB2013945EA52024FEA5303E8
:10F930004FEA5404EBD1F0BD0020E4E70020FAE7E1
:10F94000E0FF3F0010B501210020FDF7CDFC04468B
:10F9500070B90121FDF788FC044620B940F21D3141
:10F960003920FDF765F8034B93F9001009F0D6FB39
:10F97000204610BD900D0020304BF0B55A88B0F8ED
:10F980006070B0F85E609D88974228BF1746964227
:10F9900028BF16461B2E85B00C462ED0B5F5A47F89
:10F9A0002DD040F648039D4201A928BF1D460AF00C
:10F9B0002CF9BDF80A309F4228BF1F46BDF80C3015
:10F9C000E780AB4228BF2B462381BDF806309E421C
:10F9D00028BF1E46BDF8083066809D4228BF1D46E0
:10F9E000A580FF232370E3881B3B9BB2E02B08D943
:10F9F0004FF4B5613920FDF71BF81B2FCED105B0B0
:10FA0000F0BD63881B3B9BB2E02B02D940F2AA51A8
:10FA1000F0E72389A3F5A4739BB2B3F5E06F02D995
:10FA200040F2AC51E6E7A388A3F5A4739BB2B3F50B
:10FA3000E06FE4D940F2AE51DCE700BF900D00204A
:10FA400008B50AF085FF00F06DFF00F0E3FB0BF056
:10FA50002EFB01F0C3F901F0B3FF01F0D7F9084B19
:10FA60001B224FF4A4715A809980064B06499A8054
:10FA700000221960DA825A821A835A7408BD00BFC4
:10FA8000900D0020A811002003021B00044B41F63A
:10FA90004C52C3E902221B221A74FFF7D1BF00BFE8
:10FAA000A81100202DE9FF41344DAB68044640F811
:10FAB000343F09F0B3FE064600F09CFB10F0200F27
:10FAC00008BF1B222B7C1DBFAA886988A4F85E1082
:10FAD000A4F85E2084F83C30A4F86020E68700F0AB
:10FAE00089FB8B0706D5012302A88DF80830039403
:10FAF00009F0AAFFAE7CEF7CB5F8148041F64C53B8
:10FB0000A36116B900F07CFB064657BB00F078FBFA
:10FB1000074646B338B302A920468DF808608DF831
:10FB20000970ADF80A800BF02AF86B7801932B78F6
:10FB300000936A88AB8804F1140104F11000FDF70A
:10FB400043FC236913B940F27F5114E0636913B990
:10FB50004FF4B0610FE0002004B0BDE8F08109204F
:10FB6000FAE7002ED7D120880021FDF7D3FB00282B
:10FB7000F5D040F272513920FCF75AFFA81100204D
:10FB8000F7B505460E4609F0FCFA002873D0284662
:10FB900009F0D8FB40B1B6F80130013B7F2B03D907
:10FBA0001224204603B0F0BD284609F0CFFB08B967
:10FBB0000C24F6E7284609F0F2FE0028F8D1284682
:10FBC00009F09DFA04460028F2D12846FEF7EEFE21
:10FBD0000028E5D0B6F80170F17842F2107328469B
:10FBE0005F4309F09CFB284609F0A4FB014658B985
:10FBF0003A462846FFF778FC04460028D1D041F267
:10FC00009C713920FCF714FF21460DF10600FDF729
:10FC1000F3FA064668B3214601F048F8BDF806300D
:10FC200033802846314609F09BFB284609F094FBB7
:10FC300098B9284609F092FB01463046FFF732FF9B
:10FC400004460028ADD13A4631462846FFF74CFC21
:10FC5000044620B141F2BF71D3E70121EDE7074B24
:10FC60009B68002B9DD0024606F599713046984757
:10FC700097E70D2495E7422493E700BF900D0020FD
:10FC8000034B5A8802801B7883700020704700BFA6
:10FC9000A811002037B583781A2B054609D8042B04
:10FCA00005D9012202FA03F3134A134205D11224A3
:10FCB0001AE0292B01D03B2BF9D12888B0F5706FC1
:10FCC000F5D269460AF0A1FE88B9019B93F830216C
:10FCD00002F0FF046AB9AA7883F83121FF2283F881
:10FCE000302168460BF0BEF9204603B030BD022437
:10FCF000FAE70C24F8E700BF200038040188A1F1DE
:10FD00001B039BB2E02B0CD84288A2F5A4739BB2D4
:10FD100044F24810834204D8034B002059809A8053
:10FD200070471220704700BF900D0020034B5A8887
:10FD30009B88028043800020704700BF900D002008
:10FD400038B504784278857804F0010352EA03015B
:10FD500004F0020401D1112038BDBCB9002DFAD045
:10FD6000002B08BF144601E000242546204609F078
:10FD700005FF0028EFD0284609F000FF0028EAD050
:10FD8000054B00209C74DD749882E5E7002BEBD1D5
:10FD900014461D46EAE700BFA811002013B50088ED
:10FDA00069460AF032FE18B10224204602B010BDA6
:10FDB000019A92F85432DBB292F8BE20002AF3D1B5
:10FDC00013F0FB0FF0D0019890F842310BB13A24B8
:10FDD000EBE790F8E63003F0FF04002BF7D190F842
:10FDE000DD309B0706D1012380F8423168460BF0D5
:10FDF00039F9DAE702490222DE300BF06CF9D4E778
:10FE000055B70100F0B50778EF2F85B004460D46D1
:10FE100003D91225284605B0F0BDB0F80130ADF881
:10FE20000C309DF80C30DA063FD49E0603F0030236
:10FE300038D5002AEDD11807EBD46378190711D40F
:10FE40002179E278E07942EA0122617942EA0142CD
:10FE5000A17941EA0021207A41EA00418A42D8D8BA
:10FE60001F2AD6D9627A013A062AD2D8A27A032A60
:10FE7000CFD813F0040102D1023A012A03D8E27A62
:10FE8000012AC6D811B9A27C032AC2D813F01001E6
:10FE9000227D19D0012ABCD1227E012AB9D8B1B95C
:10FEA0001125B7E7032AC6D1B3E713F0600FB0D12D
:10FEB00003F00F0203F00703052BBED0931E012BA6
:10FEC000BBD9002AA5D1B8E7022AE5D1A1E7DA0714
:10FED0001FD46378227D03F0180108291ED1022A5D
:10FEE000DED11B0709D4E279A37943EA0223227AFF
:10FEF00043EA0243B3F5804FD2D8BFB2012138465E
:10FF0000FDF7F2F9064678B109F049FDB8B10C25C4
:10FF100080E700F031F90028DBD1C1E7022AE0D008
:10FF2000A27E002ADDD0BBE701213846FDF79CF90F
:10FF3000064650B3164B93F9001009F0EFF830461F
:10FF400009F0F5F921462870E074304609F03AF9D5
:10FF5000637E0546002B3FF45DAF00287FF45AAF67
:10FF6000316B02466846FDF7F7FA306B2A460121ED
:10FF700008F0BCFF316B68460422FDF7EDFA306BE8
:10FF80002A46294608F0B2FF44E7072542E700BFAA
:10FF9000900D002070B50579042D8AB0034658D81D
:10FFA0004488B4F5804F54D82B48465D284400213E
:10FFB0004279857AC07BADF8041042F0100242EA23
:10FFC000460242EA850242EAC00202F01F028DF8B0
:10FFD0000420BDF80420ADF80D201A888DF80F20FC
:10FFE0008DF81240120A240A8DF811108DF81410A1
:10FFF0008DF810208DF813405A7B8DF815205A7912
:020000040001F9
:100000008DF816209A79D3F807008DF81720B3F8E9
:100010000B209B7B8DF81E307F238DF81F30012332
:100020008DF80C1006908DF82110ADF81C208DF87D
:1000300020308DF8223003A88DF823108DF824107D
:100040008DF825108DF8261001A9FFF7DBFE0AB008
:1000500070BD1220FBE700BFE8AA03000278034648
:1000600072B1427862B142881A2A09D982881A2A62
:1000700006D9044A006810609B889380002070476E
:1000800012207047A8110020024B02689A600020DD
:10009000704700BFA81100200378A3F10A02112ABB
:1000A0009DBF024A0020137412207047A81100203F
:1000B00008B5052000F090F802F0DAFE014B024A84
:1000C0009A6008BD900D002079F9000008B5FEF790
:1000D00055FCFFF7F1FABDE808400148FEF738BCCF
:1000E0009C0D002010B50B4C012384F80231FEF763
:1000F0004DFC02F013F80AF029FC04F2031120462B
:10010000FDF7FCFB002008F097FEBDE8104000F072
:10011000CBBF00BF9C0D002010B5064C064904F56E
:1001200002700AF0C8FA04F503700449BDE81040F3
:100130000AF0C1BA9C0D00204C00002054000020A1
:1001400010B5094C094904F502700AF0B4FA04F537
:10015000037007490AF0AFFA04F504700549BDE8D9
:1001600010400AF0A8BA00BF9C0D002064000020D7
:100170006C0000205C000020014B93F802017047E6
:100180009C0D002010B5074C00F086FFD4F8080243
:100190000AF089FAFFF77AFC01F0FEF8012384F8EF
:1001A000143210BD9C0D0020014B93F814027047CF
:1001B0009C0D002010B5074CD4F80C020AF073FA1D
:1001C000D4F810020AF06FFAFFF73AFC002384F823
:1001D000143210BD9C0D0020C2080549012300F017
:1001E000070003FA00F08B5C18438854704700BF87
:1001F00010000020014BD3E90001704710000020DF
:10020000034B1868C0F30020400040F00100704725
:100210001000002008B504F015FA084A002332F84F
:100220002310814205D302EB83039B78044A1370A9
:1002300008BD01330C2BF2D10023F7E7FCAA030021
:10024000B10F002010B544682388A4F89D3194F8BC
:100250006C3084F89C11012B06D0022B04D04FF493
:1002600022710620FCF7E4FB84F89F3194F86D308E
:10027000012B01D0022BF2D184F8A03104490222D3
:1002800004F293100AF027FF002384F83C3110BDDC
:1002900037A70100406808490388A0F88F3190F81B
:1002A000643080F8913190F8653080F8923100F533
:1002B000C3700AF00ABF00BF4DA701002DE9F74344
:1002C000456895F89E3095F89D80232B04460F468F
:1002D0002CD19E3538460AF0A4FE00284CD0384672
:1002E0000AF099FE814638460AF097FE01460AF068
:1002F00081FA666848B396F86C30984225D096F833
:100300003C21012A0CBF96F83E2196F86820114244
:1003100032D0B8F1210F18D096F86520114214D1CF
:1003200053B94FF4B6710620FCF782FBB8F1210FE8
:1003300040F0B3809D35CDE7042B01D0042831D1A6
:10034000984294BF00200120B0B948460AF052FA02
:10035000002849D096F86D30834245D096F83C315C
:10036000012B0CBF96F83F3196F8693019EA030F5C
:1003700014BF01230023BBBB636893F83C21012A0F
:1003800019D11E212046FFF75DFFB8F1210F1FD1C3
:10039000FA786368182A83F8212110D040F26D2181
:1003A0007E20C1E7082BCBD00828C9D098422CBFAB
:1003B00000200120C8E7002283F83C21E5E709225C
:1003C00083F89D2093F8D63093BB40F27521E7E780
:1003D000002320462B700AF08FFF3946204603B0D9
:1003E000BDE8F0430AF0ACBF304601AA39460AF036
:1003F0000EFAD4F804800646F8B998F83C31012B7F
:1004000018D101462046FFF71DFF2E70636803F1E7
:100410009E02954202D1002283F89E20636803F178
:100420009E0295424FF0000534D120460AF064FF49
:10043000002033E088F83C01E8E738460AF0EFFD99
:10044000A8F8B4026068B0F8B432B0F89420013B68
:100450009B1A9BB247F6FD72934207D9282380F876
:10046000BF301049B6300AF030FED7E790F89E3022
:100470000D2B02D00A3B012B01D82A23EFE79DF870
:10048000043080F8B6329DF8053080F8B732252365
:100490002B70C3E783F8D650CAE7022003B0BDE84B
:1004A000F08300BF69B30100044B002283F82220CF
:1004B0004FF6FF729A84DA841A857047B20F0020D3
:1004C000054B9A8C824201BF002283F822204FF60E
:1004D000FF729A84704700BFB20F0020014BD8848E
:1004E000704700BFB20F0020094A0346908C4FF6B8
:1004F000FF71884206D192F82210012905D01A60B6
:10050000012070470020186070470020704700BF2E
:10051000B20F0020064B93F82220012A1FBF0120B2
:10052000DA8C83F822009A8408BF0020704700BF4D
:10053000B20F0020014B1885704700BFB20F00209A
:10054000064B0246198D988C884205D193F82200FB
:1005500018B113600120704700207047B20F0020CF
:10056000094B998C1A8D914201D0002070474FF6AB
:10057000FF729A8493F82220002AF6D0002283F892
:1005800022200120704700BFB20F0020054B998C3C
:100590001A8D914203BF93F82200B0FA80F040090F
:1005A00001207047B20F002050B90A4A13460120BB
:1005B00003F8010B0868C2F801008A889A80704726
:1005C000012805D1034B0A689A608A88D8719A81FC
:1005D000704700BFDC0F002048B90A4B187880B183
:1005E000D3F80120B3F805300A608B8070470128EA
:1005F00006D1044BD87920B19A680A609B89F4E748
:1006000000207047DC0F002020B9054B187800F05F
:100610000100704701280ABF014B0020D879F6E796
:10062000DC0F0020F0B51A4B93F800C006460025F9
:10063000E8B2844501D8082029E093F853410A78AC
:1006400093F854E193F85871624093F85241744022
:1006500022444C7884EA0E04224493F855E18C78C5
:1006600084EA0E04144493F856E1CA7882EA0E0232
:10067000144493F857E10A7982EA0E0222444C7935
:100680007C40D44205F1010503F10703D0D1F0BD50
:10069000EA0F002030B5094B01465C78002203F5D3
:1006A0008173D0B2844201D8082005E013F8015BC1
:1006B0008D4202F10102F4D130BD00BFEA0F0020EB
:1006C000F8B5304C6278013AD2B22318824293F8DE
:1006D0000251627032D0130101019E1C8F1C26440E
:1006E000274406F1100C56F804EB47F804EB664576
:1006F000F9D1823382312344214403F1100653F8A7
:10070000047B41F8047BB342F9D1A618211896F86E
:10071000023181F802314FF48577062313FB027210
:1007200013FB0070A318A258225004EB000C9B8806
:10073000ACF8043096F83A3181F83A312846FFF7A0
:10074000A9FF08281CD12378013BDBB29D4223700E
:1007500016D007224FF4A97612FB036312FB056043
:10076000E218E3582350211893888B8093792078DE
:100770008B71FFF78FFF08281CBF241884F80251E3
:10078000F8BD00BFEA0F0020F0B5254D95F88A416D
:1007900089B0224605F28B11684607F099FB214685
:1007A00068460AF0F4F80446B8B300EB4001C9B259
:1007B00002A8FCF7D5FA601E95F89361C0B2012437
:1007C00095F88A2105E0731CB3FBF2F102FB1133AB
:1007D000DEB206F120030DEB030111F8203C002BE3
:1007E000F1D100EB400220326A4406EB46032B4471
:1007F00012F8187C83F8947112F8177C12F8162CF2
:1008000083F8957183F8962101F8204C0138AB19D3
:10081000C0B2FF2883F88B41D2D109B0F0BD00BF30
:10082000EA0F002070B505468CB00C46002A58D05F
:100830002E4890F89331C11891F88B2122B94FF4CA
:1008400080712820FCF7F4F803EB430202440133E3
:1008500092F89461E67092F8956192F8962162712F
:100860000022267181F88B2190F88A21B3FBF2F1E6
:1008700002FB113380F8933190F8B43123B91C494D
:1008800000F5D6700AF024FC667906F03F0646F0C3
:10089000400666710D22002104A807F091FBE37861
:1008A0008DF81F3023798DF81E302B468DF81D6092
:1008B0006D4603F11006186859682A4603C20833CA
:1008C000B3421546F7D1684607F0C6F89DF82F30B9
:1008D00023709DF82E3063709DF82D30A3700CB0FE
:1008E00070BD03216018FCF73BFACDE7EA0F00204A
:1008F00089070100044B5A78824286BF1B1893F87F
:100900004A010020704700BFEA0F0020044B5A78CC
:10091000824286BF1B1893F842010020704700BF37
:10092000EA0F0020074B00224FF461711A705A70D1
:1009300083F8B52183F8B621A3F8B81183F8B42160
:10094000704700BFEA0F0020014B83F8B6017047E3
:10095000EA0F00202DE9F047824617469846FFF738
:1009600061FE082889460546064603D0FFF792FE39
:1009700008285FD1314C6378072B5DD8082D19D139
:100980002678731C072E237003D969212820FCF7D1
:100990004FF840F25312072313FB0623D9F8001037
:1009A000E150E218B9F804309380C6EBC603234443
:1009B00083F852A165784FEA051909F102006B1C12
:1009C00010223946204463700AF038F809F1820099
:1009D0001022414620440AF031F8102140460AF026
:1009E00021F82544102185F8420138460AF01AF80A
:1009F00085F80261667885F84A01002385F83A3166
:100A000031460F4809F0C3FF314605460D4809F04D
:100A1000BEFF012D03D8002818BF0135EDB284F8C0
:100A20008A510025284684F89351FFF7ADFE2846E9
:100A3000BDE8F0871220FBE70720F9E7EA0F002066
:100A40002C1100203411002010B5064B58780138C5
:100A500040B2002800DA10BDC4B22046FFF730FED5
:100A6000601EF5E7EA0F0020014B83F8B5017047DF
:100A7000EA0F0020014B93F8B5017047EA0F002000
:100A8000431E9BB24AF2B71293429DBF024BA3F89A
:100A9000B801012000207047EA0F0020014BB3F895
:100AA000B8017047EA0F002010B50D4B5C78844206
:100AB00014D9184490F80201C0EBC0041C4494F807
:100AC00052410C70072140F2531411FB0041581899
:100AD0005B58136083889380012010BD0020FCE7E1
:100AE000EA0F00200246074810B590F8B54124B13E
:100AF000417821B1023002F005FA204610BD0C46C3
:100B0000FBE700BFEA0F00202DE9F74F2F4C9A4674
:100B1000637883428046894656D9231893F8425118
:100B200085F00105F9B193F84A31E3B945F00207C0
:100B30000135BAF1000F18D1FA070AD5062101FBD9
:100B4000084104EB0810524601F585718230FFF729
:100B500069FEBB0734D504EB081052464946023003
:100B6000FFF760FE2CE02F46E3E794F893614FF027
:100B7000010B002DE0D0A319019393F88B1199B9C3
:100B80000092DAB100F0D8FB06EB46012144019B4C
:100B900081F894014FEA102C009A81F895C1000C5D
:100BA00081F8960183F88BB194F88A310136B6FB4F
:100BB000F3F103FB1166F6B2013DDAE747F00407F3
:100BC000384603B0BDE8F08F0027F9E7EA0F0020B0
:100BD000074B5A78824209D91A1892F842212AB949
:100BE000062202FB003000F5857070470020704738
:100BF000EA0F0020064B5A78824281BF1B1893F8F7
:100C00003A01B0FA80F0400998BF0020704700BF59
:100C1000EA0F0020F8B50E46074606213046154675
:100C200009F000FF044640B10A482946427800F521
:100C30009D7007F0C5F92046F8BD3146384609F0E9
:100C4000C2FE08281FBF034BC018012480F83A5188
:100C5000F1E700BFEA0F002030B50024A0F84C40B7
:100C6000B0F8504042F210754C43B4FBF2F4A0F8D7
:100C70005040541E05FB0343B3FBF2F3A0F84E3083
:100C8000094BB3FBF2F30133A0F85430B0F848300D
:100C900005FB0344036CB4FBF2F459434464B1FB19
:100CA000F2F2026430BD00BF005A620270B5044621
:100CB0000D4649BB4FF4387207F082F9012384F8DE
:100CC000A530492384F8ED30042384F8EE306FF02A
:100CD0003B0384F8EF30072384F8F0302B2384F8AB
:100CE000EC30FE2384F826317F2384F899301F4BA3
:100CF000C4F88830202384F8F15084F8F25084F846
:100D0000F35084F89C3270BD012922D100238269FE
:100D1000A0F8263280F81B32154B1344B3FBF2F3D4
:100D2000C0F8C43040F6B833A0F8C8301146438C40
:100D30008030FFF791FF0BF04DFA30B1E069FEF71C
:100D4000D1FD10B984F80C52DDE7002384F80C3291
:100D5000D9E70229D7D1B0F8C232D0F8BC228169D4
:100D6000BDE870408030FFF777BF00BF00E0FCFFB8
:100D70007FC3C901074B93F900301844142804DCE1
:100D800010F17F0F03DB40B27047142070476FF003
:100D90007E007047A411002007B57F230DF10700E6
:100DA0008DF8073002F05EFF9DF9073068B10A4AFE
:100DB0005078404243FA80F0142808DC10F17F0F8D
:100DC00007DB40B203B05DF804FB1846FAE71420D5
:100DD000F8E76FF07E00F5E7A4110020024B002237
:100DE0001A705A70704700BFA4110020054B0168AB
:100DF000FF221A70044A11600179117100221A70E1
:100E0000704700BFA61100201800002007B5064B50
:100E1000186800901B798DF804306846FFF7E6FFEC
:100E200003B05DF804FB00BF40F9030008B5037888
:100E300001F00F0223F00F0313430629037003D8B8
:100E4000034B5B5C437008BDA8212A20FBF7F0FD33
:100E50002CAB03000346407850B1DA782A2A06D832
:100E6000044B1344DB791B1A584258417047012048
:100E7000704700BF2CAB03002A2908B5C17004D805
:100E8000064B1944CB79437008BDFF2904D04FF4B9
:100E90008D612A20FBF7CCFD0123F4E72CAB030086
:100EA0002DE9F04385B0894602A91446984609F019
:100EB000ACFD054600283CD1039E34B9012486F8D8
:100EC000A440204605B0BDE8F08337692146384686
:100ED00007F0B5FD014670B3194B5B88A3422CD3D4
:100EE00001AA384607F000FF019B1D809D7096F80F
:100EF000A4300198002B0CBF4946022109F0DCFF09
:100F0000019822464146033006F0E2FF214638466A
:100F100007F0CAFD044618B97C212B20FBF788FD99
:100F200002A80AF09FF8039BA3F8125286F8A45077
:100F3000C7E70124C5E70446C3E72C46C1E700BF65
:100F4000A8110020024B987DC04300F001007047BB
:100F5000A8110020034B987D80F00200C0F34000F0
:100F6000704700BFA811002010B5094C14220021C1
:100F7000204607F025F81222002104F1140007F0A2
:100F80001FF801232373231DC4E9003310BD00BFE4
:100F9000C41100207FB505460C4621B940F20B1163
:100FA0001020FBF745FD03888B8000234B724669B8
:100FB000304607F08BFE014610B94FF48A71EFE717
:100FC00001AA304607F090FEE08010B940F21911F6
:100FD000E6E7FB2802D940F21B11E1E7019809F08E
:100FE00073FF012801D0022805D12072206828B99A
:100FF0004FF49971D4E740F22B11D1E70199E288BF
:10100000033106F065FF304607F076FE10B940F276
:101010003711C5E70021304607F0AAFD10B94FF49B
:101020009E71BDE70A4BDA7D82B11A8B2888013A9E
:1010300002A91A8309F0E9FC10B140F24511AFE7AB
:10104000039AB2F8B4300133A2F8B43004B070BDE2
:10105000A811002010B520B940F271211020FBF733
:10106000E7FC41600272EFF3108472B6094B1A1D5F
:101070000260596819B1097A012908BF1A601A6813
:101080001060186004B962B6BDE8104093F82600FD
:1010900006F0B4BDC4110020024B83F82600FFF710
:1010A00063BF00BFC4110020014B024A1A607047A1
:1010B00074000020950F0100F7B5514E514F0546C1
:1010C00073681B7A102B06D1FB7D23B13B8B13B9C0
:1010D000002003B0F0BD3369ABB11B7A9BB134691A
:1010E000002CF5D0237ADBB20522023B22720E2BB4
:1010F00078D8DFE803F01925457777774E7777774B
:10110000777777636A007468237A012BE0D0EFF376
:10111000108372B672681268726003B962B6237A7D
:10112000002BD8D03461DDE7636823B94FF4E17157
:101130001020FBF77DFC29462046984704200FE04D
:10114000636813B940F2CB11F2E72946204698476D
:101150000346C3F30723012BADF80400C0B244D00B
:10116000EFF3108372B6227A052AD1B201D000299A
:1011700041D1002222723261002B38D162B636E0B2
:10118000636813B940F2D511D2E720469847002092
:10119000E6E763680BB9E021CAE70B222A701A88D8
:1011A000A5F803200024012218696A71AC71AA70A5
:1011B000214607F0DDFC346104208AE715232B70FB
:1011C000D4F80930C5F80330B8E7606810B940F2C8
:1011D0003D21ADE70C4B29461B689847002333613E
:1011E000022076E740F24621A2E70323237200287B
:1011F0003FF466AF6DE7002B7FF462AF62B65FE746
:10120000C4110020A8110020740000200448037FAE
:1012100023B904490222143009F04BBF704700BFC4
:10122000C4110020A5B001001B234FF01B128384C2
:10123000038482618382C260038539B94FF4A47349
:10124000034AC3844384C261C3820261704700BF02
:101250004801480103460846B3F85820B3F84C103B
:101260009142F0B528BF1146B3F85040B3F85A2068
:10127000B3F84850B3F84270B3F84660A3F8421090
:10128000A24228BF2246B3F84A40A3F8462094421F
:1012900038BF14468D4238BF0D468F42A3F84850E0
:1012A000A3F84A402ED1B61A18BF0126B3F84E5003
:1012B000B3F85440B3F856E0B3F840C0B3F8447004
:1012C000A54228BF2546B3F85240A3F840507445C4
:1012D00028BF7446AC45A3F8444002D1A74200D1D0
:1012E00096B11B88A0F80930A0F80B50A0F80D406B
:1012F000A0F80F10A0F81120BDE8F0400349022229
:1013000009F0E9BE0126D1E7F0BD00BFEFB0010052
:101310000B8BA2F80B304B8BA2F80D308B8BA2F805
:101320000F30CB8BA2F809000249A2F81130104609
:1013300009F0CBBE2FB10100094AD2E900034340B6
:1013400083EAB01181EA43214FEAF3435360054B2E
:10135000116058434FEAF06000EB8000704700BF17
:10136000EC110020BB79379E094AD2E902034340C1
:1013700083EAB01181EA43214FEAF343D360054B7E
:10138000916058434FEAF06000EB8000704700BF67
:10139000EC110020BB79379E38B50A4C04F10805E2
:1013A00008212846FBF7DCFCD4E902231343F7D0DD
:1013B000FFF7DAFF2060FFF7D7FF23686060034381
:1013C000F6D038BDEC11002070B5044640680D46DB
:1013D00090F89E2001230021803009F039FB20B3D2
:1013E0002846666809F0BDFDA6F8B4026068B0F84A
:1013F000B432B0F89420013B9B1A9BB247F6FD72C1
:10140000934208D9282380F8BF300949B63009F043
:101410005CFE002070BD00F2B621284609F09CFD5C
:1014200063680A2283F89E20F3E70120F2E700BFF9
:1014300069B30100F8B5044640680D4690F89E2057
:1014400001230021803009F003FB002849D000214E
:10145000284609F054FD28B929462046BDE8F84041
:1014600009F06EBF6068B5F80D30B0F89420A0F8B0
:10147000B432D24313449BB247F6FD72934208D96B
:10148000282380F8BF301849B63009F01EFE00202E
:10149000F8BD284609F02AFD09F095FB6768C7F8F2
:1014A000BC0206460146287909F091FBA7F8B6026E
:1014B0003146B5F80500676809F092FBC7F8B80235
:1014C0002846666809F015FDA6F8C0022846666839
:1014D00009F012FD6368A6F8C2020D2283F89E206F
:1014E000D5E70120D4E700BF69B3010008B5406823
:1014F00090F89E30152B04D04FF493711F20FBF70A
:1015000097FA012380F8DB30162380F89E30BDE87F
:1015100008400349022200F5317009F0CABD00BF3E
:1015200013B50100436830B5D3F88C4014F00100C6
:101530001DD14D680F4A8968A3F8D8002A40C3F826
:10154000EC20C2F3076242F0080221F4FF6183F845
:10155000EF2093F8DA20C904C90C013244F00104E9
:10156000C3F8F01083F8DA20C3F88C4030BD0120B6
:10157000FCE700BF2F4904F770B54468037894F87E
:101580009D200D4604F18000072109F061FA70B337
:101590006968194BAA680B40C4F8EC3022F4FF626A
:1015A000C3F3076343F00803D204D20C84F8EF308E
:1015B0000023C4F8F02084F8D63084F89D3094F8E5
:1015C000A92102F0FF06A2B92388A4F8AB3184F860
:1015D000AA616B68C4F8AD31AB680849C4F8B13191
:1015E000022204F2A11009F064FD304670BD01260C
:1015F000FBE71E46F9E700BF2F4904F745B6010097
:10160000406890F8A9315BB90388A0F8AB311A2380
:1016100080F8AA310349022200F2A11009F049BD65
:10162000704700BF45B6010010B50446FEF7E2FD65
:10163000044B21F4FF61C9040340C90C6360A1603D
:1016400010BD00BF2F4904F737B50C464568FEF7BB
:10165000D1FD094B95F8EC2021F4FF610340C9044A
:101660000093C90C13408DF8003001916B4603CBF9
:101670006060A16003B030BD2F4904F738B54468FD
:10168000037894F89D200D4604F18000082109F0AC
:10169000DFF918B9D4F88C30980741D494F8DD30CC
:1016A00099071AD4284609F07EFC84F8E700B5F8BB
:1016B0000530A4F8E830B5F80730A4F8EA3094F81B
:1016C000DD3043F0020284F8DD20DA0705D5154944
:1016D000022204F1DE0009F0FEFC94F8DD30DB07A5
:1016E00013D4D4F88C3013F0020203D050214020E0
:1016F000FBF79EF943F00203C4F88C3094F8DA301B
:10170000A4F8D820013384F8DA3094F89D30012B06
:101710004FF0000003D184F89D0084F8D60038BD56
:101720000120FCE755B70100114A00F5006092F96D
:101730000010031340F3073081420BDD92F90120C2
:10174000584242FA80F07F280DDC10F1800F0CDB4C
:1017500040B2704792F90210814202DA92F90320F6
:10176000EEE7002070477F2070476FF07F007047E2
:10177000FC110020F7B56FF4F473C718044697F80E
:101780006D0008F081F96FF4B47214440546A06846
:10179000FFF7CAFF064658B3D4E900126FF00043C2
:1017A0009A4208BFB1F1FF3F22D00AF04AFCD4E9C7
:1017B0000023904271EB03031AD33888694609F07D
:1017C00024F918B184217A20FBF732F9691C02232D
:1017D0003246C9B2684608F065F948B9054B9D889C
:1017E0000AF02FFC4FF47A76E6FB0501C4E900010C
:1017F00003B0F0BDFC110020044B9B685843C3F5B7
:1018000080534B4303EB2030704700BFFC11002096
:101810002DE9F04106464768FFF7BEFA74687F2855
:10182000054684F899001ED1002397F83020012A3C
:1018300067D1002B65D0706890F85231002B60D1D1
:101840003B88A0F8533197F8993080F8553197F8D4
:101850009A3080F85631BDE8F0412B49022200F55C
:10186000A57009F026BC94F8B33084F89A3001468C
:10187000D4F88800FFF7C0FF244BC4F888001B7B16
:10188000F3B1FFF751FFD8B1D4E920126FF0004354
:101890009A4208BFB1F1FF3F12D00AF0D2FBD4E95F
:1018A0002023904271EB03030AD3D6F8048001F0A1
:1018B00093FE174988F86D0008F2E91009F014FC4E
:1018C00094F99B2094F83110AB1A1BB2002BB8BFCF
:1018D0005B429BB28B42A7D3FF29A5D094F89C30E2
:1018E00094F832100133DBB2994284F89C3001D372
:1018F0007F2A99D1002384F89C3084F89B500123DF
:1019000093E7BDE8F08100BFD7B70100FC110020CC
:1019100075170100F0B5204E05463078002414708C
:1019200080B1431E7768DBB2181B01280BDC07EB84
:10193000C40057F834604068884208BFAE4212D1F4
:1019400014700120F0BD1819461007EBC60E57F8A9
:1019500036C0DEF80460AC45C0F347008E412CBFB2
:1019600003460446E0E7B54271EB000002D2147072
:101970000020E7E707EBC30057F833404068884290
:1019800008BFAC4201D11370DBE7A542814128BFFB
:1019900001331370ECE700BF0C12002010F00702B7
:1019A00008B503D063214820FBF742F818B1034B78
:1019B000197258601A70C80008BD00BF0C120020D0
:1019C000014B00221A7070470C120020014B187A4C
:1019D000704700BF0C1200202DE9D34309F002FF2D
:1019E0000DF1070207460E46FFF794FF98B9114C18
:1019F0002278237A93420ED0616813466FF0604ECE
:101A00009DF80700984209D301EBC003C3E90076B3
:101A100001322270012002B0BDE8D08303EB0E003A
:101A200001EBC000D0E90089013BC0E90289DBB2CB
:101A3000E6E700BF0C12002037B509F0D3FE0DF128
:101A40000702FFF767FF0446A0B10C4A9DF80700A4
:101A500013785568013BDBB213701A1AD2B2411CDD
:101A6000D200834238BF002205EBC10105EBC00064
:101A700006F0E8F9204603B030BD00BF0C1200208C
:101A800038B5436893F89E201C2A044604D04FF4CE
:101A90009A613120FAF7CCFF93F8DC101D88002200
:101AA00083F8DB2003F2FF1071B10C4983F8DC20CE
:101AB00083F80822A3F80952022209F0FAFA6368AF
:101AC000002283F89E2038BD012283F8081283F893
:101AD0000B220349A3F809520222EEE7FDB40100EC
:101AE000E3B40100172870B503460D460CD80D2845
:101AF0000ED9A0F10E0109290AD8DFE801F00B097F
:101B000009090B090B09110BA0F12303022B25D99D
:101B1000002070BDBDE870400021184609F0A8BE45
:101B2000124C606890F89D30212B0AD1294620463E
:101B3000FEF788FB6368002283F89D2083F8D62097
:101B4000E6E72E2BE4D190F89E2001230B21803074
:101B500008F07EFF0028EDD12A21E8E7044B1B683E
:101B6000002BD5D0BDE87040184700BF18120020E8
:101B7000D4010020114B09790246586890F89D3035
:101B8000212B11D02E2B0FD0282B0FD0042B0FD0B0
:101B90000F2B0FD01D2B0FD090F89E30232B14BF8E
:101BA000FE201720FFF79EBF1620FBE72320F9E752
:101BB0000E20F7E71220F5E71420F3E718120020B3
:101BC00008B5084B586890F8A3304BB990F89E20A0
:101BD00001230621803008F03BFF00F0010008BD22
:101BE0000120FAE718120020F8B52D4B1A89402879
:101BF00042EA00021A8105D158680421BDE8F84084
:101C0000FDF77CBD00F00302032A04D140F6F62163
:101C10003120FAF70DFF10F0020418BFD960C50794
:101C200005D5CA781961062A0DD00B2A18D02CB117
:101C3000DA68D278052A1FD00B2A2AD0820644BF40
:101C400008221A75F8BD5A6892F89E101829EED12C
:101C5000002600270121C2E93E6782F8A210E6E7CC
:101C60005A6892F89E10122901BF002182F8A21032
:101C7000012182F8DC10DAE75A6892F89E101629E2
:101C8000DCD100240025C2E94045012182F8A310DF
:101C9000D4E75A6892F89E101129CFD10021F5E7B8
:101CA0001812002013B5044601A8FEF71DFC20B948
:101CB00040F2EA713120FAF7BBFE2222002101989E
:101CC00006F07EF90198032109F0F6F801980378EF
:101CD00023F0100303702146FFF7CEF8252C18D807
:101CE000012C19D9A31E232B16D8DFE803F01815F1
:101CF0004E2C2C18155C152C38338F15151F2C2CD9
:101D00006161447B151515151515151515151593D8
:101D10009393FF2C00F0858040F69C01CAE7474B67
:101D20005B6893F82821019B1A710CE0434C0198E1
:101D3000636893F8231109F083F96368019893F8B5
:101D4000221109F081F9FEF7E5FB002873D14FF469
:101D50000A61AFE7394B5B6893F82221E3E7019B07
:101D60000D221A7159225A7100229A718F22DA714A
:101D700011221A72E7E7314A019B526892F83E112C
:101D8000197192F83F215A71DDE72C4C0198616876
:101D900001F50C7109F002F96168019801F50E7105
:101DA00009F0FEF8CFE701992448FFF74DFCCAE798
:101DB000224C01986368B3F8581009F0F6F863688C
:101DC0000198B3F82A1109F0F4F863680198B3F8A0
:101DD000541009F0F2F863680198B3F8281109F07B
:101DE000F0F8B0E7154B019A5B6893F83C110129B4
:101DF00015BF93F8681093F83E111171117114BF5B
:101E000093F8693093F83F3153719CE70198FFF7DD
:101E10000BFC98E70A4B094A1B6801992046984732
:101E200091E7064B01985B6893F8AF22D3F8B012A4
:101E300009F04EF887E702B010BD00BF181200206D
:101E4000D001002070B5274C636893F8B66293F810
:101E5000B752002E3FD193F86C10002D3DD193F86E
:101E60006D2083F86C1083F86D20FF2283F86E20BC
:101E70001D4B1B680BB160689847636893F83C3151
:101E8000012B02D056EA050303D016480021FEF7C5
:101E9000D9F96068343009F099F90546606800F5B1
:101EA000B071FFF7D7F960680521FDF727FC60687E
:101EB000343009F08BF98542044610D202F072FBEF
:101EC0000146601B6F2838BF6F2005F023FAB0FA77
:101ED00080F0400970BD3146BFE72A46C1E70120C6
:101EE000F8E700BF18120020D801002008B50C4BFD
:101EF0005B6893F82621FE2A04D040F6A501312024
:101F0000FAF796FD83F8260111B9A3F8D81008BD99
:101F10000022A3F8D220012283F8D620F7E700BFE1
:101F2000181200200D4A117D99B940B95068B0F8D7
:101F30005C10B0F8402091420BD8FDF7D1BB13895B
:101F40001B0708D5536893F89F00073818BF012076
:101F50007047002070470120704700BF1812002012
:101F60004368D3F88C3013F0300F2DE9F743044663
:101F70000D4656D1084609F030F830B929462046BA
:101F800003B0BDE8F04309F0DBB92846666809F004
:101F900020F80746284609F018F88046284609F038
:101FA0001AF88146284609F012F8343600904B465C
:101FB00042463946304609F01BF91B4B1A899207F5
:101FC00011D5DA68D278142A0DD16268D2F88C3033
:101FD00043F01003C2F88C30204609F083F900204A
:101FE00003B0BDE8F083626892F89D101D29ECD023
:101FF00092F83321002AE8D1626892F83221002A4F
:10200000E3D16168D1F88C2042F02002C1F88C2025
:102010005A68114602F2731231F8340BFFF778F95F
:10202000DAE70120DCE700BF1812002010B5164BDC
:10203000DB681979436893F89D20092A09D193F840
:1020400021218A4205D1002283F89D2083F8D620E1
:1020500010BDD3F88C2012F0080407D022F008023B
:10206000BDE81040C3F88C2009F046B9FF2905D11E
:10207000312283F89D2083F8AC42E9E740F27241B7
:102080003120FAF7D5FC00BF1812002010B50B79EB
:102090004268172B92F89D2004460CD80D2B0CD9C2
:1020A000A3F10E01092908D8DFE801F009070707A5
:1020B000090709071009232B26D0002010BD22464E
:1020C0000121BDE81040184609F0D2BB212A01D0F9
:1020D0002E2AF2D1204609F0FCF8636893F89E207E
:1020E000222AEAD093F8ED2022F0010283F8ED20B5
:1020F000626892F8ED3023F0080382F8ED301A217F
:102100002046FEF79FF8D8E7282AD6D1024B1B6855
:10211000002BD2D09847D0E7DC0100201D4B1E4A8F
:102120009A601E4A5A601E4A1A601E4A9A621E4AE5
:10213000DA621E4ADA601E4A9A611E4A1A631E4A11
:102140001A621E4ADA641E4A9A641E4A5A641E4A79
:102150005A631E4ADA611E4A5A621E4B1E4A9A6030
:102160001E4ADA611E4A5A621E4ADA621E4A1A6121
:102170001E4A5A611E4A5A641E4A5A631E4A9A618E
:102180001E4A1A631E4A9A641E4ADA641E4A9A63F9
:10219000704700BF78000020CFB30100C9130100D1
:1021A000351401003BB501000DB6010087B50100F3
:1021B00023B601007D16010025150100CFB60100F0
:1021C000F7B60100F7B90100751B01008D20010071
:1021D0007915010024010020FBB301002D2001002E
:1021E0006DB8010049B9010069B801002BB90100BF
:1021F0008DB901000DB90100811A010065B8010017
:102200002FB701001DB7010061B801002DE9F341AE
:102210008B4C22896368D20555BFB3F8CC200022CD
:102220000132A3F8CC204CBF83F82422A3F8CC20A1
:1022300007460E46FFF7C4FC50B1238960681D05B0
:1022400036D590F8A330002B32D00023C0F8C03030
:10225000238903F4407333B1606890F8A130002BF8
:1022600043D0032B47D06368218993F8A120012A2A
:1022700004D1480544BF022283F8A120002F40F07A
:10228000B3834A065DBFB3F83C22013292B23A46AC
:10229000A3F83C22002E40F035810D074FD593F86E
:1022A0002621FE2A2CD140F271513120FAF7C0FBD1
:1022B000D0F8C030D0F8C42001339342C0F8C03009
:1022C00004D8E18AD51A05318D4202D8012180F85F
:1022D000CA109342BCD30023C0F8C030594902222F
:1022E00000F2571008F0F7FEB2E7012180F8A110C4
:1022F000FDF704FAB7E7022380F8A1300121F7E7E0
:10230000FE2283F8262193F89E201A2A07D183F80B
:10231000DB604B4808F0F0FF636883F89E606068FC
:1023200090F89D30202B2ED0312B3BD0636893F852
:102330009F20072A02BF0222227683F826212389C2
:10234000D80738D42389590700F1C7809A070CD5DC
:10235000E368DB782A2B00F2C8803B4A52F823302E
:10236000002B00F0CC8036489847258915F01000E6
:1023700007D0636893F89E200A2A02D10B2283F8C3
:102380009E20002568E090F89E2001230B218030DC
:1023900008F05EFB636818B12E2283F89D20C5E724
:1023A0002122FAE7012380F8AD32002380F89D3026
:1023B00080F8D630BAE76068D4F8108090F89E2094
:1023C00098F8035001230521803008F041FB60B1EB
:1023D000AB1EDBB2092B00F29780012202FA03F355
:1023E00040F23332134200F08F804046FEF732FD58
:1023F00020B94146124808F0A3FF1DE098F80350A9
:10240000012D01D9162D65D1636893F89D0008F060
:1024100088FF48B1636893F89D20202A04D0212AC0
:1024200016D12E2283F89D20084B53F82530002B1F
:10243000DFD02169024898470546002882D00BE08A
:1024400018120020BFB601002401002078000020EF
:10245000162D0CBF20250225237D1B0718D560688B
:10246000012390F89E200521803008F0F1FA804683
:1024700000284BD1019001A90320FBF7A9FB019B88
:1024800033B110226168019883F8088008F011FECA
:10249000606890F826312E43FE2BF6B25AD1002EFA
:1024A00058D1012390F89F201946803008F0D0FAC7
:1024B00000284FD1636893F830314BB3636893F8C9
:1024C0003121A3F8D06083F8282101210220FFF7F1
:1024D0000DFD3FE02A2D8CD8A6E7626892F89F2078
:1024E000062A04BF0122227630E7FF2B07D163685A
:1024F000312283F89D20002283F8AC2235E740F298
:102500006551D2E63546A7E70825A5E70825BFE7C8
:102510006068012390F89E200421803008F098FA2A
:102520000546002840F0F3806268D2F88C30D80766
:1025300002D531460920CAE7990740F1918031461A
:102540000C20FFF7D3FC626892F8DD3043F0010302
:1025500082F8DD306568B5F8183295F81C820133D1
:10256000A5F81832B8F1000F00F01482FBF722FB37
:1025700010B10023A5F818326068012390F89E205E
:102580000021803008F064FA28B9636893F89E301F
:102590000B2B40F017826068012390F89D200021EA
:1025A000803008F055FA002800F00C8260680123A2
:1025B00090F89F200021803008F04AFA002800F0AF
:1025C0000182636893F8A120022A40F0FB8193F80E
:1025D0002422002A40F0F681186906F0E5FA002866
:1025E00000F0F081606890F82631FE2B40F0EA811F
:1025F000B0F81232012B40F2E581B0F8CE20B0F8ED
:10260000CC10951E0123A94280F81A32BCBF02F1FA
:10261000FF335B1AB0F81852E18AB8BF9BB28D4203
:102620003BBF4A1C521B012292B2934228BF134661
:10263000012B02D1002280F81A226068B0F89420A1
:1026400090F8A11013449BB20129A0F8143240F273
:10265000C9810239012940F2BD8140F60A1124E600
:10266000580702D53146132031E7190706D592F8ED
:10267000203182F828313146072028E713F0300F47
:102680003FD092F83331002B40F09982636893F881
:102690003231F3B1606890F89E30252B00F59971C6
:1026A00000F2B6222BD090F89D30A3F1250CDCF17E
:1026B000000343EB0C0308F08DFD6268D2F88C3008
:1026C00023F0200343F01003C2F88C30002382F87B
:1026D00032316068D0F88C30DB0640F1708200F552
:1026E000B071FEF7B7FD6368B3F85620A3F8282150
:1026F000B3F85A20A3F82A2100211520E7E6012388
:10270000D9E7590640F15B8200212420DFE66368A7
:1027100093F89E20113A0B2A45D8DFE802F00644D0
:102720004444090C44444444443200210B20CEE686
:1027300000210420CBE693F8A802012808D100214B
:102740000520FFF7D3FB6368002283F8A82201E786
:1027500002287FF4FFAE93F8DC5006221DB183F807
:1027600028210021EDE79A48032108F0D4FD636891
:1027700093F8EC3013F0040F294614BF11200D20FC
:10278000DFE700210620A2E693F83C21022A02D1CD
:10279000002117209BE693F83C21012A03D193F8EE
:1027A0003D31002BF4D06068012390F89D2000217A
:1027B000803008F04DF978B16068012390F89E20D0
:1027C0000421803008F044F930B9636893F8CA30C6
:1027D00013B1012112207AE6606890F89D20092A41
:1027E00005D190F8213180F82831012144E7002DEE
:1027F0007FF4B0AE01232946803008F029F9002883
:1028000000F09C80636893F843213AB101210E20C7
:10281000FFF76CFB636883F843519BE693F8422112
:102820008AB193F8DD2092070DD101210C20FFF72A
:102830005DFB636893F8DD2083F8425142F00102AA
:1028400083F8DD2086E693F8323153B3636893F85A
:10285000333133BB606890F89E30252B00F59971B9
:1028600000F2B6221BD090F89D30A3F1250CDCF1CC
:10287000000343EB0C0308F0ADFC6368002283F80F
:10288000322101211420FFF731FB6368B3F8562091
:10289000A3F82821B3F85A20A3F82A215AE60123E5
:1028A000E9E7626892F83C110129CBB25CD192F859
:1028B0003D21002A58D160680B2190F89E2080307D
:1028C00008F0C6F800284FD1606890F86C10012914
:1028D00005D0022903D04FF422710620E6E490F8D7
:1028E0006D20012A01D0022AF5D1022990F83E314B
:1028F00018D0012B14BF00230123ABB990F89E2000
:1029000001230321803008F0A3F8B8B960680123DF
:1029100090F89E200221803008F09AF870B90121C9
:102920001620D4E5022BE5E7022A90F83F3119D0B2
:10293000012BE3D126480021FDF784FC60680123C8
:1029400090F89D200021803008F082F800283FF4A4
:1029500001AE636893F8AC32002B3FF4FBAD01216C
:10296000FF20B4E5022BE4E7636893F8493103F0F4
:10297000FF0513B101212320A9E5636893F84631CF
:10298000002BDBD001212520FFF7B0FA636883F824
:102990004651DFE5FBF708F908B1A5F81882FBF707
:1029A00011F900283FF4E8AD95F824320133DBB289
:1029B000022B85F8243282BF0023A5F8183285F84F
:1029C0002432D9E56368002283F81A22012334E611
:1029D0001812002090F89F50B0F8CC10072D5ED14F
:1029E000022955D8A0F810322289636855065BBFCA
:1029F000B3F82622B3F8161200225218A3F82622A2
:102A000093F83031002B00F082806368B3F8D02057
:102A1000B3F816120A44A3F8D020626892F8D600E0
:102A200030B1B2F8D230B2F816120B44A2F8D2305C
:102A300092F9DA100029C1BFB2F8D830B2F81652B4
:102A40005B19A2F8D83092F8BF3053B9002F40F08C
:102A5000B080237E022B66D192F82831062B18BF56
:102A60001623626892F8BE2032B960685A4980F82D
:102A7000BF30B63008F029FB606808F0EFFF6368EC
:102A8000002283F81B2202B0BDE8F041FDF768BDCB
:102A9000B0F8CE301A440132A0F81022A4E7B0F802
:102AA000CE304A1C9A420FDA5B1A9BB2022B0BD033
:102AB000033B9DB290F8CA3043B9FFF781F8B0B933
:102AC0006DB16B1E9BB20BE00025F3E790F89D20E3
:102AD00001230921803007F0BBFF0028EDD100233E
:102AE0006268B2F814120B44A2F810327CE76368F3
:102AF000D3E93032991C8A4207D3D21A022A04D071
:102B0000033A954288BF95B2DAE70022F9E7606898
:102B1000012390F89F201946803007F099FF002884
:102B20007FF473AF79E7012B08D192F8A030002B26
:102B300097D160680021FCF7E1FDA0E75EB1F006E7
:102B400035D4310735D4B20635D4B30735D140F684
:102B50007321FFF7AABB38B1B2F8D200B2F8D43073
:102B6000984201D322237CE7002905DDB2F8D81072
:102B7000B2F8D4309942F5D2B2F8D010B2F8CE30D3
:102B800099420BD2636893F8A110B3F8CC2051B1ED
:102B9000B3F8CE309342CCD8082362E792F83031B4
:102BA000002BDFD1EEE7052AC3D93E2359E71E23C8
:102BB00057E73D2355E7232353E72A2351E763686B
:102BC00093F89E20222A3FF4DFAD2F2A7FF4EBAD4D
:102BD000002111207BE400BF69B30100F7B5734CFD
:102BE000012727700023606080F81B720088238112
:102BF00023752376FDF772FC63681888FDF79AFC4D
:102C00006368B3F81222264612B393F82621FE2AEF
:102C10001ED193F83031DBB160683B4690F89F20BD
:102C20003946803007F014FF054688B9636893F889
:102C30003121A3F8D00083F8282102203946FFF77C
:102C400055F96368022083F81A52FFF72BF804E065
:102C5000636893F82601FE28F7D1636893F81D2274
:102C6000002A4FD000236268E382B2F81632B2F82D
:102C70001812013B11FA83F1A2F81812B2F8CC1025
:102C80009FB211FA83F3A2F8CC30FEF799FF28B176
:102C90006268D2F8C0303B44C2F8C0306068B0F817
:102CA0001232012B9CBF0133A0F8123200250FB164
:102CB00080F8245290F89E3080F81A52A3F10A024C
:102CC000012A2AD8B0F89430B0F8B4229B1A19041B
:102CD0003DD400F2B621A53007F0B9FF636883F850
:102CE0009E50FF2283F8F4206168B1F8162201F1AA
:102CF000800007F0F2FF00283FD040F6FB113120A2
:102D0000F9F796FE93F8BD3123B96268D38D128C22
:102D10009A42A8D363681B8CA5E7252B17D1B0F87E
:102D2000B422B0F894309B1A1A0410D480F89E5044
:102D3000FFF788F86368014630B983F83C0103B0B7
:102D4000BDE8F040FFF762BA83F83C51CCE790F859
:102D50009D3003F0FD03252BC6D1B0F89430B0F8B8
:102D6000B4229B1A1B04BFD4002380F89D30FFF7C8
:102D700069F801460028B7D1E1E70D4B009396E8CA
:102D800003000C4B0C4AFAF7DDFD6068012390F854
:102D90009E200521803007F05BFE20B103B0BDE826
:102DA000F040FAF7C7BD03B0F0BD00BF1812002015
:102DB0000D220100251F0100E91B010038B5044662
:102DC000084694F8A83213B10C25284638BD94F86B
:102DD0009E30162BF8D194F8CC3203F0FF05002B6F
:102DE000F2D199B10A4B5968D1F83832C4F81C3184
:102DF0002A4601F5847301F50A7108F009FD0123E3
:102E000084F8A832204608F038FEDEE70223F7E710
:102E10001812002010B50446D0F8BC02A3699842ED
:102E200004D1D4F8C022236A9A4214D02388A4F88B
:102E3000BF3107F0C2FEB4F8C032A4F8C331B4F811
:102E4000C232A4F8C1010949A4F8C531022204F232
:102E5000B51008F040F902212046FDF727FF0023B6
:102E600084F89E30032384F8A13010BD19B401000A
:102E7000054B064A1A65064A5A65064B064A1A6504
:102E8000064A5A65704700BF78000020611F0100A4
:102E900069B401002401002043B40100BDB9010060
:102EA000054B064A9A65064A1A66064B064A9A6513
:102EB000064ADA65704700BF78000020A5A8010027
:102EC000BD02010024010020CFA701006DB901005F
:102ED000064BD3F8000138B1D3F8040120B1D3F880
:102EE0000801B0FA80F04009704700BF00F00040D0
:102EF000034B00221A705A7010229A70704700BF5C
:102F00003112002070B50646022014460D4600F02E
:102F100093F9064B01221A70054B033CC3F8104588
:102F2000C3F80865C3F8045570BD00BF3112002016
:102F300000F0004008B5022000F07EF9084B0122A5
:102F40001A70084B0022C3F80021C3F80421C3F80B
:102F5000082103F580334FF40002C3F8042508BDAF
:102F60003112002000F000400D4A08B513787BB103
:102F70000C4B4FF40001C3F80815FFF7A9FF60B12F
:102F800001235370084BD3F800349370002313705F
:102F9000BDE80840002000F04FB950701023F4E75E
:102FA0003112002000F0014000F000400A4B1A7876
:102FB0006AB10A4BD3F800215AB1D3F8040120B109
:102FC000D3F80801B0FA80F04009C0B270475878D1
:102FD00070470220704700BF3112002000F000400F
:102FE00008B5074B1A783AB1FFF772FF30B1054BBD
:102FF000D3F80004C0B208BD9878FCE71020FAE7C7
:103000003112002000F00040024B00221A705A706A
:103010009A707047341200202DE9F04104461C4D8F
:1030200001201E468846174600F006F904F003000A
:103030002E7140EA0643174E43F08073C6F80435FC
:10304000C6F8088509F09CF830B9D6F8183523F091
:10305000FF033B43C6F818350F4B104AC3F8082549
:1030600014F0FB0F01BF0E4AC3F89825FC3AC3F8D1
:103070009C250122022C6A70EC7007D8054B2A703F
:103080000021C3F80011C3F800121A60BDE8F081F6
:103090003412002000F0004000F001400000020265
:1030A00000F100401D4A537810B523B940F20121C8
:1030B0003C20F9F7BDFC1A4BC3F80C15C3F81005FA
:1030C000D0780121917088B912780AB9EB21EFE725
:1030D000144AC3F804014FF40030C2F80405D3F8D1
:1030E000004114B15960C2F8080510BD04284FF022
:1030F000000006D11170C3F80401C3F80012196072
:10310000F3E712780AB9FE21D2E7C3F80401054BB0
:103110004FF00072C3F80425E7E700BF3412002027
:1031200000F0004000F00140064B1A782AB1064A30
:103130000649C2F8081500221A7000225A709A70C7
:10314000704700BF3412002000F00140000002026E
:1031500008B50A4B1B7823B940F267213C20F9F7E8
:1031600067FC074BD3F8042112B94FF41A71F5E745
:10317000D3F80004003818BF012008BD3412002025
:1031800000F00040164B1B7870B523B940F2732154
:103190003C20F9F74DFC134CD4F80431BBB90223A1
:1031A000C4F80433104B114E1D691A6942F0100225
:1031B00005F010051A61D4F804314BB125B90A4A5B
:1031C000136923F0100313610223C4F8083370BDA0
:1031D0004FF40043C6F8803109F01AF8EBE700BF5E
:1031E0003412002000F0004000ED00E000E100E0BB
:1031F000014B01229A60704700F0004008B50B4B6C
:103200004FF40042C3F88020BFF34F8FBFF36F8F9E
:10321000074B0022C3F80025C3F80025FFF784FF01
:10322000044B4FF40002C3F8082508BD00E100E09C
:1032300000F0004000F0014038B5144C0023C4F801
:103240000035C4F800350546FFF76EFF104B4FF40C
:103250000002012DC3F8082503D0022D08D085B93E
:1032600038BD0223C4F800350A4BC4F81435F7E71B
:103270000321C4F800150749C4F81415C3F8042540
:10328000EEE782213D20F9F7D3FB00BF00F00040BC
:1032900000F0014039120020084B0022C3F8002141
:1032A000C3F80C21C3F81021C3F80421C3F814217A
:1032B000C3F81821C3F80821704700BF0010004070
:1032C000024B00221A809A701A717047481300202E
:1032D00038B5134B93F831500246084625B940F6ED
:1032E0002A013E20F9F7A4FB5AB9012DDC6A93F8B4
:1032F000301003D100F032FE204438BD08F0E0FB6E
:10330000FAE7012A0AD1012DDC6A93F8301002D1C4
:1033100000F016FEF0E708F0DEFBEDE70020ECE73A
:103320004813002008B5094B012883F82000084BFA
:1033300006D0022808D040F674513E20F9F778FBF9
:103340000322C3F8102508BD0422FAE74813002021
:103350000010004007B50B4A01AB92F9212000F0A4
:1033600041FE9DF9040000F0E3FD0DF1050000F0C1
:10337000B7FE20B140F29D513E20F9F759FB03B052
:103380005DF804FB4813002008B5034610486BB9EC
:1033900081602831C1600F4900F08AFE01300128A8
:1033A00015D940F20F713E20F9F742FB012B0BD1EA
:1033B00081602931C160074900F080FE0130012899
:1033C00005D940F21C71EEE74FF4E461EBE708BD6C
:1033D0002000002060AB030008B5134B93F83D308C
:1033E000D9071FD59A0711D5104BD3F8002242F008
:1033F0000102C3F80022D3F8503503F0F603022B84
:1034000010D140F2CC513E20F9F712FB5B0709D5F1
:10341000074B084AC3F8AC2508F015FE10B140F27E
:10342000D451F0E708BD00BF481300200010004051
:1034300000F0014008100040084B1A783AB993F8A0
:103440003D2042F0020283F83D20FFF7C5BF012A6C
:10345000FBD193F83D2042F00402F4E7481300202A
:1034600008B50C4B9B78012B09D100F02DFE0130E3
:1034700001280ED940F677013E20F9F7D9FA022B40
:1034800007D100F027FE0130012802D940F67D0166
:10349000F2E708BD48130020054B034400F07F000D
:1034A0001A7E044BC3F80825C3F85405704700BFC3
:1034B00060AB03000010004038B50D460446FFF72E
:1034C00031FF2846FFF7E8FF29462046FFF742FF75
:1034D00008F080FE90B10A494FF08053D1F888255A
:1034E000D3F82033022C0CBFC3F30663C3F30623C7
:1034F00022F4FE4242EA0323C1F8883538BD00BFFA
:103500000010004010B50C46FFF70CFF2046FFF7F7
:10351000C3FF0E4B5A78012A03D1D8782146FFF712
:1035200019FF0B4CD4F8003243F48873C4F800320E
:1035300008F050FE40B908F05CFE28B9D4F86835B0
:1035400043F4C023C4F8683510BD00BF4813002001
:103550000010004010B550220021194804F030FD41
:10356000FFF7AEFE08F0F1FD60B124221548FF21FF
:1035700004F026FD4FF080430022C3F8082EC3F864
:10358000102E10BD08F0EAFD0028EED108F0EFFD86
:103590000028EAD108F009FE08B14022E6E708F069
:1035A000FBFD04460028F8D106483822FF2104F02C
:1035B00007FD4FF08043C3F8084EC3F8104EE0E714
:1035C00048130020000E0040024B0344187E00F513
:1035D0001660704760AB0300014B93F830007047F2
:1035E00048130020014B986A704700BF4813002021
:1035F000014BD86A704700BF4813002008B5134B31
:10360000012983F83C0006D002291BD040F2F321A7
:103610003E20F9F70DFA00230D4A43F4801340F0E1
:10362000007043F4847340F44030C2F81435C2F89B
:103630001805D2F8503503F0F703032B05D140F2FB
:103640000B31E5E74FF08073E6E708BD4813002033
:103650000010004008B508F0BDFD50B1054AD2F891
:10366000743723F0807323F0010343F08073C2F8B2
:10367000743708BD00100040404B022210B5C3F85B
:103680008020BFF34F8FBFF36F8F3D4C0023C4F8F2
:10369000FC3F0123C4F8FC3F08F0ABFD28B1D4F88F
:1036A0003C3743F48063C4F83C3708F069FD58B1F7
:1036B000D4F83C3723F0004323F0FF0343F00043EA
:1036C00043F09603C4F83C3708F084FD2C4C38B125
:1036D000D4F8403723F47F4343F4B053C4F8403761
:1036E000284BC4F8783700F017FD38B14FF08053FD
:1036F000D3F83033581C18BFC4F84C374FF01023A0
:103700001A6E511C03F1405309D0D3F88C151204E2
:1037100002F47F0221F47F010A43C3F88C2540F2B2
:103720000312C3F8342540F25B62C3F83825164A09
:1037300016480121C3F8301582F820100321C3F880
:10374000101540F20121C3F850164FF040640221D9
:10375000C3F80012C0F8044500201086D06282F839
:103760003D0006481024C0F88011C3F80443136DCF
:10377000016013B1BDE81040184710BD00E100E042
:10378000001000402C0000894813002000F0014088
:10379000014B83F82100704748130020034B020EB1
:1037A0000002C3F82425C3F81C0570470010004030
:1037B00038B5044600680A4DFFF7F0FF094B626810
:1037C000C3F83C25237A85F82230617AA07AFFF786
:1037D00015FF607AFFF7A6FDE37A85F8213038BD42
:1037E0004813002000100040014B83F8220070476E
:1037F0004813002070B5194D95F83D30DA0704469E
:10380000084604D440F23C713E20F9F711F9144EF9
:10381000D6F8002243F0020342F00102C6F800226B
:1038200085F83D3084B995F82210FFF745FE012355
:10383000AB7033600B4B0122DA642046D3F84C1591
:10384000BDE87040FFF7A0BD012CF3D195F8221020
:10385000FFF758FE0223AB707460EBE748130020BB
:103860000010004000800040214B102213B5D3F817
:103870000443C3F808230222C3F800221D4A002192
:1038800082F83D101C4A4FF46020C2F80805D3F8B6
:103890005025D2B204F01004DAB1FF228DF80720CF
:1038A0000122C3F810111A619DF8072012B1D3F854
:1038B00010213AB19DF807305BB940F666013E2011
:1038C000F9F7B6F89DF80720013AD2B28DF8072033
:1038D000EAE7FFF7C5FD06490023C1F81031FFF7FD
:1038E000EFFC14B11023C1F8043302B010BD00BFC7
:1038F000001000404813002000F0014038B51E4D74
:103900000024C5F84845C5F84445C5F84045C5F804
:103910004C45FFF7A9FF00F0C5FB0130012804D991
:1039200040F211513E20F9F783F8144B14495A6BB9
:1039300042F04462C1F80825C3E90A445C631C767E
:10394000104BC5F848450222C5F84445C5F8404526
:10395000C5F84C45C5F84841C5F84441C5F8404153
:10396000C5F84C41C3F88020BFF34F8FBFF36F8F72
:10397000C3F8802138BD00BF0080004048130020FC
:1039800000F0014000E100E070B52F4C94F83D30AC
:1039900043F002030E4684F83D30054678BB94F8A8
:1039A00022103046FFF788FD0123A37023782749B2
:1039B000012B01BF264AD2F8003243F00803C2F8B7
:1039C0000032636B01EB460143F480136363214BC8
:1039D000B1F858404FF48012C3F8042504F5FA7486
:1039E0004FF47A73B4FBF3F4FFF726FD08F02BFBDA
:1039F000014620B3FFF738FF0024204670BD0128A0
:103A00001BD194F822103046FFF77CFD0223A370EF
:103A10002378012B01BF0E4AD2F8003243F0040391
:103A2000C2F80032636B43F400136363094B4FF435
:103A30000012C3F804252924D6E70024D4E7284639
:103A4000FFF7A2FCD9E700BF4813002060AB0300DA
:103A50000010004000F001402DE9F047354C0E46C3
:103A600015460746002848D194F822101046FFF763
:103A700023FD217801239942A37010D02E4A02EB36
:103A80004502B2F858304FF47A7203F5FA73B3FB7B
:103A9000F2F3F61A19B9294B294AC3F8AC25DFF815
:103AA000A490DFF89880284BC9F84065C8F8A8357D
:103AB000234B1022C3F80423636B4FF4002A43F412
:103AC000002363630125C8F804A5FFF7B5FCC9F816
:103AD0004C50D9F84C359E4226D80025C9F840559F
:103AE000C8F8AC55636B23F400236363C8F808A5DA
:103AF000FFF7BAFE2846BDE8F08701280FD194F8F9
:103B000022101046FFF7FEFC0223A3702378012B3E
:103B1000C5D0293E002BC2D1084B0C4ABDE740F26C
:103B2000E9713E20F8F784FF31463846FFF72CFC58
:103B3000E0E700BF4813002060AB030000F0014045
:103B40000010004000800040408100400410004010
:103B5000014BC3F83C0570470010004010B50FC87A
:103B6000014C84E80F0010BD9C130020064BC3F8E5
:103B70000405064B93F83D20986342F0010283F858
:103B80003D20FFF729BC00BF001000404813002073
:103B900008B5124BDA6A824204D340F6F7013E20A0
:103BA000F8F746FF0E4AD861012119765164D2F820
:103BB0004415884202D84FF41061F0E70021C2F8A2
:103BC0004411C2F844055A6B42F480025A63054B13
:103BD0004FF48002C3F8042508BD00BF481300203D
:103BE0000080004000F0014010B50F4C034694F8EF
:103BF000310094F830100222012822764FF096000E
:103C000094F820200CD100F0B7F9084AE0610023B5
:103C1000C2F84431E36AE1690B44C2F8443510BD8F
:103C200000F0C4F9F1E700BF481300200080004015
:103C3000044BC3F86005D3F8002242F04002C3F8F9
:103C40000022704700100040054BD3F8002222F0FC
:103C50004002C3F800220022C3F86025704700BF6D
:103C600000100040044BD3F8483503F07F035B425B
:103C700003700120704700BF0010004008B50D4BD5
:103C80000246D97008460021197082B901225A7083
:103C90009A78022A0DD193F82210FFF75BFB064AAF
:103CA000D2F8003243F48873C2F8003201E00222F5
:103CB0005A7008BD4813002000100040024B00223B
:103CC000C3F84025704700BF00800040044B30B56A
:103CD000D3E910459B6CC0E900450B6030BD00BFC7
:103CE000481300202DE9F041854D864C0123EB64FB
:103CF000D5F84C7503F0BEFA0026C4E91006A76497
:103D0000FFF7AEFB804B626BC3F808257F4A666302
:103D1000D2F8003223F48E7323F00103C2F800328C
:103D2000237E84F83D6023B1D5F844319B1B18BF36
:103D30000123A578012D50D1D2F80C31002B0CBFF6
:103D40000025082515F00B0F06D1704BD3F8103164
:103D500013B145F01005EDB2FFF79EFA05F0180318
:103D6000102B05D1A378012B04BF45F02005EDB23F
:103D7000634B6678D3F84825E262D3F8443594F86B
:103D80002020A362A37884F8302084F83130002EFC
:103D90003AD1FFF795FA2676EF0764D5636D984719
:103DA000EB0601D5236E9847A378022B13D1237E0F
:103DB0008BB1022B524A40F09580E36AE1690B44D3
:103DC000C2F84435636B43F4800363634E4B4FF496
:103DD0008002C3F80425BDE8F081022D12D14B4AC0
:103DE000D2F80C11D2F80024002908BF0025D20710
:103DF0005CBF45F00405EDB2002BA3D045F00105F2
:103E0000EDB29FE700259DE715F0110F0DD1237945
:103E1000B6F1010818BF4FF0010826784BB996217A
:103E20004046FFF755FA014607E0FFF71DFD002663
:103E3000B2E73748FFF7BCFC6169FFF741FA012E92
:103E400003D13B378F420BD82670E2784046FFF70C
:103E500003FE0028EBD140F69A213E20F8F7E8FD5A
:103E60002A4B1E6198E7A80731D508F0B3F9E8B9E5
:103E700008F0BFF9D0B9254BD3F85034D90115D586
:103E80001A0705D013F0F00F02D013F4706F0DD1A4
:103E90001E4AC3F304410129D2F8542406D1012A51
:103EA00004D0C3F34253022B7FF678AFA36B5A784A
:103EB00094F83C309A4284BF45F00405EDB285F099
:103EC0000400A36D3146C0F38000984768E715F001
:103ED000280F3FF465AF85F02001E36DC1F3401179
:103EE0003046F2E7012B02D040F65641B5E7E369D0
:103EF000E16A8B423FF664AF40F65741ADE700BF41
:103F0000008000404813002000F0014000100040F5
:103F100050130020024B03EB8003186C704700BF66
:103F200060AB0300014B53F820007047ACAB0300BB
:103F3000024BC0B2C3F80C05704700BF0010004030
:103F4000054B33F8113002384FF47A7203F2E7333D
:103F5000B3FBF2F318447047CCAB0300054B33F8C6
:103F600011304FF47A7203F57A73B3FBF2F318440D
:103F7000704700BFCCAB030038B51D460A4B33F881
:103F8000111003EB820305359C6821444FF47A73CA
:103F900001F6B73103FB00141046B4FBF3F4FFF74E
:103FA000B9FF2C44204438BDCCAB030070B50646A5
:103FB00008461546FFF7B6FF094A02EB85029368EB
:103FC0004FF47A7203F6B73302FB06331C1A284605
:103FD000B4FBF2F4FFF79EFF0530204470BD00BF34
:103FE000CCAB03002DE9F04F2D4CA24685B08046A6
:103FF0001D460E46174600F095F81AF8043B434557
:10400000814613D16378B34210D194F90230BB4298
:104010000CD1E378834209D1A3882B809AF802302F
:10402000AB7094F9070005B0BDE8F08F08F1FF33DD
:10403000072B12D8DFE803F0160411181111110F25
:1040400001200DF10F033A46314600F071F868B1D6
:104050003D21752004E00220F3E740F2F93106200B
:10406000F8F7E6FC0020ECE70320EAE70190304691
:104070009DF90FB0FFF7A8FA019B02462946584662
:1040800000F040F82B88A380AB78E0718AF802300A
:1040900084F800806670A77084F80390C1E700BFC1
:1040A00038000020014B1B681B681847E001002006
:1040B000014B1B689B681847E0010020014B1B68FF
:1040C000DB681847E0010020014B1B681B6918479B
:1040D000E0010020014B1B685B691847E0010020EC
:1040E000014B1B685B6A1847E0010020014B1B680D
:1040F0009B6A1847E0010020014B1B68DB6A1847E8
:10410000E001002010B4034C24686468A44610BC8D
:10411000604700BFE0010020014B1878704700BFE6
:10412000EC190020014B187D704700BFB013002030
:10413000042810B511D883B104280CBF10242824FA
:10414000A1420AD2064C54F8200018B141568A42C6
:10415000A8BF0A461A70002010BD6FF01500FBE7DB
:10416000B013002030B50346114890F91C209A4244
:1041700019DD90F924209A4217DA9A1A846AA05C11
:104180000C4A15569D420DD00E32002918BF013041
:104190009442C0B206D129B1013BDBB2012B01D858
:1041A0000130C0B230BD0D20FCE70020FAE700BFAF
:1041B000B0130020E0AB030008B5054B93F91C30A9
:1041C000984203DAFFF7CEFF024B1B56184608BD94
:1041D000B0130020E0AB030010B51C4C94F82C3059
:1041E00073B9012384F82C3007F0C1FF48B1184B94
:1041F000A362D823236284F824300823A3612377A1
:1042000010BD07F0C9FF0028F1D107F0CEFF00284C
:10421000EDD107F091FF38B10E4BA362D823236292
:1042200084F824300423E9E707F08FFF0028F3D156
:1042300007F094FF0028EFD107F0A2FF0028EBD190
:104240004FF4DB71742003F0C1FB00BFB0130020FA
:104250001BAC0300EEAB0300034610B3007888B933
:104260001A79012A1ED85A79012A1BD89A680E4950
:10427000643A8A4216D8D8680C4B98422CBF00206A
:104280000120704701280CD11A79012A09D85A79DE
:10429000012A06D8DA680449643A8A4201D8986843
:1042A000EAE70020704700BF3C8601000040420F53
:1042B00010B5054C236813B1984700232360BDE86F
:1042C000104001F06BBF00BFE01300202DE9F84360
:1042D0008846074680B300F037F84FF000090546DE
:1042E0005FFA89F6AE420AD2304600F033F890F811
:1042F000264009F10109002CF2D1FF2E03D16FF005
:104300000B00BDE8F883304600F024F805468484AD
:1043100080F8264080F8286001460A4802F0D8F864
:10432000202885F827000AD001232F6285F826303F
:10433000204688F80060E4E76FF01500E1E76FF0D1
:104340002200DEE7C7BC0100014B1879704700BFAF
:10435000E4130020054B1A79824283BF1B6800EBEF
:10436000400003EB00100020704700BFE413002062
:1043700010B510F003040A460BD107490A71086012
:1043800030B102EB42021201214603F019FE204631
:1043900010BD6FF00D00FBE7E413002043F6095257
:1043A000C0F3080302FB03F3400A03F5807302FB2A
:1043B00000F000EB5320704743F6095CC0F308029D
:1043C00010B50CFB02F2C0F34E24030E43EA0123A6
:1043D0000CFB04F0090E02F580724FEA411C00EB61
:1043E00052205A01B2EB030E4CEAD36C6CEB010481
:1043F0004FEA841C4FEA8E12B2EB0E024CEA9E6C1E
:104400006CEB040C4FEACC0C4CEA527CD200D31873
:1044100041EB0C01DA03C903801841EA534141F131
:10442000000110BD430B48F2376C0CFB03F34FEA5D
:10443000134C00B5104B43F6095E0EFB1C0000FB4D
:1044400003F35B0D0EFB03FE03EB4C230EF5745CD4
:104450000CF1080CB0EB5C2F08D80EF5807EA0EBB9
:104460005E20C0B20B6010705DF804FB01330020C9
:104470000B6010705DF804FB6F0C0100F8B5274D60
:10448000A94246D8264E274F450F45EAC105A6FB4F
:104490000514C0F34F31A40B01EB054107FB1411C8
:1044A000A6FB0151890B41EA04411F4C04FB110496
:1044B00048F2376C600B0CFB00F04FEA104C43F6EF
:1044C000095E1A480EFB1C4505FB00F0400D0EFB73
:1044D00000FE00EB4C200EF5745C0CF1080CB5EB03
:1044E0005C2F12D80EF5807EA5EB5E2E5FFA8EFE55
:1044F000069D85F800E00D0628184FEA112141F1CC
:104500000001186059601460F8BD01304FF0000ED2
:10451000EEE796219B2003F059FA00BFFF7F841E2F
:1045200083DE1B43000024F40080841E6F0C010016
:10453000420B48F2376303FB02F2120C43F6095CAC
:10454000074B0CFB120101FB0333013B5B0D0CFB22
:1045500003FC5002B1EB5C2F88BF01301844704758
:104560006F0C01001F2810B59FBF054B440103EBE2
:104570004010195196BF42600020012010BD00BFBD
:10458000F013002008B5064B93F80024202A03D12D
:104590003F21022003F01AFA83F8300408BD00BF5F
:1045A000F013002008B5064B93F80024202A03D10D
:1045B0004521022003F00AFA93F8280408BD00BF41
:1045C000F013002010B5094A92F80034202B03D1D3
:1045D0005021022003F0FAF9590102EB4313BDE820
:1045E0001040525858680421104700BFF0130020B3
:1045F00008B501B3F0B14FF0FF331A46E0FB0132CA
:104600000E498A4203D971216D2003F0DFF9180D9C
:1046100040EA0230C3F30F134FF22441B0FBF1F232
:1046200003EB0040064B03FB1200B0FBF1F040EA45
:104630000240013008BD0846FCE700BF3F420F00C2
:10464000000024F4014B9888704700BF2C1800200C
:10465000014B5888704700BF2C18002010B5EFF3AD
:10466000108472B6064A93790133DBB29371937961
:10467000012B01D107F003FD04B962B610BD00BFE4
:104680002C18002070B50C4C267866B90125A06066
:104690002570FFF7E3FF00F09BFA30B94FF080433D
:1046A0002573C3F80453002070BDA368002BFAD013
:1046B0009847A660F7E700BF2C18002038B5FFF731
:1046C000CDFF00F085FA094C4FF0804540B107F06E
:1046D000C3FC01232B61042363730023A37338BD40
:1046E000032363730123C5F80433F6E72C18002075
:1046F00010B5EFF3108472B60A4B9A7922B94FF4D1
:1047000096716D2003F062F99A79013AD2B29A71EA
:104710009A791AB9DB7B0BB900F048FA04B962B692
:1047200010BD00BF2C18002008B5054B1A7822B127
:1047300000221A731A70FFF7DBFF002008BD00BFCC
:104740002C180020024B587B003818BF01207047FE
:104750002C18002038B5114C237CB3B1A27B013B4F
:104760009A4212DA00F034FA054603F0DDF9237CB0
:10477000012B82BFA37B0133A37355B16369C31AB5
:104780000133022B09D935B16061BDE83840FFF72C
:1047900095BFA369F3E7A061F7E738BD2C180020A7
:1047A00073B51B4D2B7F63B9286A00F0030007F037
:1047B00080FC30B1EFF3108372B66A7B1AB103B993
:1047C00062B602B070BD01226A7303B962B64FF0DF
:1047D00080430822C3F808234FF42073ADF8063055
:1047E000BDF80640A4B2631E9BB2ADF80630002CA3
:1047F000F6D14FF080460748C6F80C4107F07EFC22
:1048000085F82540FFF75AFF0823C6F80433D8E798
:104810002C180020501800202DE9F041384C94F855
:104820002630002B69D04FF08043D3F80071D3F8C5
:10483000046157B10122C3F80823237B2BB1A3687D
:10484000002525730BB19847A5604EB14FF080430A
:104850000022C3F804210222C3F80823FFF7A0FFB7
:104860004FF080462748D6F80C8194F82550EDB2D9
:1048700007F048FC20B140F2C5116D2003F0A6F806
:1048800047B1637B032B05D10423637307F0E4FB7B
:1048900001233361B8F1000F16D04FF0804300229E
:1048A000C3F80C21637B042B02D040F2D711E4E75C
:1048B00007F084FCC0B14FF080430022C3F8342CD1
:1048C00002236373FFF714FF4DB1002384F82530F2
:1048D000637B022B01D1FFF7F1FEFFF709FFBDE873
:1048E000F041084807F01DBC07F04AFC0028E2D15F
:1048F00007F05BFC0028DED1E2E7BDE8F08100BFF5
:104900002C1800205018002010B5044C206A00F02C
:10491000030007F0CEFB0028F8D010BD2C180020B3
:10492000F8B5054650B10278042A07D8437842B951
:10493000013B1F2B02D88378212B07D96FF015007C
:1049400076E0002BFAD18378002BF7D1814B012739
:10495000C3F88070BFF34F8FBFF36F8F4FF0804667
:10496000C3F880717C4C4FF0FF33C6F80833002346
:10497000C6F80031C6F80431C6F80C31A371AB8813
:10498000A38007F081FB08B12770A771D6F80C242B
:10499000D6F80C34D20303D5DF0701D500F012F9A5
:1049A00040F2F55363802B78A978237700222262A6
:1049B0002174A273042B4ED8DFE803F005033B49B2
:1049C0004B000123236207F066FB00284ED007F05E
:1049D00069FB236A03F00303984247D1AB79002BAC
:1049E0003ED1FFF791FF237C6BB12B785BB900F0D0
:1049F000EFF8054603F098F86FF00043002D00F043
:104A0000A580C4E905034FF08043D3F80C24D3F804
:104A10000C34D20303D5DB0701D500F0D3F84D4A9F
:104A200001230020607384F82630C2F880311360BF
:104A3000F8BDFFF713FE4FF08043D3F80C14D3F802
:104A40000C24CE03F9D5D007F7D50223BAE7434BA0
:104A5000B8E7434BB6E740F216316D2002F0B6FFDF
:104A60004FF080430222C3F80423BCE74FF0804399
:104A70000122DA600022C3F80421226AC3F8182553
:104A800007F05AFB10B34FF080534FF08042D3F839
:104A90004432C3F34233C2F83C3507F04DFB10B348
:104AA0004FF080430122C3F84C254FF08043012290
:104AB0009A600222C3F80423AA79002A93D1D3F87A
:104AC000042391071CD440F2CD21C6E707F03DFB3B
:104AD0000028D8D107F042FB0028D4D107F050FBC2
:104AE0000028D0D1D9E707F030FB0028D8D107F053
:104AF00035FB0028D4D107F043FB0028D0D1D4E700
:104B0000184A1669116941F010011161D3F8043196
:104B100006F010060BB907F07DFB4FF08047D7F881
:104B2000043183B1FFF7F0FE26B90E4A136923F072
:104B3000100313614FF080430222C3F808230022C0
:104B4000C3F804214FE707F063FBE8E7C4E9053049
:104B500059E700BF00E100E02C180020010002002E
:104B60000100030000ED00E010B50D4C04F124003D
:104B700007F0C8FA48B9637B022B01D1FFF79EFD0D
:104B8000BDE81040074807F0CCBA074A012384F873
:104B90002530BDE81040C2F80031FFF75FBD00BF0F
:104BA0002C1800205018002000E100E04FF0804257
:104BB000012353600023C2F80031014A137070478B
:104BC00053180020014B01221A707047531800201F
:104BD0004FF08043D3F8003123B9034B187800F02D
:104BE000010070470120FAE753180020094B4FF0ED
:104BF000FF32C3F808230022C3F84025C3F8402140
:104C0000C3F84425C3F84421C3F84825C3F8482114
:104C1000704700BF00800040084B1B785BB1012348
:104C20004FF40031064AC2F84813C2F808130BB912
:104C3000C2F8403170474FF44031F3E75818002074
:104C400000B0004070B5EFF3108472B6094A0A4B09
:104C50000025D2F80415D2F804612EB1596801314B
:104C60005960C2F80451F4E75B6804B962B6C0E960
:104C7000001370BD00B0004058180020032808D968
:104C80000438C0B2044B80001858003818BF012007
:104C900070470120704700BF40B10040074BD3F878
:104CA0000435C01A20F07F40884205D3B0F5000FCC
:104CB0008CBF0220002070470120704700B00040E8
:104CC00001282DE9F0410446884604D94FF4F571D6
:104CD0006C2002F07BFE81000E4F0F4B4FF48035AD
:104CE00085400026C7F808534046C7F848535E5031
:104CF0000221FFF7D3FF58B904F5A87447F82480C0
:104D00000AB1C7F80453C7F844530120BDE8F08145
:104D10003046FBE700B0004040B1004008B5054A0E
:104D20009068022120F07F40FFF7B8FF0128F7D0FC
:104D300008BD00BF581800200F4B4FF40062C3F8A5
:104D40008020BFF34F8FBFF36F8FC3F880210B4BD1
:104D500001225A609A60D3F80425002AFBD1084941
:104D6000C3F80813C3F84813C3F84021C3F844211B
:104D7000C3F80421704700BF00E100E000B000402C
:104D80000200030008B50A4B4FF48072C3F880207C
:104D9000BFF34F8FBFF36F8F0649C3F88021012007
:104DA0004860FFF723FF044B086100221A7408BD16
:104DB00000E100E0008000405818002010B5254CAC
:104DC0000023FF224FF0FF314FF0FF30C4E9020112
:104DD000237062746360FFF7D5FFFFF7ADFF1E4BD2
:104DE0004FF400621A6061691C4A51B901231360D3
:104DF0001A4B4FF48272C3F844230222C3F80423EF
:104E000010BD174B1748C3F8A805C3F8AC15C3F875
:104E10005C294FF40022C3F80425134A0521C2F887
:104E2000401501211160D2F840110029FBD04FF448
:104E30000021C3F8081501215160D1600021C2F89A
:104E40004011C2F84015C3F8A815C3F8AC15C3F853
:104E5000AC15CDE75818002000E100E000B000409C
:104E600000F001404081004000800040F8B52D4C2A
:104E70002778012F05460E4605D1D4E902238B423F
:104E800008BF824248D0284B4FF04042C3F8082563
:104E9000FFF7C2FE002225F07F411046FFF710FF0A
:104EA00000283AD00FB1FFF739FF002301276374C0
:104EB000A761FFF767FF1D4BD3F8042522F003021B
:104EC000C3F80425D3F8082522F0030242F00202B9
:104ED000C3F80825102292FAA2F2B2FA82F2092A45
:104EE00004DD134840F2913102F066FDC3F810254D
:104EF000DF60A269C3F800220E4B4FF48072C3F842
:104F000080211A60084B4FF00042C3F80425C4E921
:104F10000256042363702770F8BD40F20E316C20F6
:104F200002F054FD5818002000F0014000800040BD
:104F300046F9030000E100E02DE9F0411E4C94F831
:104F40000080B8F1020FD4E9022305460E4605D1D0
:104F50008B4208BF82420AD1BDE8F0818B4208BF74
:104F6000824204D14FF447716C2002F02FFD237C64
:104F700013B94FF44871F7E7104F4FF04043002248
:104F8000C7F8083525F07F411046FFF799FE78B144
:104F9000B8F1000F01D0FFF7C1FE4FF08043C7F812
:104FA0000435042363700223C4E902562370D3E757
:104FB0004FF44B71D8E700BF5818002000F00140B3
:104FC000014BD3E90201704758180020014BD3F878
:104FD0000405704700B0004013B56846FFF732FE85
:104FE000DDE90004FFF7DAF9024B0021E4FB0301DD
:104FF00002B010BD0080841E2DE9F041224CFFF765
:105000000BFE2378022B04D040F237316C2002F0E3
:10501000DDFC07F05EF8D4E90267C21C41F100052F
:10502000AF4208BF964226F07F480ED0042140468A
:10503000FFF734FE48B910462946FFF717FF134B18
:10504000A269C3F80022BDE8F08102214046FFF7C3
:1050500025FEA0B90E4A0D494FF08043C2F808352D
:105060000123A36160744B60CB604FF00041C2F834
:1050700004150422C4E9026762702370DFE701238C
:10508000A36100236374DAE7581800200080004011
:1050900000F0014008B520B140F2AF316C2002F0C1
:1050A00095FC014808BD00BF40810040032837B58A
:1050B00008D9041FE4B2012C19D940F2F5316C2053
:1050C00002F084FC244900F1100201239340C1F84E
:1050D000083300F5A873002241F823201F4B8100FC
:1050E0005A5053F820300093009B03B030BD1C4D44
:1050F0002B789BB16A78824210D11A4A4FF0404116
:10510000012BC2F8081501D1FFF73CFE00232B70DC
:105110004FF0FF324FF0FF33C5E90223124A4FF43C
:105120008033A340C2F80833C2F8483304F5A873AB
:10513000022152F82300FFF7B1FD012818BF0B4BE5
:1051400022B204FA01F41CBF00211951074B53F895
:1051500022300193019BC8E700800040408100405D
:105160005818002000F0014000B0004040B100405D
:1051700008B50B4B1A78012A05D15878FFF77EFD48
:1051800058B1002008BD022AFBD15878FFF776FD00
:105190000028F6D14FF08040F4E74FF00040F1E7EF
:1051A00058180020032838B522F07F41264B0446CA
:1051B00006D90438C0B2012838D940F2A1310BE039
:1051C000D3E90202B2F1FF3F08BFB0F1FF3F06D1C1
:1051D0001A7C22B940F27E316C2002F0F7FB1B787A
:1051E000022B1AD0194B1A4D04F110020120A40011
:1051F00000FA02F2C5F80823185104F1804404F5BE
:105200000044D4F84035CB1A23F07F43022B09D950
:10521000C4F84015C5F8042338BDFFF7A9FF4300C3
:10522000FBD4DFE70020C4F84005F5E71A782AB17F
:105230005B78A34202D140F29D31CDE7BDE8384012
:105240000122FFF73DBD00BF5818002040800040FC
:1052500000800040204A08B5D2F80433D90312D5A3
:10526000D2F840317BB10023C2F84031D2F840057A
:105270000221FFF713FD30B14FF48033C2F8083339
:10528000042001F02DFE144AD2F804339B0312D5FA
:10529000D2F844317BB10023C2F84431D2F844053E
:1052A0000221FFF7FBFC30B14FF40033C2F80833A2
:1052B000052001F015FE084BD3F8042132B100227D
:1052C000C3F80421054A536801335360044B4FF47B
:1052D0000062C3F8802108BD00B0004058180020CB
:1052E00000E100E038B5314C637CFF2B5BD02378C4
:1052F0003BB1012B10D12374022360782370FFF798
:10530000D5FE2B4BD3F8042310030DD5D3F84C2135
:1053100052B140F23E4104E0237C002BECD140F23C
:1053200052416C2002F052FBD3F8042351030DD5F7
:10533000D3F8483153B10220FFF7B8FE1D4B4FF4AC
:105340008072C3F88021022001F0CAFD184BD3F807
:10535000042392030DD5D3F8443153B10120FFF754
:10536000A5FE144B4FF48072C3F88021012001F098
:10537000B7FD0F4DD5F80433DB0316D5D5F8403112
:105380009BB10020FFF792FE0A4B4FF48072C3F8E6
:1053900080210020FF236374A061C5F80002BDE8EE
:1053A000384001F09DBD0620F9E738BD58180020AF
:1053B0000080004000E100E02DE9F04F8C4F7C7E42
:1053C00004EB44033B4483B05E78202E47D0894BE6
:1053D000E5B26400002B00F08780874BDFF81C9259
:1053E000002B5DD006EB451207EB420A4FEA451849
:1053F0009AF82030013BDBB2052B33D8804A12F8F3
:1054000003B0BBF1090F2DD0AFF30080EFF3108391
:1054100072B62C443C449AF821206270A278B242C1
:1054200004BF2022A27013B9AFF3008062B6B0446B
:10543000730107EB480809EB4616012259F80330BF
:10544000706888F82020594698477C7E04EB440316
:105450003B44E5B25E78202E4FEA4404C2D103B04B
:10546000BDE8F08F40F2C661702002F0AFFA62B67C
:10547000B044730107EB480809EB4616012259F8BE
:105480000330706888F82020594698477C7E04EBEA
:1054900044033B44E5B25E78202E4FEA4404DED05C
:1054A00006EB451207EB420A4FEA45189AF82030FE
:1054B000013BDBB2052BD5D8514A12F803B0BBF142
:1054C000090FCFD0AFF30080EFF3108372B62C44F6
:1054D0003C449AF821206270A278964204BF2022B0
:1054E000A270002BC4D1C2E7434BDFF814B1DFF840
:1054F0000CA14FF02009002B4FD006EB451207EB13
:1055000042024FEA451892F82030013BDBB2052BEE
:10551000A8D81BF803100929A4D0EFF3108372B6A2
:105520002C443C4492F821206270A278964208BF35
:1055300084F80290002B52D0B04407EB4808730166
:105540000AEB461601225AF80330706888F82020CA
:1055500098477C7E04EB44033B44E5B25E78202E02
:105560004FEA4404C9D17AE762B6B044730107EB4D
:1055700048080AEB461601225AF80330706888F88A
:10558000202098477C7E04EB44033B44E5B25E78E0
:10559000202E4FEA44043FF462AF06EB451207EBBE
:1055A00042024FEA451892F82030013BDBB2052B4E
:1055B0003FF658AF1BF8031009293FF453AFEFF340
:1055C000108372B62C443C4492F821206270A27879
:1055D000964208BF84F80290002BC6D1C4E701911F
:1055E000AFF3008062B6B044019907EB4808A6E724
:1055F000781800200000000000000000F0130020D8
:105600004CAC03002DE9F04FDFF82CA1994601EBDB
:1056100041034FF0200E1AF8034082F800E0744571
:1056200083B000F08680DFF814B10F46904605463F
:105630000BEB4412D5F800C090681369D1681B18B1
:1056400041F100019C456B688B414FEA44161CD325
:10565000EB89002B54D0D38A002B51D1ACEB000343
:105660000193FEF7F5FF40F256339842019B5AD062
:1056700040F2F552904252D0B0F5C67F14BF0122DD
:105680000E2293423CDA98F800E089F800E095E8B1
:105690000D000BEB06011B18D1F8088042F1000247
:1056A0009845CB6893411AD3CB8AA3B1EB8993B9C0
:1056B000A8EB0008FEF7CCFF40F25633984230D0FA
:1056C00040F2F553984228D0B0F5C67F14BF0123AD
:1056D0000E23984503DB012003B0BDE8F08F5E4444
:1056E00089F80040327E2B7C9A421ED904EB471485
:1056F0000AEB440494F82140202CECD06601C6E764
:1057000004EB47130AEB430388F8004093F8213079
:10571000202BA6460DD01C468AE73323D9E7332237
:10572000AFE71D23D5E71D22ABE7002003B0BDE89E
:10573000F08F89F80040CEE778180020F0130020A1
:105740002DE9F04F85B00C4615461E469DF8387081
:10575000FEF7EEFE22686368451946F100069542A1
:1057600076EB030351D3DFF8BC8040F2563905E0F5
:105770005D4576EB0A0348D3C4E900BA0DF10F0387
:105780000DF10E0239462046FFF73CFF00283DD1BF
:105790009DF80F3008EB4313D3E902201969DB8A27
:1057A00011EB020B40F1000A002BE1D1E389002B41
:1057B000DED00191FEF74CFF484501992BD040F215
:1057C000F553984225D0B0F5C67F14BF01230E23B0
:1057D0009942CDDAFEF73CFF484520D040F2F55320
:1057E00098421AD0B0F5C67F14BF01220E229DF850
:1057F0000F3008EB43139968DB6812EB010B43F1A0
:10580000000A5D4576EB0A03B6D2002005B0BDE87C
:10581000F08F3323DCE71D23DAE73322E7E71D228D
:10582000E5E700BFF01300202DE9F04F154692F890
:10583000008092F80BC0AF7A12891C4687B0002313
:10584000E3602361C4E9003327749DF8409084F835
:105850000DC00646A3606361E28184F811800F46A3
:10586000B8F1000F49D1FEF7A7FDD5E904C2584BA6
:10587000C31841F1000E9C4572EB0E030AD3013EA2
:1058800047F1FF37C4E900674FF47A73A36007B0AC
:10589000BDE8F08F263041F10001844572EB010331
:1058A000EDD3288901300021844572EB0103C0F05B
:1058B0008180BCEB000062EB010104F10C0300935A
:1058C00003AA04ABFEF7DAFD039B6868E97A2A892C
:1058D0000233034400290CBF7A20472013441844A4
:1058E000FEF726FEDDE90432C01A20F07F40C4E94D
:1058F0000032A06007B0BDE8F08F364803A9801AD7
:1059000004F10C02FEF78EFDB4F80EB00DF10B029F
:1059100004A95846FEF786FD2F4B1B78202B2CD070
:105920002E490B69D1E90521053342F1000A13EB39
:1059300001084AF1000A6B68227B981CEB7AC4F8D4
:105940000080002BE389C4F804A0134403440CBF77
:105950007A2047201844FEF7EBFD3246A0603B4614
:105960002869CDF800902146FFF7EAFE00288ED185
:10597000C4E9006707B0BDE8F08F16F1090847F1E8
:10598000000ABBF1000FD6D0FFF722F90028D2D1D0
:10599000FEF75EFE40F2563398420ED040F2F553C9
:1059A00098420FD0B0F5C67FC5D116F1160847F161
:1059B000000AC0E7404641467FE716F1250847F157
:1059C000000AB8E716F13B0847F1000AB3E700BF49
:1059D0000040420FFF7F841EF0170020F8170020C0
:1059E0002DE9F04F97B01C46CDE904128246FFF72F
:1059F000E7FADFF8E8820546D8F8A0204FF08040AB
:105A00000123C0F808350E461360B549082202EBA1
:105A10004412531801EB4417B3F80E9054581A7BF4
:105A20000192D3E901B3083708930FCF0DF1380C79
:105A3000ACE80F0097E803008CE8030024F07F40F7
:105A4000FEF7ACFC019A09F101031344A54A904208
:105A5000034400F21F82934200F3DA80002BC0F26D
:105A6000D1800793FFF7B4F80290B9F1000F40F02E
:105A70009980FEF7EDFD40F25633984200F0D68053
:105A800040F2F553984200F0CE80B0F5C67F00F0AA
:105A9000C48000230393002003210246B6F1FF3F98
:105AA00008BFB5F1FF3F1BD0A54276EB0B03C0F05A
:105AB0009B802F1B66EB0B03B7F5000F73F1000300
:105AC00080F0ED81671B002F2B4609DD002A00F0D6
:105AD000B08098F8181000290CBF0146002100E0A2
:105AE0005346671EA7EB03034BF1FF308B42009038
:105AF000069752DB029B7BB9D8E90431B1F1FF3F35
:105B000008BFB3F1FF3F07D00398E31A6BEB010125
:105B1000834271F100033DD3009B0992049AB7EBD5
:105B20000A0A63EB02030293FEF792FD40F2563C31
:105B30006045029B099A00F0BD8040F2F55C60452B
:105B400079D0B0F5C67F14BF0B201820824573F1C1
:105B5000000375D2059B012B00F0B480002A40F0B1
:105B6000AB80B6F1FF3F08BFB5F1FF3F00F0A48066
:105B7000009BE91B66EB0303052973F1000080F22B
:105B80007481012973F1000307DA2F460695009608
:105B9000154665E0B9F1000FBED00024204617B0CD
:105BA000BDE8F08FD8E90423B3F1FF3F08BFB2F19D
:105BB000FF3F7FF45EAF00287FF45BAFFEF748FD48
:105BC00040F25633984200F0608140F2F55398421B
:105BD00000F05681B0F5C67F00F04D81029B039323
:105BE00003211846012259E7671B6BEB0603B7F543
:105BF000000F73F10003FFF466AF40F2897170206B
:105C000001F0E4FE03F1F45303F59023079329E731
:105C100003F1614303F5F70323E700200D2303217C
:105C2000039302463AE73223039334E71C2303939A
:105C300031E7014655E73D20824573F1000389D3E2
:105C4000B9F100050099384618BF0125FFF70EF994
:105C5000009BB3F1FF3F08BFB7F1FF3F00F0248185
:105C6000069B23F07F40231A23F07F43013BB3F5CB
:105C7000000F92D2089B1B191B1A23F07F43B3F528
:105C8000000F8AD8FEF78AFB079A174BA2EB000A8F
:105C90009A452FD3801A9842C0F0DA80114B9A456A
:105CA00024D8984240F20A81C0F1614606F5F70611
:105CB000B24620E0272049E700993846FFF7D6F89A
:105CC0000025C5E7B6F1FF3F08BFB5F1FF3F00F083
:105CD000FA8006952F4600960025C1E77818002027
:105CE000F0130020FF7F841E0040420F0AF1F45A97
:105CF0000AF5902A5646794B93F8283023B909F1D2
:105D00001E03B34280F2AC80059B012B02D0012020
:105D1000FFF7CCF9B9F1000F5CD0AAEB0902002320
:105D20000120FFF73FFA002850D0002352461846C2
:105D3000FFF738FA002849D0002D6FD1D8E90423A5
:105D4000B3F1FF3F08BFB2F1FF3F05D1FEF786FC7C
:105D500006F0BFF9C8E9040198F81830002B70D19B
:105D600009F11902B24280F2A4800025AAEB0202D6
:105D70002B460220FFF716FA30B1D8F8A0301D608C
:105D80004FF08043C3F80855089B10934FF0FF3045
:105D90004FF0FF31CDE90E4B019B8DF84430CDE93A
:105DA0000C0100238DF85030ADF846900A930AAEEE
:105DB0000FCE4A4D0FC50FCE0FC596E80F00012438
:105DC00085E80F00204617B0BDE8F08F0120FFF7EF
:105DD0006DF9E2E652464B464846FFF7E3F90028E4
:105DE000F4D0D8E90423B3F1FF3F08BFB2F1FF3F7D
:105DF0001CD1002DB0D0039BFA1A009B4FF0050078
:105E000063F10003FFF7CEF9002861D098F818304D
:105E1000002BA5D1012388F81830A1E7D8E9042385
:105E2000B3F1FF3F08BFB2F1FF3FE4D0FEF760FCE3
:105E30004FF0FF324FF0FF33C8E90423002D8BD021
:105E4000D9E70520FFF732F9002388F8183087E7F3
:105E5000224B93F828304642B246002B7FF454AFD1
:105E60004FF4FD61702001F0B1FD009938461546F0
:105E7000FEF7FCFFECE60D201021039001220DE659
:105E8000322035210390012208E61C201F210390B7
:105E9000012203E640F23D41702001F097FD40F2FF
:105EA0008D71702001F092FD40F2D471702001F0EC
:105EB0008DFD4FF40161702001F088FD40F6B201C4
:105EC000702001F083FD40F2FB61702001F07EFD47
:105ED00040F22921702001F079FD00BFF817002061
:105EE0003B4B2DE9F04793F828303A4DDFF8E88036
:105EF000002B00EB40030746EC5C14BF0026022693
:105F00004FEA4709FFF762F84FF0200C4FEA471EAF
:105F100008EB44120EEB04039168126905EB430A87
:105F20000B1A23F07F439E420FD8B3F5000F0CD815
:105F30005218121A22F07F42B2F5000F05D8BCF1B8
:105F4000200F0BD12046BDE8F0879AF82130202B96
:105F5000A4461C46DCD1BCF1200FF3D00CEB471358
:105F600009EB070205EB430315F802E093F8213033
:105F7000AB547901744604260B1905EB4303224602
:105F80009445204683F8206093F82140F4D109EB32
:105F900007032B440A4493F802C0BCF1200F5FFAB8
:105FA0008CF618BF76184F4418BF05EB460605EB74
:105FB00042023D4408BF83F801E04FF0200318BFC0
:105FC00086F821E0A87082F821302046BDE8F087ED
:105FD000F817002078180020F01300202DE9F04178
:105FE00001EB41034C4DEE5C82B0202E01910C463A
:105FF00080464FEA41073DD1484B0BB1AFF30080DB
:1060000006F067F8AB7E202B0AD0454BD3E904E2BB
:1060100010F1020C41F10003E64572EB03032ED3AD
:10602000202E0AD042463346FFF7DAFC00283BD048
:106030000220AE7602B0BDE8F081D5E90423B3F1C9
:10604000FF3F08BFB2F1FF3F1DD12B7E33BB0420C1
:10605000FFF72CF806F04BF8D5F8A0104FF080426F
:106060002020A876002301200B60C2F8083502B07A
:10607000BDE8F0810846FFF733FF8642BCD0002020
:1060800002B0BDE8F081FEF733FB4FF0FF334FF075
:10609000FF32C5E904232B7E002BD8D00520FFF763
:1060A00005F800232B76D2E73A1906EB441305EBEB
:1060B000430315F802E093F82130AB5461017346B5
:1060C0000420CA189C4605EB4202664592F821302E
:1060D00082F82000F5D13B192B443C4498782028C5
:1060E000C2B218BF5218614418BF05EB420205EB5B
:1060F0004101254408BF83F801E04FF000004FF054
:10610000200318BF82F821E085F802C081F8213011
:1061100002B0BDE8F08100BF781800200000000048
:10612000F8170020F8B5184A184D002342F2200055
:1061300020214FF0FF364FF0FF37A97028806B7693
:10614000136082F82830AB71C2E90267C5E90467C1
:106150001C46EB71A9762B766A1802F814300134CC
:10616000202CFAD101260A482E7201F01BFD094BA2
:106170001870094B1C7001F085FDC5F8A000FEF7F2
:106180001DFEEE76F8BD00BFF8170020781800203D
:10619000B953010028180020F01700202DE9F04F16
:1061A00087B005F096FFC44E05460F4605F09FFFE9
:1061B000D6E90223B3F1FF3F08BFB2F1FF3F05D09C
:1061C0004FF0FF324FF0FF33C6E9022396F8283034
:1061D000002B00F0F380737F002B00F0ED80B74CB4
:1061E000E379002B40F0DE80E81C47F10001FEF768
:1061F0003DFE237A002B40F05581DFF8C48298F8E9
:1062000000B00122BBF1200F227200F05081202249
:10621000A37188F80020A276E3713360637E03EBFC
:1062200043025FFA83F9A25C5B00202A019308D045
:10623000DFF890A253010AEB4212517E012900F0CF
:10624000E280019BDFF880A203EB090727444FEAB5
:1062500049183D78202D04D04846FFF741FE85427D
:10626000F7D1BAF1000F01D0AFF3008005F031FF94
:10627000A37E202B09D0D6E9042310F1020E41F1B0
:10628000000C724573EB0C03E3D3202D39D02B4661
:106290000122FFF7A5FB002855D0A57608EB0B03DC
:1062A00004EB430393F82020022A1DD1019A4A44AB
:1062B0002244062183F820109178CBB220291CBFFC
:1062C000434404EB4303D84418BF83F821B0019B37
:1062D00008BF82F801B04B44234404EB480883F81C
:1062E00002B0202388F82130019B4B449946A144F9
:1062F000FF2299F801306272202B56D107B0BDE819
:10630000F08FD4E90423B3F1FF3F08BFB2F1FF3FA0
:1063100007D0FEF7EDF94FF0FF324FF0FF33C4E93D
:106320000423237EC3BB0420FEF7C0FE05F0DFFE7E
:10633000D4F8A0104FF0804200232020A0760B60FC
:10634000C2F80835AAE708EB050304EB43033878E5
:1063500093F821303B70024604211346424404EB7B
:1063600042029D4282F8201092F82120F5D1B9789E
:10637000BB70CAB220291CBF424404EB4202434412
:1063800004EB430318BF82F821004FF0200208BF3E
:10639000787083F821205CE70520FEF787FE002354
:1063A0002376C0E7FEF728FE23E7484B187807B0AE
:1063B000BDE8F04F01F022BC404C15E74FF40C71E2
:1063C000B069FEF715F933697269B169023342F1B8
:1063D00000025B1842F100021B1842F100029D42CC
:1063E00077EB0203FFF4F7AE354B364A1B785801C2
:1063F00002EB431308211258586890474FF431714B
:10640000702001F0E3FAD08A03930DF1130205A97D
:106410000290FEF707F898F80020202ADDE9020331
:1064200013D03269B16912F10508726942F10002B4
:1064300018EB010842F100029A44DAE902134145DF
:10644000934128BFCAE90282FBE615F1090847F12A
:1064500000020028F0D0CDE90223FEF7B9FBDDE908
:1064600002230028E8D1FEF7F3F8014640F2563047
:106470008142039B0CD040F2F55081420DD0B1F522
:10648000C67F029AD8D115F1160847F10002D3E76A
:1064900015F1250847F10002CEE715F13B0847F159
:1064A0000002C9E74FF43771702001F08FFA40F213
:1064B000DF21702001F08AFAF817002078180020F8
:1064C000F0170020F0130020000000002818002022
:1064D00070B5124C0D460646FEF716FA637E04F1BF
:1064E000200CD9B20CEB831C002302E00133202BDB
:1064F00012D01CF81320D8B2002AF7D103EB4111B7
:10650000074A04EB4104590102EB431356500122A0
:1065100084F820205D6070BD184670BD781800209A
:10652000F01300201F2809D80B494B7E00EB4313C2
:1065300001EB430393F82020012A01D0002070478B
:106540004B7E00EB431301EB43034FF0000C10466E
:1065500083F820C0704700BF7818002010B5094CA0
:1065600004EB4014D4E90201FDF726FF227DE38A03
:106570009B1803F101034FF000025241181842EB3F
:10658000010110BDF01300200378002B40F01881AA
:106590002DE9F04F954A5368C3F308038DB0804648
:1065A000002B40F0F980924D924CDFF84C924FF066
:1065B000000B24B1002140F28240AFF300806F7ED7
:1065C000FFB285F809B024B1002140F28740AFF353
:1065D00000808A4B7E1C06F0010A03EB871E03EB4A
:1065E0008A1CBEE80F00ACE80F00BEE80F00ACE864
:1065F0000F00BEE80F00ACE80F009EE80F00564603
:106600008CE80F003FB224B1002140F2FA30AFF322
:10661000008007EB470706EB4606EB19EA5B9B7821
:10662000AA532E44B37054B1002140F2FE30AFF3B0
:10663000008024B1002140F28C40AFF3008005F0CF
:1066400048FDCDF800A006AB424606460F46FFF7D0
:10665000EBF824B1002140F29340AFF30080684B87
:106660001B78202B54D0D9F81020D9F81830DDE948
:1066700006019B18D9F8142042F10002984291417A
:1066800046D2CDE906320123029324B1002140F223
:106690009E40AFF30080069926F07F400A1A22F050
:1066A0007F42B2F5000F36D8089B5B181B1A23F007
:1066B0007F43B3F5000F2ED83B465248CDF800A0DB
:1066C000324606A9FFF73CF8029B03B9C0B1DDE9E9
:1066D00006311846FDF770FEBDF826309DF824609F
:1066E0009B1903F101034BEB0B021B1842EB010258
:1066F000C8E9043224B1002140F2B540AFF3008074
:106700006B7A002B7FF455AF01200DB0BDE8F08F00
:1067100000230293B9E7BDF826A00DF1130205A9E5
:106720005046FDF77FFE364B1B78202B11D0D9F851
:106730001030D9F81410D9F81820053341F10001B0
:106740009B1841F100011F22CDE906318DF824206C
:10675000BFE716F1090347F10001BAF1000FF2D0CB
:10676000CDE90231FEF734FADDE902310028EAD141
:10677000FDF76EFF40F25632904231D040F2F552B2
:10678000904228D0B0F5C67FDDE90231DBD116F1A9
:10679000160347F10001D6E7103B59B2002911DB7F
:1067A00001F1604101F5614191F8000340090028C1
:1067B000ABD00F4D0F4CDFF840904FF0000BF8E6D8
:1067C0000020704703F00F03043B1344187E400978
:1067D0000028EED199E716F13B0347F10001B2E73B
:1067E00016F1250347F10001ADE700BF00ED00E021
:1067F0007818002000000000F817002098180020EA
:10680000F01700200040420F2DE9F04FAF4A5368C7
:1068100091B0C3F3080383460491002B40F06881D4
:1068200008230393049B1B78012B00F24C82A84E93
:1068300026B1002140F29C50AFF300800023A54C0C
:1068400005934FF0010926B1002140F2A950AFF3A2
:106850000080B9F1000F04D19F4B0BB1AFF3008062
:1068600062B6657EEDB24FF000036372039B002BAE
:1068700040F09E80A84626B1002140F2BD50AFF303
:10688000008005F026FC049A00950AAB8246FEF7CC
:10689000CBFF26B1002140F2C550AFF300800BEBD7
:1068A000481904EB49094FEA481799F82030013B91
:1068B000012B7BD80A992AF07F4AA1EB0A0222F029
:1068C0007F4323F00103002B40F0C38008EB480214
:1068D000224407EB0B03907804EB430304212028A8
:1068E00083F820104FEA4803C1B200F0A281394476
:1068F00004EB410181F821B0434423445F4404EB9D
:10690000470783F802B0202387F82130002305933E
:10691000012726B1002140F2CA50AFF300806F4B2F
:106920000BB1AFF30080EFF31088C14672B6637A03
:10693000002B88D16A4B0DF1280E03EB4B1CBEE8EF
:106940000F000CF1080CACE80F009EE803008CE887
:1069500003008FB1039B002B00F0EA80059B23B15D
:10696000604B1B78202B00F06781637EDB4303F0D4
:1069700001036376FF236372B8F1000F04D1564B15
:106980000BB1AFF3008062B626B1002140F2016086
:10699000AFF30080002F4AD126B1002140F20D60F4
:1069A000AFF30080384611B0BDE8F08F0027B0E7A4
:1069B0004D4B05F1010A0AF0010A03EB851E03EBBA
:1069C0008A1CBEE80F00ACE80F00BEE80F00ACE880
:1069D0000F00BEE80F00ACE80F009EE80F002DB2DC
:1069E0008CE80F00D0460FFA8AF726B1002140F25A
:1069F000FA30AFF3008005EB450507EB4707631955
:106A0000625B9B78E2532744BB7056B1002140F291
:106A1000FE30AFF3008026B1002140F2B350AFF357
:106A20000080637A002B7FF40EAF554623E7637E28
:106A300003EB43031C446378202BADD026B1002127
:106A40004FF4C160AFF30080284B187801F0D6F8FE
:106A5000A2E722F07F42B2F5000F3FF637AF0C9B62
:106A60005B18A3EB0A0323F07F43B3F5000F3FF657
:106A70002DAF0DF127030DF1260229460AA8FEF7D6
:106A8000C1FD059000285AD108EB48022244042396
:106A9000907889F820304FEA48032028C1B2434457
:106AA00018BFC91923445F4404EB470718BF04EB20
:106AB000410183F802B04FF0200314BF81F821B0E8
:106AC00082F801B087F82130012722E700ED00E0CD
:106AD0000000000078180020000000000000000006
:106AE000F0130020F017002098180020281800202C
:106AF000103B59B20029C0F2948001F1604101F5C8
:106B0000614191F800335B090393002B7FF48AAE57
:106B1000744B1B78202B00F0DB80049B1B780393C5
:106B2000002B3FF484AE40F29551702000F04EFFF0
:106B3000FF236372B8F1000F7FF426AF1FE79DF8C3
:106B400026C09DF827E0F4451AD1BCF1200F00F0D3
:106B5000A78007EB0C0304EB430393F8213089F87B
:106B60002130BC4404EB4C0C00228CF821B05F4473
:106B700004EB4703059F0592032283F82020C8E613
:106B8000BEF1200F00F0A98007EB0E0304EB4303D6
:106B9000BCF1200F93F8211000F08D8007EB0C0260
:106BA00004EB42024FEA480392F82100069082F873
:106BB00021104FF0050A3A1804EB420201468E45B7
:106BC000814682F820A092F82100F4D103EB08025C
:106BD0002244079192F802A0BAF1200F5FFA8AFED0
:106BE00066D0BE4404EB4E0E069A8EF8212003EBCD
:106BF00008022244079982F80290394407EB0B02FD
:106C00004FF0200E04EB410104EB4202F44581F801
:106C100021E082F82100A4D14344059A04F803B08E
:106C2000A5E703F00F03043B13441B7E5B090393AA
:106C30006BE782F801B05FE629460220FFF7CEF944
:106C400000287FF492AE637E03EB430020440BEBFD
:106C5000431204EB420285780421DFB282F820104F
:106C60005A015B00202DE9B23B4418BF8918234428
:106C70005A4418BF04EB410104EB420283F802B00E
:106C80004FF0200318BF81F821B0059F08BF80F89E
:106C900001B082F82130B8F1000F7FF475AE6EE6D6
:106CA00008EB4803E35C89F821304FEA4803B3E777
:106CB000069951709BE708EB48024FEA4803A05C35
:106CC0000690A15475E740F29951702000F07EFEC5
:106CD00040F29251702000F079FE40F2D311702002
:106CE00000F074FEF01700202DE9F84F774CDFF824
:106CF000E08105464FF0010A04F1200BB8F1000FC6
:106D000004D0002140F21F60AFF30080BAF1000F01
:106D100004D1704B0BB1AFF3008062B64FF00003AB
:106D20006372B8F1000F04D0002140F22460AFF389
:106D30000080667E0BEB861EBEE80F0006F101099F
:106D400009F001070BEB871CACE80F00BEE80F0051
:106D5000ACE80F00BEE80F00ACE80F009EE80F00A3
:106D6000B9468CE80F00B8F1000F04D0002140F2C2
:106D7000FA30AFF3008006EB460607EB4707A3198E
:106D8000A25B9B78E2532744BB70B8F1000F04D09C
:106D9000002140F2FE30AFF30080637A03F0FF0180
:106DA000002B40F08280B8F1000F03D040F22E603B
:106DB000AFF3008005EB491304EB43034FEA491698
:106DC00093F82020032A6ED109EB4902A75CBD424B
:106DD00075D0202F67D03B4601E0202B63D0F218FE
:106DE00004EB4202194692F821309D42F5D1202D44
:106DF00059D07319314404EB430304EB410193F878
:106E0000213081F82130B8F1000F0CD0002140F280
:106E10006730AFF30080B8F1000F04D0002140F2DA
:106E20003360AFF300802E4404EB4606012386F85E
:106E30002030B8F1000F04D0002140F23C60AFF3E5
:106E40000080254B0BB1AFF30080EFF3108A72B6D0
:106E5000637A002B7FF452AFBD4203D11F4B1B78E6
:106E6000202B1AD0637EDB4303F001036376FF23FC
:106E700063720124BAF1000F04D1164B0BB1AFF3CA
:106E8000008062B6B8F1000F04D0002140F25E60CD
:106E9000AFF300802046BDE8F88F49460220FFF797
:106EA0009DF80028DED10024E4E7B8F1000F3FF49C
:106EB0002DAF002140F22A60AFF300801EE7202DA5
:106EC000F1D093F82130A3549DE700BF781800203B
:106ED000000000000000000000000000F01700208B
:106EE00070B506280ED8DFE800F01D4F040D0D6FB9
:106EF0000E00B04B4FF08041D3F8A0200123C1F821
:106F00000835136070BDAC4D2B78202B00F08F80BE
:106F1000AA4C5A0104EB4313A2585868BDE87040CC
:106F200005211047A34CD4E90423B3F1FF3F08BF68
:106F3000B2F1FF3F00F0D680A14EF38B002B6DD154
:106F40009D4D2B78202B00F0AB80D6E90223FF214A
:106F5000B3F1FF3F08BFB2F1FF3FE17105D005205B
:106F6000FEF720F9002800F01F81737F012B00F04D
:106F70008B802B78914A590102EB4313BDE8704096
:106F800052585868012110478B4D8A4C2B78202B82
:106F900000F0AF800123A371FDF71AFE002800F076
:106FA000F480D4E90423B3F1FF3F08BFB2F1FF3FFF
:106FB00063D02B78814A590102EB4313BDE870403E
:106FC00052585868002110477A4C237E5BB1D4E9AF
:106FD0000423B3F1FF3F08BFB2F1FF3F00F0AC80E4
:106FE0000023237670BD744D2A78202A00F0AB80F0
:106FF000734E4FF0FF324FF0FF33C6E90223E379BF
:10700000002B00F0C7802B786C4A590102EB431328
:10701000BDE870405258586806211047FDF7D8FD6A
:1070200000288DD14FF4D061702000F0CFFC614971
:107030004B7E03EB4300DAB20B5C202B00F0AF80F9
:1070400003EB421201EB420292F821400C54FF2064
:107050004872022082F82000584C59482B700022B8
:107060000A7280F8282004EB4312127E002A7FF473
:1070700050AF01F011F82B784BE7FDF7EFFA05F070
:1070800028F8C4E9040194E7D6E90401B36901389A
:1070900041F1FF31C01841F10001FDF74DFF68E7F4
:1070A000627ED3B202EB4202A15C202977D001EBD1
:1070B000431304EB430393F82100A0543F4A297083
:1070C00002EB41110022227286F82820097EFF225D
:1070D0006272022283F8202000297FF436AF00F08C
:1070E000DBFF32E7FDF7BAFA04F0F3FFC4E904016D
:1070F00022E7637E03EB4301DBB2625C202A4ED0C1
:1071000002EB431304EB430393F821006054FF2187
:107110006172022183F82010284B2A7003EB42127F
:107120002748137E002180F828102172002B7FF45D
:1071300031AF00F0B1FF2DE7FDF790FA04F0C9FF81
:10714000C4E904014CE7617ECAB201EB4101605C15
:10715000202824D000EB421204EB420292F8216076
:1071600066541649164E287001EB4010237286F8BB
:107170002830017EFF236372022382F82030002929
:107180007FF437AF00F088FF33E740F2AA61702048
:1071900000F01CFC40F29C61702000F017FC4FF4E2
:1071A0001571702000F012FC40F28561702000F033
:1071B0000DFC00BF78180020F0170020F01300200D
:1071C000F817002070B5274B1A78202A86B044D0D3
:1071D000254CD4E90213B3F1FF3F08BFB1F1FF3FE3
:1071E00036D1224D05EB42150646D5E90201FDF7E1
:1071F000E3F8EA8A2B7DD31803F101034FF0000274
:1072000052419B1942F1000218180DF10B0342EB99
:107210000101009303AA04ABFDF730F99DF80B20A0
:10722000DDE904310F2A94BF002201229B1841F1AD
:107230000001C4E902310E4BDB7913B9012006B01D
:1072400070BDD4E902230520FDF7ACFF06B070BD88
:1072500040F68901702000F0B9FB40F688017020EB
:1072600000F0B4FBF0170020F8170020F013002006
:1072700078180020FDF7AABE38B5224B93F800E03D
:10728000BEF1200F38D0204D6B7E95F819C003EB6E
:1072900043035FFA8CFCEB5C202B1FD01B4C4FEAA6
:1072A0004C1C06E0634405EB430393F82130202B8C
:1072B00014D004EB4312117E8142F3D804EB4E1438
:1072C000D4E9021320694018D2E9021243F1000305
:1072D000814272EB030304D2002038BD4FF0FF302F
:1072E00038BD0B4B081A1C68FDF758F804F16F0302
:1072F0008342F1D8001B38BD40F6C201702000F077
:1073000065FB00BFF017002078180020F013002064
:10731000F81700202DE9F04F924B1E7887B0202EF1
:10732000019000F01A81904F904D7B7E03EB430358
:1073300080462868FC5C2B6903930DF11302AB694E
:1073400002938946404405A9FDF76CF8884BA8F1E3
:107350006F029A4261D8DFF81C82059B696908EBCD
:107360004616B2689B1832699B182A699B1A23F04B
:107370007F40B0F5000F50D897F819A0AB61202CD2
:1073800085F820905FFA8AFA18BF4FF0200B00F0C2
:10739000D88008EB441C9B18DCF8080041F1000180
:1073A0009842DCF80C308B414FEA441651D3BCF8BC
:1073B0001630002B35D10520FDF778FE797E4FF091
:1073C000FF324FF0FF33BBF1200FC5E90223C9B2F2
:1073D00040F0A98001EB410120247B5C614A797E69
:1073E000127802EB411207EB420282F821302B683F
:1073F000019A13442B60FF237B72FB791BB16B7FD7
:10740000012B00F09280202C43D05B4B187800F0C9
:10741000F5FB002007B0BDE8F08F012007B0BDE804
:10742000F08FEB8B002BC6D1A0EB0209FDF710F912
:1074300040F25633984220D040F2F55398421AD089
:10744000B0F5C67F14BF01230E234B45B3DD95F87D
:1074500020904644337E4B4511D904EB4A1307EB89
:10746000430393F82130202B17D0A346D5E90421FC
:107470001C46AB698DE73323E7E71D23E5E7DDE92C
:1074800002312A695B189B1A0220AB6107B0BDE884
:10749000F08F002007B0BDE8F08F0520FDF706FE55
:1074A0004FF0FF324FF0FF33797EC5E90223C9B2B6
:1074B00004EB411307EB43034FEA410C93F82120FF
:1074C00001EB4103480117F803A0FA544FF00508F7
:1074D000534600EB030E07EB4E0E1A4694421E462F
:1074E0008EF820809EF82130F3D10CEB010EBE44C3
:1074F00061449EF80290B9F1200F5FFA89F818BF35
:1075000080443944024418BF07EB480807EB4202A5
:107510008E704FF0200114BF88F821A08EF801A0D2
:1075200082F821105AE75C46C2E7D5E90431A86920
:10753000013B41F1FF31181841F10001FDF7FCFC5E
:1075400061E70520FDF7B2FD797E4FF0FF324FF085
:10755000FF33C5E90223C9B23CE740F6EA017020D7
:1075600000F034FAF017002078180020F8170020F7
:10757000913F420FF0130020281800202DE9F84F0A
:107580009F4C637E00EB431304EB430393F82030DE
:10759000002B00F03081677EDFF868820546FFB27D
:1075A000B8F1000F04D0002140F62F10AFF3008097
:1075B0007E0105EB471704EB4707B8F1000F40F0D9
:1075C000DF80771904EB470797F82030012B09D0AB
:1075D000043B022B40F2C98004F01AFE97F82030D9
:1075E000012BF5D1DFF820A24FF0010BB8F1000F0D
:1075F00004D0002140F64610AFF30080BBF1000F2D
:1076000004D1824B0BB1AFF3008062B64FF00003A0
:107610006372B8F1000F04D0002140F64B10AFF3B5
:107620000080667E0AEB861EBEE80F0006F10109A7
:1076300009F001070AEB871CACE80F00BEE80F0059
:10764000ACE80F00BEE80F00ACE80F009EE80F00AA
:10765000B9468CE80F00B8F1000F04D0002140F2C9
:10766000FA30AFF3008006EB460607EB4707A31995
:10767000A25B9B78E2532744BB70B8F1000F04D0A3
:10768000002140F2FE30AFF30080637A03F0FF0187
:10769000002B40F08A80B8F1000F03D040F655105F
:1076A000AFF3008009EB490323444FEA490B5E78AE
:1076B000B54200F09580202E2FD04FEA491101E00D
:1076C000202E2AD08B1904EB43033246374693F819
:1076D0002160B542F4D1202D1FD00A44294404EB87
:1076E000410104EB420291F8213082F82130B8F1D7
:1076F000000F04D0002140F25F30AFF300800BEBAD
:10770000090323449B789E425DD0B8F1000F0CD052
:10771000002140F26730AFF30080B8F1000F04D0D1
:10772000002140F65910AFF30080394B0BB1AFF395
:107730000080EFF310839B4672B6627A002A7FF4D2
:1077400055AF84F81990FF22627223B92F4B0BB109
:10775000AFF3008062B6B8F1000F04D0002140F60C
:107760006B10AFF30080BDE8F88F731904EB43038F
:107770000122DFF894A083F820204FF0010B35E7B9
:1077800097F82030012B3FF42DAF043B022B16D984
:10779000002140F63B10AFF3008004F039FD0021DA
:1077A00040F63F10AFF3008007E7B8F1000F3FF459
:1077B00025AF002140F65110AFF3008016E70123FA
:1077C00087F82030EBE7B8F1000F04D0002140F239
:1077D0006230AFF300800BEB090323449F7094E702
:1077E000202D9AD005EB491204EB4202202792F893
:1077F00021205A707BE740F62611702000F0E6F851
:1078000078180020000000009818002000000000F8
:107810000000000070B586B063BB064610460D46FA
:10782000FCF7BCFD0DF10B030446009303AA04AB67
:1078300029463046FCF722FE039A1349A31A8B42CD
:107840000BD3121B8A420ED310498B420DD88A42A9
:1078500015D9C2F1614303F5F7030A9AA2F10F00AB
:10786000C01A06B070BD5342F7E703F1F45303F5B5
:107870009023F2E740F67111702000F0A7F840F66F
:10788000B201702000F0A2F80040420FFF7F841E7A
:10789000BFF34F8F0549064BCA6802F4E0621343F9
:1078A000CB60BFF34F8F00BFFDE700BF00ED00E0EE
:1078B0000400FA05094B01225A604FF0FF32C3F869
:1078C0000823074B4FF48042C3F88020BFF34F8F4B
:1078D000BFF36F8FC3F88021704700BF00E0004006
:1078E00000E100E0094B01225A604FF0FF32C3F87B
:1078F0000823074B4FF48052C3F88020BFF34F8F0B
:10790000BFF36F8FC3F88021704700BF00C00040F5
:1079100000E100E0084B0022C3F8FC2F0122C3F86D
:10792000FC2F064B0222C3F88020BFF34F8FBFF31A
:107930006F8FC3F8802170470010004000E100E025
:10794000F8B51B4E337805460C4617466BBBFCF763
:1079500043FC184B7760002D08BF1D462846347243
:10796000FFF7D8FFFFF7BEFFFFF7A4FFFCF7D8FF34
:107970000546C0B9FEF7D6FBFCF7C6FFFCF710FFC3
:1079800004F0AEFA002C0CDB04F01F026409A40022
:1079900004F1604404F5614401239340C4F880314C
:1079A0002360012333702846F8BD4FF0FF35FAE716
:1079B0001C19002052AC030008B572B6024B5B687C
:1079C00003B19847FFF764FF1C1900201FB572B67A
:1079D000134B5D688DB9FFF75BFFB2FBF6F2DCB2CB
:1079E0000133002AF9D104F110036B4403F80C2C85
:1079F0000A2234B901A8A847EDE7024600230A2667
:107A0000EDE7631E04AEDCB256FA83F3B0FBF2F688
:107A100002FB1600303003F80C0C3046E9E700BFDB
:107A20001C190020074B93F90830002B09DB5A0979
:107A3000012103F01F0301FA03F34032024941F828
:107A4000223070471C19002000E100E0014B18783B
:107A5000704700BF1C1900202DE9F0472E4E2F4C17
:107A60000746EFF3108372B63578EDB2FF2232701D
:107A700003B962B60DB1FF2373704FF00108002304
:107A8000DFF89C90C4F80480C4F80031C4F80431D5
:107A9000C4F80475C4F80080D4F8003113B9D4F8E0
:107AA0000431EBB1D4F80431002BE8D1B5B97378C7
:107AB000DBB203227570C4F808231A4AC4F80451D3
:107AC0004FF48041C4F80051C2F88011EFF31082E6
:107AD00072B6357002B962B6002BC2D1BDE8F0872C
:107AE000D9F81030DB06D7D50E4B4FF48042C3F8DF
:107AF0008021EFF3108A72B60323C4F80433D4F85C
:107B0000003123B9D4F804310BB904F081FBBAF188
:107B1000000FC1D162B6BFE72519002000E0004088
:107B200000ED00E000E100E01B4B4FF4805270B527
:107B3000C3F88020BFF34F8FBFF36F8F174D184CE2
:107B40000021C5F80011C3F880212669236943F09C
:107B5000100323610123C5F8043306F010062B60DF
:107B6000D5F80031A3B11EB9236923F010032361B6
:107B70000A4B0122D3F808055A60C3F808230022F3
:107B8000C3F80021044B4FF48052C3F8802170BD2C
:107B900004F03EFBE4E700BF00E100E000C000406D
:107BA00000ED00E038B50C49024605200138C0B2AE
:107BB000FF2803D148216920FFF708FF01EBC0032C
:107BC0001D7905F0FF04002DF0D141F8302001228D
:107BD0005C719C711A7138BD28190020042808B501
:107BE00003D94F216920FFF7F1FE034B03EBC000DF
:107BF0000023037108BD00BF28190020042808B520
:107C000003D958216920FFF7E1FE094B03EBC000BF
:107C10000379012B01D05921F4E7437982790133AB
:107C2000DBB29A4218BF4371BDE80840FFF7FABEC5
:107C30002819002070B5124C06250026013D15F0CC
:107C4000FF0500D170BD94F8281004EBC1031A7928
:107C5000012A09D158799A79904205D05A79D2B23D
:107C60009A7154F83130984794F828300133DBB2D8
:107C7000042B94BF84F8283084F82860DEE700BF26
:107C80002819002008B504F057FA70B904F05DFA1D
:107C900058B904F063FA40B904F072FA044A054B8B
:107CA000002808BF1346184608BD024BFBE700BF7B
:107CB00000E701400C05004008B504F061FA08B384
:107CC000EFF3108072B6104A1369116941F0100188
:107CD0001161A2F5406203F01003D2F80011D2F84E
:107CE00004210A4300D040BF20BF00BF00BF00BF37
:107CF00000BF23B9044A136923F01003136100B9CC
:107D000062B608BD20BFFCE700ED00E0914270B50F
:107D10003BD2B2FA82F33BB1C3F1200420FA04F45F
:107D20009940214398409A40160CB1FBF6FC06FBA3
:107D30001C1424041FFA82FE030C85B204EB1040CD
:107D40000CFB0EF4844206D9201A90428CBF02200C
:107D50000120ACEB000C03EB01410CFB1211B1FB59
:107D6000F6F006FB101105EB014100FB0EFE8E45FF
:107D70004FEA0C4C06D9AEEB010E96458CBF0222A1
:107D80000122801A40EA0C0070BD73219620FFF793
:107D90001DFE00BF2DE9F8431C4652EA040349D0FA
:107DA000074615460E467CB9914208D32146304617
:107DB000FFF7ACFF04462A46384604FB1561FFF77F
:107DC000A5FF2146BDE8F883B4FA84F9B9F11F0F85
:107DD00034DC4FF0010808FA09F2A2FB051320FA7F
:107DE00008F002FB043226FA08F140EAC670FFF7F9
:107DF0008DFFC9F11F03D8404FF0000118D0431E7A
:107E00008C4661EB010105FB01F203FB0422804675
:107E10001846A5FB033EFB1A724466EB02061F469A
:107E2000AF4276EB040324BF40466146BDE8F883C9
:107E30008446F5E7CA219620FFF7C8FDE721962082
:107E4000FFF7C4FD10B5441A94422BD34AB34B1C20
:107E5000C31A022B31D9531E072B2ED922F003044B
:107E60008C4686460C445CF8043B4EF8043BA44523
:107E7000F9D122F003039A4202F0030400EB030C51
:107E800001EB030E0DD0CA5CC254012C09D09EF840
:107E900001308CF80130022C03D09EF802308CF8AF
:107EA000023010BD002AFCD08B18024413F801CD1B
:107EB00002F801CD8B42F9D110BD4B1E02440146A0
:107EC00013F8014F01F8014B9142F9D110BD00BFE9
:107ED00081EA00039B072DE9F0415DD187075FD060
:107EE000002A57D0034601E0002A53D011F801CBF5
:107EF00003F801CB9E0702F1FF32F5D1032A28D9FE
:107F000041EA0305141F6D074FEA940E4AD12B2C4A
:107F100048D90EF101084FEA580C03EBCC0CA1F143
:107F200008051C46F5E90267E4E802676445F9D1F3
:107F300018F0010F28F0010403D051F8245043F841
:107F400024500EF1010402F0030203EB840301EB61
:107F50008401FAB1541E022C20D922F003058C466C
:107F60000D449E465CF8044B4EF8044BAC45F9D1E9
:107F700022F00304A2422344214402F0030509D065
:107F80000A781A70012D05D04A785A70022D1CBF4C
:107F90008A789A70BDE8F0810346DAE71546EFE784
:107FA0000346ABE70EF1010701EB87071D1F0C46E7
:107FB00054F8046B45F8046FBC42F9D1C1E700BF27
:107FC0002DE9F04184075FFA81FE5FD0002A59D085
:107FD000034601E0002A55D003F801EB990702F1AE
:107FE000FF32F7D14EEA0E24032A44EA04443ED974
:107FF000151FAE08172D06F10106C3F3800147D9FE
:108000009846002940D048F8044B771A03EB810CBE
:1080100079080CEBC101CCE900440CF1080C614576
:10802000F9D127F0010C08EB8C016745CCEB8C787B
:1080300005EB880517D02F1F032F0C6013D9A5F16E
:108040000807032F4C600ED9A5F10C07032F8C6095
:1080500009D9A5F11007032FCC6004D9143D032DD5
:108060000C6188BF4C6102F0030203EB86034AB146
:10807000013A83F800E005D0012A83F801E018BF37
:1080800083F802E0BDE8F0811546BEE70346A9E7A4
:1080900019461546CFE700BF014B01229A7770477A
:1080A000901900202DE9F04786468C460846089E28
:1080B000154674461946002B40F0C2808542B2FA3C
:1080C00082F245D94AB1C2F1200300FA02FC2EFA2D
:1080D00003F3954043EA0C0C94404FEA154EA8B2C6
:1080E000BCFBFEF8230C0EFB18CC08FB00F943EA9E
:1080F0000C43994528D9EB1808F1FF3704D299456C
:1081000002D9A8F102072B44A3EB0903A4B2B3FBE5
:10811000FEFC0EFB1C330CFB00F044EA0344A042BF
:1081200014D92C190CF1FF3304D2A04202D9ACF1BE
:1081300002032C44241A43EA07401EB1D440002312
:1081400034607360BDE8F0874746DDE76346F1E7DA
:1081500092BB431B01214FEA154EAFB2B3FBFEFCAD
:10816000200C0EFB1C330CFB07F840EA0343984538
:1081700062D9EB180CF1FF3004D2984502D9ACF16A
:1081800002002B44A3EB0803A4B2B3FBFEFC0EFBDE
:108190001C330CFB07F744EA0344A7424ED92C19C1
:1081A0000CF1FF3304D2A74202D9ACF102032C44F4
:1081B000E41B43EA0040C0E7C2F1200320FA03F1C8
:1081C000954090402EFA03F303434FEA154EAFB2A9
:1081D000B1FBFEFC0EFB1C10190C0CFB07F841EA6E
:1081E0000041884504FA02F422D969180CF1FF30E5
:1081F00004D2884502D9ACF102002944A1EB080160
:108200009BB2B1FBFEFC0EFB1C110CFB07F743EA13
:1082100001439F420ED9EB180CF1FF3104D29F426B
:1082200002D9ACF102012B44DB1B41EA004192E789
:108230006046E3E76146F7E76046A3E76346B7E7D2
:10824000834206D916B9002108467BE7C6E900E05B
:10825000F9E7B3FA83F78FB9834201D3724508D89F
:10826000BEEB020460EB030301209C461EB9002113
:1082700068E73846FAE7C6E9004CF8E7C7F1200C92
:10828000BB4022FA0CF41C432EFA0CF120FA0CF33A
:10829000B84001434FEA14490EFA07F5B3FBF9F869
:1082A0001FFA84FE09FB18300B0C08FB0EFA43EA98
:1082B00000439A4502FA07F240D9E31808F1FF306B
:1082C00004D29A4502D9A8F102002344A3EB0A0381
:1082D00089B2B3FBF9F809FB183308FB0EFE41EA3B
:1082E00003418E452CD9611808F1FF3304D28E4525
:1082F00002D9A8F10203214443EA0040A0FB0298FE
:10830000A1EB0E014145CE46434602D306D14D4571
:1083100004D2B9EB020E68EB04030138002EA6D09C
:10832000B5EB0E0261EB030101FA0CFC22FA07F334
:108330004CEA0303F940C6E9003198E74046C5E737
:108340004346D9E7F0B58DB00B46154604466E4658
:1083500000F1100720686168324603C20834BC424D
:108360001646F7D104AC03F1100618685968224686
:1083700003C20833B3421446F7D16846FFF76CFBDB
:1083800008AC2A460CAD234603CBAB4210605160CB
:108390001C4602F10802F6D100200DB0F0BD1FB559
:1083A000014601A800F006F801A802F065FE05B03C
:1083B0005DF804FB0B88C3F30B0383804B88C380F9
:1083C000002242724B78C3F30113012B02D0022B1F
:1083D00018BF1346043103720160704710B58B88D3
:1083E0000370437803F0F00343708A88C2F30322DA
:1083F00013434370CA888270CA8803F0CF03120AFD
:108400004370C2700A7A120102F03002134303F083
:108410003F0343704A7A43EA821343700C4609686B
:108420000430814205D0E288FB2A28BFFB22FFF7F7
:108430004FFDE0880430C0B210BD10B48B880370CB
:10844000437803F0F00343700A468988C1F303219F
:108450000B434370D1888170C17801F0C001C170B5
:10846000D488C4F30524214303F0CF034370C170C3
:10847000147A240104F03004234303F0BF03437053
:10848000547A43EA841301F03F0103F07F03437001
:10849000C17011680430814203D0D28810BCFFF74C
:1084A00017BD10BC704770B50B78013B05460C46F4
:1084B000192B00F22281DFE813F030003400200194
:1084C000A700AD00B300B900BF00C300C500D500D0
:1084D000EC001A00200120013800C900CF00F00094
:1084E000F600FC000201140108010E011A010E231E
:1084F000B1F803200B7042F283039A4209D106239C
:1085000063706278961C324621462846FFF7E0FCED
:1085100051E03121C720F4F78BFA0C230B700823AC
:10852000EEE71A230B700123EAE72920F4F7D0FCC9
:1085300030B13E232370222363702923A370E0E728
:108540000A20F4F7C5FC3E2305F1080204F10801F6
:108550002B7090B30A23AB70E378EB70A3882B7178
:10856000A3881B0A6B71A379AB71E379EB71A368E4
:10857000AB608B889380D4F80E30C5F80E30638AD8
:108580006B8263696B61238B2B83638BAB76638B0D
:108590001B0AEB76A38B2B77A38B1B0A6B77E38BE2
:1085A000AB77E38B1B0AEB7794F8203085F820300B
:1085B0001F226A70961C304670BD0123AB70E378B1
:1085C000EB70A3882B71A3881B0A6B71A379AB7125
:1085D000E37903F00103EB71A368AB608B889380B0
:1085E000638BAB73638B1B0AEB73A38B2B74A38B13
:1085F0001B0A6B74E38BAB74E38B1B0AEB7494F86C
:1086000020302B751322D4E73E230B7004234B70CC
:10861000142393E73E230B700C234B7004238DE748
:108620003E230B700A234B70032387E73E230B7016
:108630000D234B70052381E70523237004235FE797
:108640000823FAE730230B70032359E73E230B700E
:108650000B234B70072371E73E230B7006234B70EF
:108660000C236BE78B788370012B7FF44AAF1323C5
:108670000370B1F80330C370B1F803301B0A037103
:10868000B1F805304371B1F805301B0A837105223A
:108690008FE757230B70022332E73E230B7006232C
:1086A0004B7012234AE73E230B7009234B701323B0
:1086B00044E73E230B7005234B7020233EE73E2307
:1086C0000B7009234B70212338E7FF230B700B231A
:1086D0004B70A22332E7FF230B7005234B70A323BB
:1086E0002CE7FF230B7005234B70A42326E7FF2301
:1086F0000B700D234B70802320E740F2922109E795
:1087000008B510B1FFF74BFE10B96FF0150008BDAA
:108710000020FCE710B50C4630B129B1F4F72EFB70
:1087200028B12070002010BD6FF01500FBE76FF03E
:108730002200F8E708B5F4F7A9FB002008BD01F016
:1087400049BC08B5F4F7B4FB002008BD01F02BBF0D
:1087500001F039BF034602221A709A7036225A710C
:108760006FF00F029A716FF01A02DA710E221A720C
:108770006FF078025A72682200209A72482258706C
:10878000D8701871DA72704701F074BC38B54FF0C8
:1087900080530446D3F8A020D3F8A410013106D1A9
:1087A000D3F8A8304FF6FF719BB28B423ED0D3076F
:1087B0003CD54FF08055D5F8A420D5F8A830A4F8C2
:1087C0000530C3F3072363F03F03C4F80120A3710E
:1087D000D5F89030013323D0D5F8943001331FD031
:1087E000D5F8983001331BD0D5F89C30013317D021
:1087F0000020F7F709FF98B9D5F89000D5F8941044
:10880000D5F89820D5F89C30C4F81330C4F8070088
:10881000C4F80B10C4F80F2001232370002038BDCA
:1088200010220021E01DFFF7CBFBF5E70023F4E762
:1088300070B54FF08055102200210446D5F8A06095
:10884000FFF7BEFB10220021A018FFF7B9FBD5F8F7
:10885000803001330BD1D5F88430013307D1D5F8FE
:108860008830013303D1D5F88C3001330BD0D5F8E3
:108870008000D5F88410D5F88820D5F88C30E361D5
:1088800020616161A2610020F7F7BEFE08B9F3071D
:108890001DD44FF08053D3F8902001320BD1D3F880
:1088A0009420013207D1D3F89820013203D1D3F8B4
:1088B0009C2001320BD0D3F89000D3F89410D3F859
:1088C0009820D3F89C30E36020606160A2600020B3
:1088D00070BD10B50446FFF727F9B0F5007F09DA3F
:1088E00010F5007F08DD031EB8BF03339B10237013
:1088F000002010BD7F23FAE76FF07E03F7E7012029
:1089000070470120704701F0B3BE0078003818BFEF
:10891000012001F0C1BCF7F7B7BB8178008801F0F6
:1089200072BE01F08EBE37B505460C4600880DF1CB
:10893000060101F0B6FC2B882380BDF80630638069
:1089400003B030BDF7F7A8BB01F02DBB01F087BB2A
:1089500008B5F4F7B5FA002008BDF7F791B901F0B2
:108960009EBBF7F717BB01F066BB01F0BABD01F083
:1089700084BD01F0CBBD01F06FBA01F074BA01F013
:10898000C0BA01F0D2BA01F09BBB01F097BC01F074
:108990005DBB01F019BB03880B8001F0E9BD0388C2
:1089A0000B8001F0F3BD01F0B2BBF7F7BFB9F7F7E9
:1089B000A5B901F066BA01F087BA01F0E2BA01F098
:1089C000EEBA01F0CEBA01F0C3BA01F0CEBB01F0AD
:1089D000F7BBF7F7B5B901F034BC01F01BBB01F0F0
:1089E000D4BB01F04EBEF7F755B9F7F7D7B9F8B5D4
:1089F000D4181F46BDF81830053414FB03F4A4B294
:108A0000054604F11B0020F0030080B288421646A0
:108A100003D0A3211420F4F70BF815F0030101D0C3
:108A2000A421F7E7B4F5004F01D9A521F2E71422FC
:108A3000281DFFF7C5FAEF746C802E80F8BD70B565
:108A40000688C58803898E42C5F30E02C3F30E045F
:108A500003D2C9211420F3F7EBFF5D40C5F30E03E9
:108A60000BB92D0409D4A24209D2C37CA41A053340
:108A7000E41AA14203DD00238374184604E018328F
:108A8000012381528374104470BD0844053010FBEB
:108A900002F01B3020F0030080B2704740881B308A
:108AA00020F0030080B2704738B503888B4204D2AF
:108AB00040F201111420F3F7BBFF857C65B1C38838
:108AC000C3F30E031833C25A8A4207D3C152811D21
:108AD000F4F722FA00238374284638BD0025FBE70B
:108AE0000346F0B59C88A5B2C4F30E06DC88AC4200
:108AF00000F1180002D10020D881F0BD5F89DC7C34
:108B0000855B3C4402343444ED1B20440C88ADB2F8
:108B1000AC4288BF0D805C89B4FA84F46409147097
:108B20000A88DA81E9E7F8B58288C3890026044615
:108B30000D4692B20E60CBB1C2F30E0241891832DB
:108B400087180B44825A9BB29342438104D94FF455
:108B5000A7711420F3F76CFF04D1011DF4F7DCF9C1
:108B600046812F600023E3810120F8BD1846FCE711
:108B700070B5044604F11806A38822899BB29A4274
:108B80000846C2F30E050DD021B1A91CE27C314488
:108B9000FFF79EF904F108012046755BF4F7BCF974
:108BA000284670BD0025FBE78388C0889BB2C31AA6
:108BB000584258417047828873B5C48895B2AC4218
:108BC000C2F30E0202F1180212D04189C689835AFB
:108BD000314499420EDB0DF10601ADF80650F4F771
:108BE0009BF9BDF80600001B18BF012002B070BD44
:108BF0000020FBE70120F9E7028970B5C588C5F3BD
:108C00000E065540C2F30E04C5F30E02034618309B
:108C100022B92A0402D50020188270BDB4421D88F2
:108C200006D9DA7CA41B0532A41AA542A8BF2546A2
:108C30009A890AB1845B2D1BA942ECDCDC7C198289
:108C4000033A0534324422441044E6E7F8B5038A77
:108C5000002B39D08B4237D3C488858900F11803A3
:108C6000C4F30E041E1995B91D55757085891E5BD8
:108C70000D44ADB2314485811953DAB1811DF4F749
:108C80004BF900238381002303820120F8BD1E5B82
:108C9000AE4204D040F201211420F3F7C9FEC57C96
:108CA000878A033E2644053535445E195F53857D2A
:108CB000B570DBE7C27C2C44144402341A191B5BE8
:108CC000838293788375DEE70020DFE78388C2889C
:108CD0009BB29A4206D0428922B9C3F30E031833DD
:108CE0001844704700207047C37C088802330B4447
:108CF000136070470230704738B58388C2889BB2D2
:108D00009A4209D043893BB9C5893DB9011DF4F7A1
:108D100003F9C581012038BD0020FCE71846FAE7B9
:108D200003881380C388C3F30E03183303440B6016
:108D3000808970474A1E062A08B50346084604D8AB
:108D40004FF4CD711520F3F773FE11B903B119601B
:108D500008BD5BB1B1F5803F02D34FF4D671F1E7A6
:108D60001B6800225A601A1D19811A600430EFE74F
:108D70000268002322B90381031D4260036070472B
:108D8000918812680B449BB2F4E703464FF6F672E3
:108D9000A1F10800904270B504D94FF4E971152093
:108DA000F3F746FE1868B8B1848802688C4214D084
:108DB0003AB98EB206F10805ADB2AC4204D2104603
:108DC0000AE003461046EFE742501A684518126859
:108DD000A41BAC8042501D6070BD1A60FCE70023EC
:108DE0000B6003688A800B600160704730B590B1FA
:108DF0008478B1FBF4F304FB131300EB43025289B4
:108E00008A4201D1D8B230BDC27822B900F10A033A
:108E1000D0B2844201D8FF20F5E733F8025BA942C3
:108E200002F10102F4D1EEE78278038805324B4368
:108E300003EB42031844704713B50023CDE9003318
:108E400004468DF806006846F4F786FA08B102B0C9
:108E500010BDBDF804002146F4F75CFA0028F2D0FA
:108E600040F22F311720F3F7E3FD70B50D460A21CC
:108E70001E46FFF70AFE3246044609212846FFF740
:108E800004FE204470BD012303707047F8B5054609
:108E90000846002811461E4614BF00240224FF2362
:108EA000AB702B191B7D012B04D001342B191B7DBA
:108EB000012B19D105EB44073B8B3A8C9819904252
:108EC00004DD2C44002038832075F8BD05EB8404B4
:108ED000324660681844FEF7FBFF3A8B16443E8327
:108EE0000023AB700120F0E70020EEE7002910B569
:108EF00014BF00230223FF218170C1180C7D012CB7
:108F000007D10C3320F8132002230B750023837044
:108F100010BD0133C1180C7D012CF2D04FF48B71C0
:108F20000920F3F785FD30B50246837803F0FF0092
:108F3000F3B9137D022B19D0537D022B19D10346AF
:108F4000012089B1D5180C3300242C7522F8134068
:108F5000131803241C7502EB80035B680B6000F19F
:108F60000C0332F813308B80012002E00123E8E784
:108F7000002030BD30B58378E3B9837D022B17D054
:108F8000C47D022C16D1032381B105190C340022B3
:108F90002A7520F81420C2180324147500EB8302EC
:108FA0000C33526830F813300A608B80012002E0E5
:108FB0000324E9E7002030BD037D012B01D1008BA4
:108FC0007047437D012B0CBF408B00207047837D91
:108FD000012B01D1808B7047C37D012B0CBFC08B4F
:108FE00000207047038B23B9408B003818BF012045
:108FF000704701207047838B23B9C08B003818BF9E
:109000000120704701207047027D022A01D1008BA8
:109010007047437D022B01D1408B7047032AF6D065
:10902000032BF9D000207047827D022A01D1808B6A
:109030007047C37D022B01D1C08B7047032AF6D045
:10904000032BF9D000207047F4F7F2BA012808B5D5
:1090500006D0022806D040F2B9310620F3F7E8FC2A
:10906000002008BD0120FCE7F4F72EBB0B460422CC
:1090700003F8032BB0F80920A1F80320C27A9A70F4
:1090800070470B46142203F8032BD0F80920C1F8CF
:109090000320D0F80D205A60704738B50B461022D7
:1090A00003F8032B0C4600F10902293052F8041B87
:1090B00043F8041B8242F9D112781A70A588012363
:1090C000A37100212846F4F70FF990B1E27862B15C
:1090D0000088F7F7F5F900212846F4F71BF940B1AD
:1090E00040F242212D20F3F7A3FCBDE8384002F006
:1090F000C4BC38BD0121F5F7B5B8FFF7FBBF90F848
:1091000072300BB10120704790F8AA2002F0FF03E3
:10911000002AF7D190F89C201846704737B50446CE
:109120000D464FF488720021FEF74AFFFF2323709B
:109130001323638042F21073E384F4F7E1F9002211
:10914000014620636846F4F707FA206B00220121EC
:10915000FFF7CCFE216B68460422F4F7FDF90022EC
:10916000206B1146FFF7C2FE04F12800A57403B07E
:10917000BDE8304000F03DB9FF23086B0B70FFF7EE
:1091800082BE0078FF3818BF0120704710B5044632
:10919000283000F084F961882822BDE81040F5F7F6
:1091A0008BBDD0E902017047C07C003818BF012098
:1091B00070470B68C0F815308B88A0F81930012370
:1091C000C37670472DE9F04F06460D4607460FCE91
:1091D00091B006AC0FC40FCE0FC496E803000DF19A
:1091E000100884E80300404600F003F995F8149055
:1091F0006E7895F80AA095F800B0B9F1010F06F065
:109200007F0607D0B9F1020F04D040F29A21062060
:10921000F3F70EFC697A404600F0F2F82B7DAA7E47
:10922000022B08BF697D02F1010206BF0131C9B2FC
:109230000121D2B2404600F0E5F816F0080364D1EF
:109240004046019300F02BF928223146F5F734FD12
:1092500040F271212A79019B00F53670B0FBF1F4E0
:1092600001FB04F0EC7844EA02246A7944EA0244FF
:109270004C43A0420BD9EC79AA7942EA04222C7A19
:1092800042EA044201FB02F4A04200D804462A7ECE
:109290000393531E5A425A41A97C386B02910192A2
:1092A000FFF7B2FE386BFFF7BFFE039B019A0299EE
:1092B000ADF81A6008948DF828208DF82B108DF8E1
:1092C0002CA08DF818B08DF81C90099306AE0FCE27
:1092D0003C460FC40FCE0FC496E8030084E8030099
:1092E00098E80300B862B985EB7A13F0FD0F14BF5C
:1092F0000123002387F85730EB68BB652B8AA7F85A
:109300005C30002011B0BDE8F08F00242346BEE79A
:10931000438813F0040F0CBF1F2000207047002368
:10932000C38543881D2B08BF00214174704790F905
:1093300012007047408800F0010070474088C0F379
:10934000400070474088C0F3C000704708B5006B0C
:10935000FFF751FE012008BD012070470120704732
:1093600090F8503001624B72D0F85130C1F80A3099
:10937000B0F85530CB817047F4F7FCBE80F8681028
:10938000704780F8241080F825207047C0F3400211
:10939000C0F38003134400F0010018447047022812
:1093A00008B507D0042807D0012807D039212E207E
:1093B000F3F73EFB262008BD2720FCE72520FAE72F
:1093C0008278034612F0010002D0D978C9070FD580
:1093D000900702D5D978890709D512F0040007D083
:1093E000DB7813F0040F14BF002004207047022024
:1093F00070470023C0F802300123437003707047A8
:109400008170704710B50170427080781446FFF784
:10941000BDFF10FB01F104FB01F2FE2A03DD5C211C
:109420002E20F3F705FB10BD0023C37043710371B9
:10943000704710B50446FFF7C3FF637962780133C4
:10944000DBB29A4263710FD1E378A1780343DBB2B8
:109450009942E37008BF23794FF0000208BF01333F
:10946000627104BFE2702371BDE81040FFF797BF3F
:1094700038B501468078FFF789FF0446C8784D78F3
:10948000FFF784FF0A790B789B1A13FB05F34A79DF
:1094900013FB04F39B1A00FB1530C0B238BD08B5AE
:1094A00001468078FFF772FF4B780A7813FB02F3CE
:1094B00013FB00F0C0B208BD40F2EF20704740F24D
:1094C0005A335843704770B50D460646FAF72AFDE1
:1094D00004463046FAF71EFD04F5234328444FF4B2
:1094E0007A72A133B3FBF2F3184470BD37B504466A
:1094F000FFF732FFF0B12046FFF71CFF18B92046F6
:10950000FFF71CFFA0B15A240DF10600FAF7EEFD9B
:109510000DF107009DF90650FAF7EEFD9DF80730B2
:109520001D436DB20DB10A34A4B2204603B030BD64
:109530005024E9E76124F8E7F8B590F808310446CB
:1095400003F0FF05E3B9D0E940126FF000439A42FF
:1095500008BFB1F1FF3F13D02946D0E93E67FFF7BE
:1095600015FED4E94032DB309B1B62EB07021B1A6D
:1095700062F10002002A03DA2046F5F76BFB0125B1
:109580002846F8BD2DE9F041044618B9CA2130201B
:10959000F3F74EFA082900F2CA80DFE801F0051659
:1095A00043433FC83ABEC600F5F740FB10B140F256
:1095B0007721ECE7D4F8EC00CB38FDF703FE002868
:1095C00040F0A9804FF41F71E1E7FFF7BBFE0146B1
:1095D00050B92046FFF7DAFD00F1DB05D4F8EC00C6
:1095E000A8420AD3C4F8EC502046F5F727FB002820
:1095F00000F0918040F2A221C9E7281A6F284FF0AD
:10960000030138BF6F20FDF785FEC4F8EC50002839
:10961000EAD02046BDE8F041FFF7AEBEBDE8F0411C
:10962000FAF760BBFFF762FF002384F8E8300123FC
:1096300084F8F330B4F8E230A4F8F000082B9CBFB3
:109640000133A4F8E230D4F8C430A3B3B4F8E23064
:10965000092B34BF0223012384F8F23002F0F1FC1D
:10966000D4E93E321F1A62EB010806460D46FAF7AE
:10967000EFFFB4F8F030D23303449BB29F4278F14D
:10968000000204DA9B1945F10005C4E93E3504F1F6
:10969000E8050021284601F01BFA2046FFF74CFFA1
:1096A000034694F8C00043B92946FDF7ADF848B920
:1096B00040F2AC616BE70223CEE7FCF733FF0023F7
:1096C00084F8E030D4E93E13D4E93602884272EBE4
:1096D000030320D22046FFF764FD50EA010305464C
:1096E0000E4618D0D4E93632D4E93E01C01A61EBF7
:1096F000020133462A46FEF74DFB05FB01F200FB53
:109700000622A5FB00500244D4E93603451942EB7A
:109710000302C4E93652BDE8F08190F8C000FCF7BE
:1097200001FF002384F8E030F5E7EA212FE7EE217E
:109730002DE710B5044690F86D00FAF7F3FB00F53D
:109740005F4141314FF47A70B1FBF0F1204601F2F4
:109750004511BDE8104001F095BD13B5002380F818
:109760005432A0F898321A46009319460446F5F789
:1097700001FB20B140F21B213020F3F759F90122FF
:1097800084F85422C4F85002C4F84802A4F86602CF
:10979000A4F86402B4F8942084F86902013AA4F8A9
:1097A0009420A4F89A0202B010BDD0F8C40070470B
:1097B00090F8E03010B50446E3B1012180F80811BB
:1097C000FFF7DCFD94F8E030A3B194F8C000FDF79A
:1097D0008BFA94F8C000FDF7D1FE94F8C000FCF7B6
:1097E000A1FE20B940F207213020F3F721F9002330
:1097F00084F8E030002010BD90F8082110B542B97F
:1098000090F8C82042B1D0E93331994202D9F5F736
:1098100021FA0022104610BD0122FBE708B540F2F4
:10982000BF2101F03BFD40F64803984228BF18468F
:1098300080B208BD7FB590F81B32044603F0FF05E7
:10984000002B45D190F85432032B41D102F0F9FBA3
:10985000D4E9A223801A61EB0301012871F100030E
:1098600036DB6FF00103834275EB010304DA40F24B
:10987000D1513020F3F7DCF8A269B4F894300AB182
:10988000B0FBF2F2013313449BB2A4F86432B4F893
:109890006422B4F814329B1A1BB2002B18DD94F822
:1098A0009C02FDF721FA98B1FF23B4F8945084F894
:1098B0006932B4F8CE301D44B4F8CC30013DED1A15
:1098C000ADB20DF10E06B4F86432EB1A1B0401D5EB
:1098D00004B070BDB4F8641200960023012289B26E
:1098E0002046F5F747FA0028F2D0012809D1B4F84C
:1098F0006432BDF80E2012FA83F39BB2A4F86432EE
:10990000E1E740F20A61B4E7F8B5044621B1012964
:1099100041D040F2AA7132E0C68C36B1F7F70CFDA7
:10992000E58CB0FBF5F606FB15062046D4E9365764
:10993000FFF737FC2D1847EB01070023AD1947F15E
:10994000000784F8E8304FF48173A4F8F230C4E9DA
:109950003E572046FFF7CAFDD4E93E23A4F8F000A5
:10996000C4E936232046FFF7E7FD58B994F8C00054
:1099700004F1E801FCF748FF20B940F204713020FF
:10998000F3F756F80023A4F8E230F9F7B7FFBDE883
:10999000F840FCF703BC002380F8C830F5E790F8E6
:1099A000E000704708B5F6F725FCC3054CBF03205F
:1099B000012008BD07B5012340F6881201A9FAF776
:1099C000A1FB03B05DF804FB10B50446F6F712FCEA
:1099D000631EDAB2012A0FD810F4807F4FF0010322
:1099E00008BF194603FA02F318BF0321DBB219427C
:1099F00014BF0120002010BD00231946F7E77F2087
:109A0000FFF7D8BF6FF07F00FFF7D4BFF8B50E4661
:109A10000446FFF7F4FF0746FFF7F4FF811B4D42B2
:109A20004D41B74208BF45F00205FFF7BBFFC20733
:109A300044BF84F8726084F87150830744BF84F88F
:109A4000746084F87350F8BD10B544680D2200218D
:109A500004F17100FEF7B4FA0023A4F8443184F84D
:109A60004631A4F8473184F849317F2384F87630B1
:109A700084F8783094F970102046FFF7C7FF4FF64E
:109A8000FF73A4F8793010BD012808B506D002286C
:109A900006D04FF42A717820F2F7CAFF002008BDE3
:109AA0000120FCE7F8B5074608460C4615461E4659
:109AB000FFF78AFF08B3796891F8F0209007C2F3A6
:109AC00040031CD5013CE4B2012C18D8D1F8EC209D
:109AD0000120D20500FA04F448BF03231C42E2B27D
:109AE0000DD091F8493103F0FF0053B981F8496175
:109AF00081F8472181F84851F8BD1120FCE71A2070
:109B0000FAE73A20F8E713B50023CDE90033012343
:109B10008DF806306846F3F71FFC08B100200AE014
:109B2000009C2046FFF73BFF0028F3D02046FFF7BC
:109B30003BFB0028EED002B010BD07B50023CDE9F5
:109B4000003301238DF806306846F3F705FC08B1B1
:109B5000002004E00098FFF722FF0028F4D003B0B3
:109B60005DF804FBFFF7E9BF07B5002340F6881254
:109B700001A9FAF7C7FA03B05DF804FB10B5044673
:109B800038B1F6F73DFB34EA00030CBF012000209A
:109B900010BD0120FCE710B5F5F7D4FE0446FFF731
:109BA000CDFB40B92046FFF7C5FB80F00100C0B2F5
:109BB00000F0010010BD0020FAE738B50546FFF7B8
:109BC000E0FAF0B12846FFF7EAFE08B9002038BDF8
:109BD0002846FFF7EAFD04462846FFF7E9FD05465B
:109BE00088B9002CF2D02088F6F76AFC2088294634
:109BF000F3F790FB0028E9D041F2E2713920F2F747
:109C000017FF4220E3E70C20E1E72DE9F843B0F825
:109C10005E60B0F86050804634300F46FFF7FEFDBE
:109C20000221044600F085FF02218146204600F013
:109C300080FF4E4528BF4E46B6B21B2E38BF1B26AE
:109C4000FB2E28BFFB26854228BF0546ADB21B2D43
:109C500038BF1B25FB2DB8F800303B8028BFFB2503
:109C6000B4F5A47F38BF4FF4A47440F648039C4277
:109C700028BF1C467E80FD80BC803C81BDE8F88307
:109C80002DE9F04186B0054601A9008800F0BDFE2F
:109C90000446002873D1029A92F87B31003B18BF2A
:109CA00001238DF80230D2F88C3099064ABF9DF816
:109CB0000230034683F0010303F001038DF8033003
:109CC00092F8EC309B0603D49DF80330002B5CD057
:109CD000EB881B3B9BB2E02B59D82989A1F5A473D3
:109CE0009BB244F24810834251D86B881B3B9BB215
:109CF000E02B4CD8AA88A2F5A4739BB2834246D825
:109D000040F64807B94244D8BA4242D8029E4FF0C2
:109D1000FF0886F833819DF80230A3BB03A93046C3
:109D2000FFF773FF6A88BDF81230E888934228BFB6
:109D30001346A6F83831BDF81430AA88BB4228BFB4
:109D40003B461946BDF80E30834228BF0346A6F8AD
:109D50003431BDF810302889BB4228BF3B468342CE
:109D600028BF03468A42A6F83631134628BF0B4661
:109D7000A6F83A3186F83281002386F8333120463E
:109D800006B0BDE8F0813A24F6E71A24F7E712247A
:109D9000F5E71124F3E72DE9FF41074688460088DF
:109DA00002A900F032FE054618BB039C94F88E31E0
:109DB00003F0FF051BB1B8F1020518BF012594F8A7
:109DC0009E30222B94F8ED3043EAD3030CBFC5F14B
:109DD0000102002203F00103134333D0BE7816B909
:109DE000F6F70EFA0646F87870BBF6F709FA26B9C8
:109DF0000925284604B0BDE8F0810028F8D0FF23EB
:109E000084F83D31E5B994F83C3103F0FF05BBB966
:109E100084F83F0184F83C8184F83E613B797A798B
:109E20008DF8050043EA022301A920468DF804605D
:109E3000ADF8063000F0A3FE002384F83D31D8E7EA
:109E40003A25F9E71A25D4E7002ED8D1D0E708B58E
:109E5000F6F7B0F9002008BD10B50446F7F7B6FDD7
:109E60002070002010BD10B5FFF74DFE044630B93C
:109E7000F7F7A6FD2046F6F767FD204610BD0C203B
:109E8000FCE710B50378012B044601D9122010BD60
:109E9000FFF768FE58B9207810F0FD000DD104F1ED
:109EA0001703E21D611CBDE81040F6F753BDF6F73D
:109EB000E1FD0028EFD00C20E9E7A37903F0C0030F
:109EC000C02BE3D10120EAE710B50378012B04464B
:109ED0000DD8FFF747FE60B9214611F8013B13F09A
:109EE000FD0F14BF0120002000F05EFD38B91220E4
:109EF00010BDF6F7BFFD0028EED00C20F8E70020DB
:109F0000F6E710B50446FFF7FEFD50B920780128AA
:109F100009D8611CF7F760FD002814BF0020072056
:109F200010BD0C20FCE71220FAE738B50546FFF714
:109F3000EAFD044640B92878012803D8691CF7F7E0
:109F40007BFD18B9122038BD0C20FCE72046FAE74B
:109F500008B50088F6F794FD00280CBF30200020DB
:109F600008BD38B50546FFF7FDFD044638B9287829
:109F7000003818BF0120F6F777FD204638BD0C20C9
:109F8000FCE708B5FFF7EEFD18B9F6F75DFD002018
:109F900008BDF6F76FFD0028F7D00C20F8E708237E
:109FA00003700020704710B503460D2404706FF055
:109FB000700111220020DC70592459709A701C71B4
:109FC00058719971DA7110BD08B50821F2F7C8FE11
:109FD000002008BD73B506460C460088694600F0AF
:109FE00014FD0546A0B9B3786BB9019B93F87030A6
:109FF000A370338894F902002380F6F7BBFEA070AB
:10A00000284602B070BD7F20FFF7AEFDA070F0E7DC
:10A010000225F5E710B504466FF07F00FFF7A4FDB9
:10A02000F6F7A8FE20707F20FFF79EFDF6F7A2FE50
:10A030006070002010BD10B50446F5F783FCFFF7F3
:10A0400076F9F6F797FE2070002010BD08B50122C2
:10A050000B4600F1100101F0DBFB002008BD10B53C
:10A06000014604460020F6F7B7FA08B92060A08040
:10A07000002010BD10B50446F6F796F828B9002068
:10A080002146F6F791FA002010BDFFF756FD002893
:10A09000F5D0FFF780FD0028F1D10C20F4E710B5D2
:10A0A0000446FFF74AFD28B901202146F6F77CFA5D
:10A0B000002010BDFFF76FFD0028F5D10C20F8E758
:10A0C000F7B50C4605466946008800F09EFCA21CC8
:10A0D000034690B9019901F1A60781F8F430386878
:10A0E0001060387910712888208091F8F46006F0AB
:10A0F000FF00002EF1D103B0F0BD0023C4F8023000
:10A100000220137123706370F5E7FFF7B9BD1FB527
:10A11000838844F29022934217D840F64802934233
:10A1200028BF13460288ADF804204088ADF8060029
:10A13000ADF80A000A8001A8ADF80830ADF80C307F
:10A14000FFF79EFD05B05DF804FB1220FAE737B576
:10A150000D46694600F059FC044618B90198294695
:10A16000FFF753FD204603B030BD10B503466FF036
:10A1700004040020482108221C7058709970DA707D
:10A180001C7158719971DA7110BD10B50446FFF752
:10A19000E9FC78B92146E27911F8013B13F0FD0F93
:10A1A00014BF01200020F6F735FD002814BF002061
:10A1B000022010BDF6F75EFC0028EBD00C20F8E77B
:10A1C00037B505460C460088694600F01EFCF0B91C
:10A1D000019B014693F86C2083F86E10012A06D08B
:10A1E000022A04D04FF422710620F2F721FCA2705B
:10A1F00093F86D20012A01D0022AF3D1E27093F87E
:10A200006E2002F0FF00002AE4D12B88238003B0E7
:10A2100030BD10B58388022B044610D8C078FFF7F4
:10A22000ADFC08B9112010BDA078FFF7A7FC0028ED
:10A23000F8D020460121BDE81040FFF7ACBD122048
:10A24000F1E713B58378C178027903F0010451EA8C
:10A25000040C03F002031DD052EA030C1AD0002CA8
:10A2600018BF0021002B18BF00228DF803200378AF
:10A2700042788DF8021043EA0223ADF800304379AA
:10A280008279684643EA0223ADF80430FFF7C1FF44
:10A2900002B010BD1120FBE708B5F3F77FFC0020EA
:10A2A00008BD13B50C46694600F0AFFB20B9019B11
:10A2B000B3F894300133238002B010BD07B5008895
:10A2C000694600F0A2FB38B99DF80020019B012AE5
:10A2D00005D093F843216AB103B05DF804FB93F80D
:10A2E0005422D2B293F8BE1011B912F0FB0FF0D184
:10A2F0000220F1E7012283F84321EDE72DE9F34144
:10A300000546477800780121F2F7EEFF0446002861
:10A310005FD0FEF7FDFFEE78864228BF0646042F89
:10A32000B6B23DD0206BFEF747FE304480B21F2806
:10A3300003D9122002B0BDE8F081FB1E012B2CD8FE
:10A340002046FFF709F86B78032B2CD107F0FD08A6
:10A35000B8F1010F39D12046FEF7FEFF002831D1B8
:10A36000012F08BF4FF00208216B42466846F3F701
:10A37000F3F86A68206B33460121FEF787FD50B37E
:10A380006B78023B012B22D8206BFEF715FE0121D2
:10A390000246206BFEF7AAFD19E0002ED0D1C8E7D7
:10A3A000002ECDD0C5E70028C3D1042BCED1204646
:10A3B000FFF7F5FA0028BCD0206BFEF713FE00284B
:10A3C000C4D1B6E74FF00008CEE7042FD1D100206A
:10A3D000B0E74220AEE70720ACE72DE9F74380461F
:10A3E0004578C77800780121F2F77EFF0446D0B1A6
:10A3F000FEF7A4FF0028206B08BF0027FEF7E7FD4B
:10A40000C619B6B21F2E1FFA87F910D8042D0ED028
:10A41000032D12D05FB12046FFF7C1FA58B10C20CE
:10A4200002E0042212E0422003B0BDE8F0831220D3
:10A43000FAE70720F8E7012D0CD12046FEF78CFF44
:10A440000028EED1012D0CBF06220522216B6846A3
:10A45000F3F782F8D8F80420206B4B460021FEF772
:10A4600015FD0028E5D0023D012D04D8206B3246B1
:10A470000021FEF73BFD0020D6E713B50446F5F7B3
:10A4800061FA4FF44073ADF8003000238DF80230CC
:10A49000684614F8013B8DF803300194FFF79DFFE7
:10A4A00002B010BD38B5012105460078F2F71CFF57
:10A4B0000446A0B1FFF773FA28B92046691CFEF7DD
:10A4C00078FE002038BD2046FEF738FF08B10C208A
:10A4D000F8E72046FEF72EFF0028F8D1EDE74220EE
:10A4E000F0E713B50446F5F72DFA14F8013B8DF8A3
:10A4F00003304FF44073ADF80030684600238DF808
:10A5000002300194FFF7FAFE02B010BD73B50546A4
:10A51000F5F718FA2B78044663B100230DF1010119
:10A5200001208DF80030F6F757F818B16846FFF7AC
:10A53000B9FFA0B9002620468DF80060FEF702FFA3
:10A54000B04214BF80233346ADF801302B788DF82C
:10A550000360012B05D169462046F5F711FB02B0D7
:10A5600070BD1BB92046FFF728FBF8E71220F6E77D
:10A5700010B5002104460088F2F7B6FE20B1A11CF8
:10A58000BDE81040F8F71ABC022010BD08B50088DD
:10A590000021F2F7A9FE20B1BDE808400021F8F73C
:10A5A0000DBC022008BD37B505460C46008869463B
:10A5B00000F02BFA28B92B882380019BB3F8C83010
:10A5C000638003B030BD2DE9F341438804460E4655
:10A5D000BBB10088694600F018FA054668B92388BF
:10A5E0003380019E06F18008B7696288394640468B
:10A5F00000F0FDF9B369BB42F6D1284602B0BDE8D0
:10A60000F0811225F9E710B50C460021F2F76CFE37
:10A6100088B1022C11D804F00103C4F3400480F87F
:10A620001D3280F81C4223B190F81A323BB1FFF77B
:10A6300001F9002010BD0220FCE71220FAE71846BD
:10A64000F8E710B504460078FF280AD00121F2F798
:10A650004BFE58B16378A27843EA0223C3840020FA
:10A6600010BDB4F80100F5F737F9F8E74220F7E735
:10A6700008B50078003818BF0120F5F72BF8002046
:10A6800008BD10B50446F5F75DF96178C1F34002E5
:10A6900001F00101FEF775FE002010BD0820F5F75E
:10A6A0009BBDF8F7FDBB10B5044604B910BD236887
:10A6B00098476468F9E703680BB9016070471A4668
:10A6C0005B6813B18A42FAD170478A4218BF516061
:10A6D000704708B50020FEF7AFFBF2F7CBFEF5F7A9
:10A6E000E3FEF3F7FFF818B1FA210120F2F7A0F921
:10A6F00008BD08B5F4F79AFF20B14FF48C71012022
:10A70000F2F796F9F4F70EF910B140F21D11F6E7E1
:10A71000BDE808400120FEF78FBB08B5FFF7E9FF51
:10A7200001F098F920B14FF499710120F2F780F906
:10A7300008BDF9F787BF0B46122203F8032BD0F8A8
:10A740000920C1F80320427B1A71704730B585B0EB
:10A7500004460D46F6F7F6FB78B3A4F5C37402A9D8
:10A760002088ADF8000000F050F918B12E217E20AD
:10A77000F2F75EF9039B93F868208DF8022002211E
:10A7800093F86920B3F86A308DF803206846ADF875
:10A790000430FFF700FB08B14421E8E78DF808001A
:10A7A0009DF808308DF80900002063F307009DF83C
:10A7B000093063F30F2005B030BD19232B70D4F896
:10A7C0000930C5F8033004238DF80830E8E710B5E8
:10A7D0004468037894F89D20002104F1800000F083
:10A7E00037F918B986217E20F2F722F9202384F860
:10A7F0009D3010BD034610F0010007D19A0704D424
:10A8000013F0040018BF08207047022070472DE99C
:10A81000F84F074608469246884600F0FCFB814602
:10A82000404600F0FAFB8346FFF7E4FF0546484642
:10A83000FFF7E0FF45EA0006F6B2003E044618BF07
:10A840000126F5F7DDFC00EA0B03DBB2002B08BFA5
:10A850000025F5F7D5FC00EA090097F86C30C0B286
:10A86000002808BF0024AB4208BF00258AF800502A
:10A8700097F86D30A34208BF002455EA04038AF814
:10A8800001400CD1404600F0CAFBB7F89430DB43DE
:10A89000184480B247F6FD73984288BF00263046C0
:10A8A000BDE8F88FF8B5446804F1800794F89E205D
:10A8B00005460E4601230B21384600F0C9F8014633
:10A8C00008B12020F8BD94F89E200123384600F0FE
:10A8D000BFF8C8B394F89D30252BF2D0304600F075
:10A8E0008FFB28B931462846BDE8F84000F028BD66
:10A8F000737903F0070384F86530337903F00703B5
:10A9000084F8643094F83D3193B994F83C31012BCC
:10A910000ED094F8642094F86D309A4210D194F8D7
:10A92000652094F86C309A420AD1022384F83C31B5
:10A930002223284684F89E3000F0D4FC0020C1E792
:10A940002846F5F7A7FCF3E70120BBE7F5F7ACBD18
:10A95000704710B550401C780A78624002445C7819
:10A960004878604002449C78887860401044DC78E5
:10A97000CA78624010441C790A795B79497962404F
:10A9800002444B40D3420CBF0120002010BD0346BF
:10A9900000200139C9B2FF2900D170475A5C82F00A
:10A9A00001021044C0B2F4E708B5F5F73BFE0828F1
:10A9B00007D0F5F76FFE082803D0F5F781FE0120D8
:10A9C00008BD0020FCE708B5F5F72CFE082803D0E9
:10A9D000BDE80840F5F75EBE08BD08B501F05DF8BA
:10A9E00018B1BDE80840F8F7FBBA082008BD10B55B
:10A9F0000023036442F210744B1EA0F8482004FBAD
:10AA00000232B2FBF1F1416410BD10B50C460021D9
:10AA1000F2F76AFC606018B101232370002010BDBA
:10AA20000220FCE701440023884203D1B3FA83F0FB
:10AA30004009704710F8012B1343F5E70A44013829
:10AA40008A4200D1704712F8013D00F8013FF7E754
:10AA50000C2939D8DFE801F0070B0E1416191C2554
:10AA60002A362C2E3400B2FA82F040097047063A9A
:10AA7000012A01E00A3A022A8CBF00200120704717
:10AA80000D3AF5E7103A0C2AF6E7113A0B2AF3E7EC
:10AA9000A2F11003032B19D990F85C00B8B11C2A5D
:10AAA000EAE7042A14BF002001207047012AF9E7D1
:10AAB0001D3AE0E7A2F12003062B07D92E2AF1E781
:10AAC000282AEFE70F2AEDE70020704701207047A2
:10AAD000F8B5D0E9047605460C46FBF755FD20B9DC
:10AAE0004FF4E2712920F1F7A3FFF4B1D5E9043165
:10AAF000DA1B61EB0603012A73F100014FF000013C
:10AB000015DB6FF00100904271EB030302DA4FF4A2
:10AB1000E771E7E7631E1344B3FBF4F35C43E41906
:10AB200046F10006C5E904461C462046F8BD0C4621
:10AB3000FBE711F00C0312D001F0040100290CBF57
:10AB40004FF41673962303F5BC730CBF40221022FA
:10AB5000984212D9C01A90FBF2F080B270470229D5
:10AB600005D13C2809D93C38C0F38F0070477028C4
:10AB700003D97038C0F3CF007047002070470346F8
:10AB8000086898667047012908B5024606D0022970
:10AB90000CD040F23F212920F1F74AFF40F6C413C0
:10ABA00040F2E240002A18BF184608BD40F6C41023
:10ABB000FBE780F87010FEF729BF40F2E243B0FBDC
:10ABC000F3F080B2704740F2E24358437047C0EB65
:10ABD000401300EB830000EB8000400080B2704720
:10ABE00040F2E24358437047C3B293FAA3F3000A1A
:10ABF00090FAA0F01B0E000E43EA002070470131CE
:10AC0000F8B5C9B2821D0023012512F8010B884254
:10AC100016D312F8066C002405FA04F737421CBF5D
:10AC200001F1FF31C9B2E0B269B10134082CF3D1AE
:10AC30000133DBB2052BE8D199214620F1F7F8FE6C
:10AC4000091AC9B2F4E700EBC300C0B2F8BD0B6843
:10AC500070B5C0F801300B7903F01F034371002376
:10AC60000446C372451C861D15F8010B00F020FB3D
:10AC70002871E37AB5421844E072F5D170BD70B521
:10AC800081EA114189B2C57A0446032682EA0100AD
:10AC9000FFF7AAFF013E00EB00100A1816F0FF06AE
:10ACA00090B2F5D141402522B1FBF2F302FB131320
:10ACB000C3F3C4022244D8B2567803F0070301223A
:10ACC00002FA03F31E4207D169432046C1F307414C
:10ACD000BDE87040FFF793BF70BDF8B590F83050F5
:10ACE0006B1E242B044658D8002A58D090F8250013
:10ACF00018B1012847D01F201AE094F8321094F8B8
:10AD0000313002FB03132522B3FBF2F102FB1133B6
:10AD1000DBB204EBD30284F8323092F8261001261D
:10AD200003F0070206FA02F2114202D084F833302F
:10AD3000F8BDB3FBF5F205FB12330133024604F113
:10AD40002B01D8B211F8013B834219D311F8067CCC
:10AD5000002306FA03FC1CEA070F1CBF00F1FF30BA
:10AD6000C0B2DDB220B905EBC20284F83320DFE7C0
:10AD70000133082BEDD10132D2B2052AE2D1BAE774
:10AD8000C01AC0B2F7E7A28AC96904F12500FFF72B
:10AD900076FF84F833000020CAE71220C8E7104687
:10ADA000C6E70B68C0F803308B88A0F807307047FF
:10ADB0000B68C0F809308B88A0F80D307047037815
:10ADC000890123F0400301F040010B4303707047F9
:10ADD000037803F07F0343EAC113037070471F2A0F
:10ADE00038B50546144603D9EE212A20F1F720FE96
:10ADF00009300634FDF76CF86C7038BD1F2A38B581
:10AE00000546144604D94FF488712A20F1F710FE44
:10AE100009300634FDF75CF86C7038BD30B5037846
:10AE200003F00F03032B024640D0052B1FD1C37F35
:10AE300090F82000034392F82100034392F8220087
:10AE4000034392F8230020F01F0018432DD05378BD
:10AE5000222B0CD1B2F81930B2F81740907D41B1D5
:10AE6000B3F5506F05D940F607518B420ED900203B
:10AE70001BE0991F89B240F67A45A942F7D8411ED6
:10AE80000729F4D88342F2D9A342F0D3B2F81B3099
:10AE9000B3F5FA7FEBD2B2F81D000A3880B240F663
:10AEA000764398428CBF0020012030BD4078A0F14D
:10AEB0000C0358425841F8E7037801F0030123F0EE
:10AEC00003030B4303707047007800F003007047E2
:10AED0001B2A08B504D940F272412A20F1F7A8FDD7
:10AEE0004270BDE808400330FCF7F2BFB0F807003D
:10AEF0007047B0F809007047B0F80B00704770B5A4
:10AF0000B0F80730B0F80950B0F805600479B0F82F
:10AF10000B0091B1B3F5506F0FD940F60752934231
:10AF200018D8B5F5FA7F15D20A3880B240F67643C4
:10AF300098428CBF0020012070BD9A1F92B240F64B
:10AF40007A418A4206D8621E072A03D89C4201D25F
:10AF50009E42E5E70020EFE743680B60037A0B7140
:10AF60007047B0F809007047007970470B6843607C
:10AF70004B688360704743680B6083684B60704721
:10AF800083890B807047D0F80E300B60D0F81230F8
:10AF90004B607047D0F816300B607047FFF7E6BF84
:10AFA0000B68C3607047007970470171090A4171ED
:10AFB00070478171090AC17170470172090A4172B3
:10AFC00070478172090AC172704780887047C088D3
:10AFD0007047008970474089704703891A2B0DD943
:10AFE0004389B3F5A47F09D383881A2B06D9C08877
:10AFF000B0F5A47F34BF00200120704700207047C7
:10B000000379024613F0070004D0507910F00700CE
:10B0100018BF012070470079704740797047C08899
:10B0200070470279437902F0070203F00703511ECB
:10B030000A40591E0B4013430CBF012000207047EB
:10B0400001717047007970474171704740797047CE
:10B05000FB2908B504D940F295612A20F1F7E8FCF4
:10B06000417008BD406890F81A3223B1002380F87F
:10B070001A32FEF7DFBB704708B5017A19B1012912
:10B080000DD0002008BD0368C28802218088F5F732
:10B0900007FF0028F6D1F6F7B9F80120F2E70368B8
:10B0A000C288F3E702230B7001238B707047F5F71A
:10B0B0005BBF08B5037A23B140F2BE211020F1F73F
:10B0C000B7FCBDE80840F5F7C5BF0322FFF7F1BFA5
:10B0D0000422FFF7EEBF30B4057A15B130BC02721E
:10B0E000704730BCF5F7B6BF0422FFF7F4BF0B463C
:10B0F000112203F8032BD0F80920C1F80320D0F85F
:10B100000D205A60B0F811201A817047012908B546
:10B1100003D10E30C00080B208BD022902D10F3029
:10B120008000F8E74FF4EB710620F1F781FC30B5B1
:10B1300087B004460D46F5F70DFFA8B30023237230
:10B140006FF4B9731C44694624882046FEF7FFFF5C
:10B1500018B1D8212C20F1F76BFCBDF80630ADF802
:10B160000E30BDF80830ADF81030BDF80230ADF843
:10B17000123003A8BDF80430ADF80C40ADF814301F
:10B18000FEF7C3FF08B1E121E4E78DF80C009DF85C
:10B190000C308DF80D00002063F307009DF80D3092
:10B1A00063F30F2007B030BD2B46182203F8032BA2
:10B1B000D4F80920C5F80320D4F80D205A60B4F85B
:10B1C00011201A8104238DF80C30E0E740687047A5
:10B1D000C08A704710B58A880B89CC884988A0F846
:10B1E0005410A0F85840A0F85620A0F85A3010BDCE
:10B1F0008383BDF8003001834283C383704738B531
:10B20000C38B458C04469D42007A28BF1D46FFF73C
:10B210007DFF6389AB4228BF2B46984238BF184652
:10B2200080B238BDF8B50546B0F8400016460F4666
:10B23000FFF76CFF3946044605F13400FFF7DFFFE6
:10B24000844228BF04463146B5F84800FFF75EFF48
:10B25000B5F84A308342A4B228BF034614FA83F0FB
:10B260009C30F8BD38B50D46144690F86C1090F837
:10B270006D20FFF7D7FF96342044A84294BF281AC8
:10B28000002038BD38B50D4690F86D2090F86C1050
:10B290000446FFF7C7FF0544A56338BD006801F108
:10B2A0009C03984283BF401A9C3840080020704796
:10B2B00000F05503400800F05500184400F0330337
:10B2C000800800F03300184400F00F0303EB101067
:10B2D00070474368002283F89D2083F8D620A3F8A6
:10B2E000D220704743680022A3F8D82093F8DA20D0
:10B2F000013283F8DA20704708B5426892F8DA30F4
:10B30000013B5BB2002B82F8DA3003DA35214A20A8
:10B31000F1F78EFB08BD436883F8231183F82221DF
:10B320007047A0F10A03042B08D9A0F12003062BD3
:10B3300004D9A0F12E0358425841704701207047AC
:10B340004268D2F88C3010B513F008040AD143F0EB
:10B350000803C2F88C30CB7882F82031FFF7C2FFA7
:10B36000204610BD0120FCE737B530F8024C7CB117
:10B3700000238DF804308DF805309DF8043000204E
:10B3800063F307009DF8053063F30F2003B030BD71
:10B3900030F8B65CA1F8035008220A708C70427A2B
:10B3A0004A7150F8A20CFDF7FFFB18B97C2163200D
:10B3B000F1F73EFB2846F5F783F821462846F1F7DA
:10B3C000A9FF04238DF804308DF80540D5E738B582
:10B3D0004468037894F89F200D4604F18000012111
:10B3E000FFF736FB38B92846FFF7BEFD062384F881
:10B3F000A00084F89F30002038BD10B54468037861
:10B4000094F89F20012104F18000FFF721FB10B97F
:10B41000072384F89F3010BD0B46062210B503F8B1
:10B42000032B6FF4DA7282180024D485D0F8092037
:10B43000C1F80320D0F80D205A60427C1A72CC70FB
:10B4400010BD10B54468037894F89D20002104F1E4
:10B450008000FFF7FDFA18B924214520F1F7E8FA3A
:10B460001D2384F89D3010BD2DE9F743456803780E
:10B4700095F89D2006460C4605F180000A21FFF74D
:10B48000E7FA60B32046FFF7A8FD00B32046FFF7B8
:10B49000A0FD07462046FFF798FD80462046FFF7AF
:10B4A0009AFD81462046FFF792FD4B4600904246AA
:10B4B000394605F13400FFF79BFE7168284601F517
:10B4C000B071F5F7C7FE70680521F4F717F9002091
:10B4D00085F8D60085F89D0003B0BDE8F083012013
:10B4E000FAE709230B70437A8B706FF4FF73C3186C
:10B4F0001B88A1F80330037B4B7170470A230B7044
:10B50000437A8B706FF4FF7318440388A1F80330FB
:10B51000704707230B70A0F531731B88A1F8033027
:10B52000D0F80B30C1F80530D0F80F30C1F8093031
:10B53000B0F81330A1F80D30704738B504464068B4
:10B54000012390F89E2000218030FFF781FA656882
:10B5500060B995F89E200123052105F18000FFF7D1
:10B5600077FA002814BF0820012038BD95F8A30001
:10B570000028FAD02046FFF7B5FE6368112283F851
:10B580009E200020F1E770B5044640680D4690F813
:10B590009E20012300218030FFF75AFA666870B9B7
:10B5A00096F89E20132A0AD00123052106F1800077
:10B5B000FFF74EFA002814BF0820012070BD96F84E
:10B5C000DC3013B92046FFF78DFE6168284601F58F
:10B5D0000A71FFF7D8FC6168284601F58C71FFF706
:10B5E000D9FC61680B88A1F8CD32284601F2CF2141
:10B5F000FFF7C1FC6168284601F2D721FFF7C0FCC4
:10B600006368152283F89E200020D7E7436893F8EB
:10B610009E20122A03BF1322002083F89E200220BE
:10B62000704710B5436893F89E30182B044607D135
:10B63000FFF762FE63681C2283F89E20002010BD85
:10B640000220FCE70B46052203F8032BD0F8092063
:10B65000C1F80320D0F80D205A60B0F811201A81EB
:10B66000C27C9A72704710B54468037894F89D20A4
:10B67000002104F18000FFF7EBF918B9AA211C2082
:10B68000F1F7D6F9042384F89D3010BD4268D2F852
:10B690008C1008B5CB0703D4B7211C20F1F7C8F9EB
:10B6A00092F8DA30013B5BB2002B82F8DA3001DA33
:10B6B000B921F2E721F00101C2F88C1008BD0C237A
:10B6C0000B706FF4AB73184403884B80704710B550
:10B6D0004468037894F89D20092104F18000FFF765
:10B6E000B7F930B1002384F8CA3084F8D63084F832
:10B6F0009D30002010BD38B54568D5F88C3013F06A
:10B70000040409D1FFF7EEFDD5F88C3043F00403B3
:10B71000C5F88C30204638BD0120FCE74268D2F8DD
:10B720008C3023F00403C2F88C30FFF7E5BD10B570
:10B730004468037894F89D20002104F18000FFF70D
:10B7400087F918B971214B20F1F772F90F2384F8AA
:10B750009D3010BD01230B7000238B7030F8DE3C50
:10B76000A1F80330437A4B714389CB8083890B81E5
:10B77000704738B5446894F8DD5015F0020514D1CF
:10B78000037894F89D20294604F18000FFF760F9C2
:10B7900018B96F214020F1F74BF9012384F89D304F
:10B7A00084F8D630A4F8D25038BDD4F88C20930752
:10B7B0000DD594F8DA30013B5BB2002B84F8DA3017
:10B7C00001DA8121E6E722F00202C4F88C2000238E
:10B7D00084F84231E8E717230B70D0F80930C1F83C
:10B7E0000330704710B50B794C790A68012843EA99
:10B7F000042108BF41F48031104610BD07B5FFF7A2
:10B80000F1FF0DF10702F6F785F803B05DF804FBD0
:10B8100070B58CB00E4615460146102268461C468F
:10B82000FFF70CF910220DEB02003146FFF706F985
:10B830006846FCF711F935B1102208A92046FFF738
:10B84000FDF80CB070BD08AA23460CAD144603CC1D
:10B85000AC4218605960224603F10803F6D1F0E7C4
:10B86000FFF701BFFFF785BFF5F740BEFFF70EBF3B
:10B8700038B553680E3814460D4693F89D200928B4
:10B880003FD8DFE800F0053E3E3E0F3E173E3E2625
:10B89000042A05D12046FFF71CFD2046F5F7B0FE2F
:10B8A000002038BD0F2AFBD120460021BDE83840DA
:10B8B000FFF70DBF1D2AF3D12046FFF70AFD002D2B
:10B8C000EED0626892F8EC3023F0200382F8EC307E
:10B8D000E6E793F89E20232AE2D1002583F89E50C4
:10B8E0002046FFF709FD636893F83C31012B03D133
:10B8F00029462046F4F7A6FC6368002283F83C2121
:10B90000CEE740F245213120F1F792F808B54368BF
:10B9100093F89E20162A04D040F2AA413120F1F774
:10B9200087F81A2283F89E2008BD08B5436893F86B
:10B930009E20162A04D040F2A4413120F1F778F875
:10B94000182283F89E2008BD08B5436893F89E200E
:10B95000112A04D040F297413120F1F769F8012211
:10B9600083F8DB20122283F89E2008BD08B54368C7
:10B9700093F89E20222A05D022B140F201513120B5
:10B98000F1F756F8232283F89E2008BD08B54368D6
:10B9900093F89E202F2A06D1002283F89E20BDE82E
:10B9A0000840FFF7A9BC162A03D11A2283F89E206B
:10B9B00008BD40F2BF413120F1F73AF84268D2F8B1
:10B9C0008C30D90610B5044604D440F2F54131203C
:10B9D000F1F72EF8990602D540F2F641F7E723F089
:10B9E0001003C2F88C30FFF787FC60680521BDE8C2
:10B9F0001040F3F783BE70B5426892F8EC3043F024
:10BA00000403044682F8EC3008460D46FFF71AFBA3
:10BA100006462846FFF71AFB224601463046BDE897
:10BA20007040F6F75FB810B50C46D1E90401F1F7A4
:10BA30000DFD94F89C0220280BD0FBF79FFD94F895
:10BA40009C02FAF76FFD20B940F61C113120F0F787
:10BA5000EFFF10BD00207047F2F784B890F81B325A
:10BA6000002280F89D2080F89E2080F8A12013B14C
:10BA70000221F3F743BE0321FBE70C2100F50C7014
:10BA8000F1F76EB908B5F7F765FDF7F7B7FBF7F70C
:10BA90002FFABDE80840F7F7B7BA08B5C821F7F79D
:10BAA00085FA022808D1013911F0FF01F7D140F2DF
:10BAB00005113B20F0F7BCFF431E5842584108BD1A
:10BAC00010B504460846F8F72DFA4FF47A73B0FB28
:10BAD000F3F0201A10BD10B504460846F8F722FA14
:10BAE000023C4FF47A7300F2E730B0FBF3F0201A17
:10BAF00010BDF8F771BB801A00F3070038B540B2EB
:10BB00000D4659B21446F8F757FB0023287020441D
:10BB10006C70AB7040B238BD002070474FF0FF3002
:10BB200070474FF0FF3070477047704700207047F4
:10BB30004FF0FF3070470020704790F90030002B25
:10BB400014BF6FF01500002070470023037070478A
:10BB50000022FFF7D0BF002070474FF0FF30704742
:10BB60004FF0FF3070474FF0FF30704700230370F5
:10BB7000704738B5054691F827000C46FAF7D2FC15
:10BB800018B9D8216A20FBF721FF0023A38484F889
:10BB900026300921236A2846984718B103780BB14B
:10BBA000DC21EFE738BD426808B5034611441A7836
:10BBB0005960012AA1F1500006D1FBF703FB40B9FF
:10BBC000BC216A20FBF702FFFBF7FCFA08B9C12190
:10BBD000F7E708BDF8B504460E4619B9012384F805
:10BBE00029303DE00D78032DF8D8DFE805F03B0261
:10BBF00012154868C72802D800252846F8BD042138
:10BC0000FBF788FB0028F7D171682046FFF7CBFFD0
:10BC1000F3E7F8F74DFBF0E790F8247007BB4D68A9
:10BC20002846F8F719FB0028D8D02B78E3B9012271
:10BC30002270E3722B79002B0CBF2B23002323816E
:10BC40006B79002B0CBF02230423A372AB68603313
:10BC50006360EB682361032384F8263084F8252091
:10BC6000F8F726FB0225C8E794F82630052B04D008
:10BC70004FF4BE716A20FBF7A9FE2770E7722B799B
:10BC800094F82700002B0CBF2B23002323816B7912
:10BC9000002B0CBF02230423A372EB68A968603356
:10BCA0006360D4E906325B1842EBE172C4E9043206
:10BCB000042384F826302146FAF7A6FD0028CFD1C8
:10BCC0004FF4BF71D6E770B50D46044620B94FF466
:10BCD000CB716A20FBF77AFE90F82860082900F201
:10BCE000F680DFE801F005144C4C7D8791AA98009E
:10BCF00090F82630033B012B06D800F0A4F9002869
:10BD00004ED040F23321E4E740F2A111E1E790F890
:10BD10002630033B012B02D940F2A511D9E70523B8
:10BD200090F8241080F82630002380F8293011BBC9
:10BD3000FFF739FF2378012B18D194F82700FAF781
:10BD40000DFCC4E90601236A0021304698470146EC
:10BD50002046FFF73FFF022820D0002800F0BA80DD
:10BD6000012840F0BA80236A0421EEE7D4E90423D5
:10BD7000C4E90623E7E7BDE87040F8F799BA90F800
:10BD80002630DA1E012A02D940F2C311A1E790F849
:10BD9000242032B101463046FFF7EBFE002DACD037
:10BDA00070BD042B0CBF02230123022980F826302A
:10BDB000036A0AD10521304698470028F0D003785D
:10BDC000002BEDD04FF4EC7183E706213046984705
:10BDD0000028E3D00378002BE0D040F2DD1178E7B3
:10BDE00090F82630052B02D04FF4F27171E7036A08
:10BDF0000221AAE790F82630052B02D04FF4F57106
:10BE000067E7036A0121A0E790F82630052BB2D03E
:10BE10004FF4F8715DE790F82630052B02D040F220
:10BE2000F51156E7036A0A21304698470146204635
:10BE3000FFF7D0FE4FF4FC714BE790F82630052B4E
:10BE400007D090F825200AB1032B02D04FF4FE71E1
:10BE50003FE794F824202AB121463046BDE87040DF
:10BE6000FFF787BE94F8293083B1022384F8263087
:10BE700084F82920236A08213046984700288FD06B
:10BE80000378002B8CD04FF4027122E794F8252020
:10BE900062B194F8270084F825302146FAF7B4FC03
:10BEA00000287FF47DAF40F20D2112E7022384F8D1
:10BEB00026300721236A3046984700283FF470AFA8
:10BEC0000378002B3FF46CAF4FF4057101E740F2AB
:10BED0001921FEE6236A032137E740F22A21F8E61A
:10BEE00070B5F8F731FA002405462646E0B28542DF
:10BEF00000D870BDF8F72EFA0134868480F82660E9
:10BF0000F4E7F8B504460D46F8F71EFA0027064692
:10BF1000F8B2864204D8082D0CD96FF0150008E05D
:10BF2000F8F718FA90F826300137002BF0D04FF0D0
:10BF3000FF30F8BD2CB129462046BDE8F840F8F79F
:10BF400017BA21462046F8E738B50546F8F702FA51
:10BF5000014688B190F824408CB990F8263073B12E
:10BF6000013B012B04D82846FFF703FE204638BDCD
:10BF7000012380F82430F9E76FF00100F7E76FF054
:10BF80002200F4E770B50D46F8F7E4F904460028FE
:10BF90004CD090F82660731E012B4DD8002D48D050
:10BFA0002846F8F759F9002843D02B780BBB01221B
:10BFB0002270E3722B79002B0CBF2B2300232381EB
:10BFC0006B79002B0CBF02230423A372AB68603390
:10BFD0006360EB682361032394F8270084F826301C
:10BFE0002146FAF711FC50BB40F2B1216A20FBF761
:10BFF000EDFC022E20D100232370E3722B79002B5D
:10C000000CBF2B23002323816B79002B18BF042640
:10C01000A672EB68A96860336360D4E906325B18E6
:10C0200042EBE172C4E904320423D5E76FF001006A
:10C0300070BD6FF01500FBE76FF02200F8E70020FD
:10C04000F6E7F8F7C9BF08B50020F9F723F800684C
:10C05000003818BF012008BD08B500F0AFF828B1BE
:10C060004FF080430222C3F8342C08BD00F088F85A
:10C070000028F5D100F099F80028F1D1F5E74FF04C
:10C08000804301221A6070474FF08043D3F80804C0
:10C0900000F0010070474FF08043D3F8140400F023
:10C0A000010070474FF08043D3F81C0400F00300F8
:10C0B00070474FF080410246D1F81804D1F81814A7
:10C0C00010F4803004D001F00300831A5842584124
:10C0D000704707B56846F8F7B5FDDDE900024FF097
:10C0E00080730021E2FB030103B05DF804FB08B597
:10C0F000F8F792FDBDE80840F8F778BD0346002048
:10C1000018707047EFF3108272B603780121DBB22A
:10C11000017002B962B6012B0CBF6FF02200002043
:10C120007047EFF3108372B60022027003B962B653
:10C1300000207047FBF77EBD4FF08053D3F83001ED
:10C14000A0F10F035842584170474FF08053D3F885
:10C150003001A0F10A035842584170474FF0805314
:10C16000D3F83001A0F10E035842584170474FF008
:10C170008053D3F83001A0F1100358425841704762
:10C180004FF08053D3F83001062803D0431C5842A7
:10C1900058417047012070474FF08053D3F8300169
:10C1A000A0F10D035842584170474FF08053D3F827
:10C1B0003001A0F1080358425841704708B5FFF715
:10C1C000C4FF30B14FF08053D3F83401B0FA80F09F
:10C1D000400908BD08B5FFF7D3FF48B14FF08053C1
:10C1E000D3F83401063810F1080F94BF0020012065
:10C1F00008BD08B5FFF7C4FF48B14FF08053D3F82E
:10C200003401063810F1080F8CBF0020012008BD52
:10C21000FBF752BDFBF750BD00280CBF6FF01500B7
:10C2200000207047002070470723037000207047EC
:10C23000002070470020704710F8012B11F8013BD7
:10C24000012A28BF9A42F7D0D01A7047034611F846
:10C25000012B03F8012B002AF9D17047034613F88C
:10C26000012B002AFBD1181A01387047000000008A
:10C270002DE9F04FD0E9006389B00D46039383891F
:10C280000593B36803995B6806AA3046984700286F
:10C2900033DBDDE9064B46F29C33A4FB031203FBC0
:10C2A0000B28049116A3D3E9002308464146F0F772
:10C2B00017F8049BDFF850904FF0FF3A9A4579EB5E
:10C2C0000803074619D3A5FB044305FB0B35294694
:10C2D0000BA3D3E900232046F0F702F8A24579EB3F
:10C2E0000505034609D38742B26806D30599009134
:10C2F000146803993A463046A04709B0BDE8F08F6C
:10C3000000CA9A3B00000000FFC99A3B00000000F1
:10C31000F0B53F4DD5F86831996811F0010187B04B
:10C3200021D105AA40F6034007F04CFC0446002842
:10C330006BD10598C3681B789BB9BFF35B8FD5F8A9
:10C34000D430BFF35B8F05F1D40203F00903BFF3D0
:10C350005B8F52E8001F42E80034002CF9D1BFF394
:10C360005B8F0FF0FBFA05AA002141F2030007F0F2
:10C3700029FC0446002848D1059B264EDA68D2F8ED
:10C380000100D2F8051003C618460FF0E7FA21465F
:10C3900005AA41F2010007F015FC0446A8BB059868
:10C3A000C3685A7885F870205A88A5F872201A79DF
:10C3B00085F87120B3F80720A5F87420B3F805308C
:10C3C000A5F876300FF0CAFA214605AA41F202001C
:10C3D00007F0F8FB0446C0B9059FFA68531C4132C8
:10C3E00018685968344603C4083393422646F7D187
:10C3F00038460FF0B3FA95F87C305B060ED4064849
:10C40000452119F0F8FC6FF01204204607B0F0BD8A
:10C4100028020020A002002071D1030005AA0021FB
:10C4200042F2030007F0CEFB04460028EDD1059B45
:10C43000A54EDA68D2F80100D2F8051003C61846F6
:10C440000FF08CFA214605AA42F2020007F0BAFB6F
:10C4500004460028D9D1059CE368B3F8012091B2C5
:10C4600049B1D97839B1A5F80421DA78114606F135
:10C4700028001DF0E1FD20460FF070FA95F87C6071
:10C4800016F0200618D1022140F66D4007F050FB4F
:10C490000446002800F0CC8002210C300FF06AFB2B
:10C4A0000123037046702146324640F66D4007F086
:10C4B00089FB04460028A8D195F89C301F0712D5A7
:10C4C00005AA002142F21C0007F07CFB044600286C
:10C4D0009BD10598C368D3F80120D3F80530C5E98E
:10C4E00038230FF03BFA95F8D8309E0624D50DF18D
:10C4F000120104A807F0CCFB0446002885D10421D2
:10C5000042F2240007F014FB0646002800F0908059
:10C5100004210C300FF02EFBBDF810300380BDF865
:10C52000123043802246314642F2240007F04AFB93
:10C53000044600287FF469AF95F8D8305C0610D522
:10C5400005AA002142F22A0007F03CFB044600281D
:10C550007FF45BAF0598C3685B7885F820310FF0F6
:10C56000FDF9082142F2010007F0E2FA0446002832
:10C570005ED008210C300FF0FDFA95F8D81011F0BC
:10C58000400F024640F2022308BF032388074CBF36
:10C5900043F02C0043F00C0095F8D9308F0648BFCB
:10C5A00040F0400013F0090F95F8A23018BF40F496
:10C5B000006003F00603CE0748BF40F01000062BD2
:10C5C00008BF40F4C07000211AF0CFFB21460022C2
:10C5D00042F2010007F0F6FA044600287FF415AF96
:10C5E00095F87C30B5F80411980624D4C9B905AA89
:10C5F00041F2050007F0E6FA044600287FF405AF93
:10C60000B5F80431059C4BB9E368B3F80120A5F8EF
:10C6100004219A882D4811461DF00EFD20460FF08A
:10C620009DF9082140F6014007F082FA044658B906
:10C630006FF06804E9E60029F3D12548452119F097
:10C64000DAFB6FF00404E0E608210C300FF092FAF8
:10C6500095F8D830D90702462DD41E484FF0005126
:10C660001AF083FB2146002240F6014007F0AAFAA7
:10C67000044600287FF4C9AE014605AA4FF60140E2
:10C6800007F0A0FA60B31448572119F0B4FB1AF070
:10C69000ECFC044600287FF4B8AE0AF0B9F8044672
:10C6A00000287FF4B2AEEB79002B79D10B484921F9
:10C6B00019F0A1FBA9E602A1D1E90001D0E700BF72
:10C6C000908800020080002000030020300300203A
:10C6D0009AD1030010880002C2D10300B4D2030033
:10C6E000059E3348F468B4F80130032B96BF314AF5
:10C6F000314A52F82320492119F07DFBB4F801207A
:10C70000B4F80330022A2AD1052B28D82B4A52F834
:10C7100023202B48492119F06EFB6379D4F80910C6
:10C720000291032BB4F8071098BF264A0191A17912
:10C7300094BF52F82320204A23480091492119F040
:10C740005AFB30460FF00AF905AA00214FF60240C5
:10C7500007F038FA044620B11C48572195E7164ADD
:10C76000D7E705981A4EC368B3F80130A6F8C13070
:10C770000FF0F4F896F8C1305B0788D505AA21467A
:10C780004FF6034007F01EFA10B1124857217CE71C
:10C790000598C3685B7886F8C0300FF0DFF876E75D
:10C7A00008210D481AF0BAFA07F000FF2DE600BF85
:10C7B000EBD10300E4B003000BD00300CCB00300C6
:10C7C00009D20300BCB0030026D2030058D20300F4
:10C7D0002802002086D20300FC0200200D490E4AE8
:10C7E0000B780133DBB23B2B0B7004D91378013388
:10C7F000137000230B7013783B2B084B04D9197866
:10C8000001311970002111701A78172A84BF002293
:10C810001A7070473A3A00203C3A00203E3A002015
:10C8200010B50B480B4902780B7852EA030403D188
:10C83000094B02221A7004E023B9013A3B2302702B
:10C840000B7010BD013B0B700122044BF2E700BFDF
:10C85000353A0020343A0020323A0020333A0020A2
:10C8600037B5034600681B7901249C4043681B6868
:10C870001C420AD10C490D4840F2FB5219F04FF806
:10C88000094840F2FB5119F043F80569836801A992
:10C890005B68984730B92A68019B5340234214BF14
:10C8A0000120002003B030BD22B8030053B80300BC
:10C8B000034B1B781BB9034903481DF021BC70478B
:10C8C000243A002040300020981A002008B50A467B
:10C8D00029B1BDE808400448452119F08CBA09F097
:10C8E0003DFA024B186008BD6BB803001C300020F5
:10C8F0004FF0A04201238B4030B5C2F81835254BCC
:10C90000254A53F82050254B43EA012305F5A2712F
:10C9100010F0010F42F82130214B224953F82040FA
:10C92000214B02F5A03253F8203002F5A07202EB41
:10C9300083024FEAC40303F1804303F5F833C3F8DD
:10C9400010251A4A02EB8502C3F81425184A02EB97
:10C95000850216D151F82030164DDB0003F18043DB
:10C9600003F5F833C3F81055C3F8142551F82030F7
:10C97000012202FA03F3A24013430F4AC2F804351E
:10C9800030BD431E0C4D51F8233003F5117345F8AB
:10C990002320EBE708AD0300006000400300130014
:10C9A000F4AC0300E0AC030008AD0300606000409D
:10C9B0003060004054A1014000F00140224B53F888
:10C9C00020309B0003F1804303F5C043D3F81025CA
:10C9D000C2F3042281B9D3F8101521F00301C3F882
:10C9E0001015D3F81015C3F81015012393404FF01C
:10C9F000A042C2F80C357047FE2910D9D3F81015A3
:10CA000021F00301C3F81015D3F81015C3F8101561
:10CA1000012393404FF0A042C2F808357047D3F885
:10CA2000102522F00302C3F81025D3F8102542F098
:10CA30000302C3F81025054B054A53F8203003F5CF
:10CA4000A87342F82310704708AD030008AD030037
:10CA500000A0014070B503788AB004460E4607ADC9
:10CA6000032B20D8DFE803F002191B1D11492846CB
:10CA7000FFF7ECFB059563780493A3780393E378C1
:10CA800002932379019363790093A3790A4A1E21C3
:10CA9000304618F06FF80AB070BD0849E7E708495A
:10CAA000E5E70849E3E7084A0A21284618F062F852
:10CAB000E0E700BF8BB80300B4B8030092B80300EE
:10CAC00099B80300A3B80300ADB8030010B588B04F
:10CAD0000C461AF090FC6946FFF7BCFF23460A4C4F
:10CAE0000A486A46492119F086F9206818B109F008
:10CAF00061F900232360064C206818B109F05AF947
:10CB00000023236008B010BD18300020D7B8030000
:10CB10001C30002070B50446087888B00023112826
:10CB200047D8DFE800F0091016181A1E232F3259D3
:10CB30005C5F616D70727476544A1378C62B38D876
:10CB40000133137035E0514A1378002B31D0013B8B
:10CB5000F7E74F4AF1E74E4AF6E74D4A13704B4A62
:10CB6000EFE7012A4B4AECD94B78EAE7022A20D9B1
:10CB7000494B4A781A70494B8A781A70CA78484BE0
:10CB80001A7016E0434B0222FAE78B784A78454E3A
:10CB900045494648327001253B2B0B70057008D97A
:10CBA0003AB13C25B3FBF5F0024405FB103332707B
:10CBB0000B7000211A2201A800911DF08DFC204667
:10CBC0001AF019FC6946FFF745FF39486A464921C2
:10CBD00019F011F908B070BD364B0322D0E72D4B88
:10CBE0000422CDE7334BCEE7334B1A78172A9CBF8C
:10CBF0004A781A70314B1A783B2ADAD88A78BFE71C
:10CC00002F4B0122BCE72E4A9BE72E4BF9E72D4A1A
:10CC100097E72D4A13702D4A13702D4A13702D4A31
:10CC200013702D4A13702D4A13702D4A13702D4A1C
:10CC300013702D4A13702D4A13701C4A0121117074
:10CC40002B4A2C491370FF220A702B490B702B4979
:10CC50000B702B490B702B490B702B490A702B4919
:10CC60000A702B490B702B490B702B490B702B4909
:10CC70000A702B490B702B490A702B490A702B49FB
:10CC80000A702B4A13702B4A5BE700BF4A3A002018
:10CC9000483A0020463A00203E3A00203C3A002024
:10CCA0003A3A0020353A0020343A0020333A002046
:10CCB000F9B80300323A0020393A0020373A002010
:10CCC000403A0020423A0020493A0020473A0020EA
:10CCD000453A0020433A0020413A00203F3A0020E4
:10CCE0003D3A00203B3A0020383A0020363A0020F6
:10CCF000313A00209F070020303A00202F3A0020D0
:10CD00002E3A00202D3A00209B0700209707002094
:10CD10002C3A00202B3A00202A3A002093070020CA
:10CD2000293A00208F0700208E0700208D07002061
:10CD3000273A0020253A002010B503460A4600682D
:10CD400019790469012303FA01F143681B68194248
:10CD50000AD10C490C4840F2546218F0E0FD094831
:10CD600040F2546118F0D4FD2368194218BF82F0D4
:10CD7000010222B18368DB68BDE810401847836870
:10CD80001B69F9E722B8030053B803002DE9F0410D
:10CD900003460A461979DB880068134303F0300222
:10CDA000302AD0E9014706690AD12949294840F2C9
:10CDB000CF3218F0B4FD40F2CF31254818F0A8FD6D
:10CDC000254A264D1A40AA4208D12149214840F25D
:10CDD000D33218F0A4FD40F2D331EEE703F006029F
:10CDE000042A08D11A491B4840F2D63218F097FDA0
:10CDF00040F2D631E1E713F4402F0FD09A0308D464
:10CE00001349144840F2D93218F089FD40F2D93163
:10CE1000D3E7134A9A4308BF83F4402324680125CB
:10CE20008D40254223F4801208D10949094840F277
:10CE3000E93218F074FD40F2E931BEE73468DB07EF
:10CE40004CBF2C43AC4334603B68BDE8F04118470D
:10CE500022B8030053B803000200030002000100DF
:10CE60000100100070B503460A460068197983680E
:10CE700046689C690569E4B1366801238B403342FA
:10CE80000AD10C490C4840F2873218F048FD094895
:10CE900040F2873118F03CFD2D682B4218BF82F01C
:10CEA000C06202F0C063A44602F0B072BDE87040F8
:10CEB000604770BD22B8030053B80300074B02223D
:10CEC000C3F8082520210022C3F81025C3F800125A
:10CED000C3F80425FF22C3F85425704700A0014081
:10CEE00008B5084B062264201A7018F047F9064866
:10CEF0004FF09861FFF7B6FF0A2018F03FF918F0DD
:10CF00001BFD00BF463A00201CAE0300F0B5104CDC
:10CF10009DF814E0675C0F49DFF83CC0C0EBC0002F
:10CF2000084400241CF8011B39400CBF0E4616466D
:10CF300000F8016B04F101040EBF0D461D46714659
:10CF4000072C80F8295080F85310EBD1F0BD00BFBA
:10CF500030BA03004B3A002085070020F0B50F4C93
:10CF60009DF814E0DFF838C0C0EBC0002044002575
:10CF70001CF8014B0C400CBF2746174600F8017BFC
:10CF800005F101050EBF26461E467446072D80F8A2
:10CF9000296080F85340EBD1F0BD00BF4B3A002030
:10CFA0008507002073B59E4D9E4E2B680124072BEC
:10CFB00034700DDC002B0EDB013B062B0FD8DFE8B5
:10CFC00013F045008B00B900E7003B017501A30198
:10CFD000FF2B00F0C7810023337002B070BD924C6C
:10CFE000A3780093637822786D210020FFF7B6FFC5
:10CFF000A3780093637822788C4C58210120FFF7A6
:10D00000ADFFA3780093637822785C210220FFF7BC
:10D01000A5FFA37800936378227850210320FFF7BF
:10D020009DFF00231A46194604200093FFF796FF40
:10D0300000930520FFF792FF64240A2018F09EF861
:10D040002B68002BC7D1013CF7D1C4E7784CA378FB
:10D0500000936378227839210020FFF77FFFA378BF
:10D0600000936378227830210120FFF777FFA378BF
:10D070000093637822785C210220FFF76FFFA3788A
:10D0800000936378227858210320FFF767FFA17887
:10D0900063782278003918BF0121003B18BF0123B3
:10D0A000003A18BF0122009104200021FFF756FF2B
:10D0B00063780093A37822780520FFF74FFF0A20BA
:10D0C00018F05CF864240A2018F058F82B68012B3B
:10D0D00081D1013CF7D17EE70022FF231046009268
:10D0E0003F21FFF73BFF009273210120FFF736FF3E
:10D0F000009279210220FFF731FF00925421032092
:10D10000FFF72CFF1346114600920420FFF726FF7D
:10D1100000920520FFF722FF0A2018F02FF8642460
:10D120000A2018F02BF82B68022B7FF454AF013C37
:10D13000F6D150E70022FF23104600923F21FFF76F
:10D140000DFF009273210120FFF708FF0092792163
:10D150000220FFF703FF009254210320FFF7FEFE99
:10D160001346114600920420FFF7F8FE00920520B6
:10D17000FFF7F4FE0A2018F001F864240A2017F0E3
:10D18000FDFF2B68032B7FF426AF013CF6D122E78D
:10D19000284CA37800936378227839210020FFF788
:10D1A000DDFEA37800936378227878210120FFF7D1
:10D1B000D5FEA3780093637822785E210220FFF7E2
:10D1C000CDFEA37800936378227854210320FFF7E3
:10D1D000C5FEA17863782278003918BF0121003B91
:10D1E00018BF0123003A18BF01220091042000213A
:10D1F000FFF7B4FE63780093A37822780520FFF749
:10D20000ADFE0A2017F0BAFF64240A2017F0B6FF1B
:10D210002B68042B7FF4DFAE013CF6D1DBE600BFC8
:10D2200020300020443A0020A00700209C07002066
:10D230009807002090070020614CA3780093637842
:10D24000227877210020FFF789FEA3780093637886
:10D25000227838210120FFF781FEA37800936378BC
:10D26000227877210220FFF779FEA3780093637874
:10D27000227850210320FFF771FE00231A46194639
:10D2800000930420FFF76AFE00930520FFF766FE77
:10D290000A2017F073FF64240A2017F06FFF2B6831
:10D2A000052B7FF498AE013CF6D194E60022FF23D3
:10D2B000104600923F21FFF751FE0092732101209A
:10D2C000FFF74CFE009279210220FFF747FE009203
:10D2D00054210320FFF742FE13461146009204201A
:10D2E000FFF73CFE00920520FFF738FE0A2017F0FA
:10D2F00045FF64240A2017F041FF2B68062B7FF4BA
:10D300006AAE013CF6D166E60022FF231046009289
:10D310003F21FFF723FE009273210120FFF71EFE3D
:10D32000009279210220FFF719FE00925421032078
:10D33000FFF714FE1346114600920420FFF70EFE7D
:10D3400000920520FFF70AFE0A2017F017FF642459
:10D350000A2017F013FF2B68072B7FF43CAE013C2B
:10D36000F6D138E60022104600923F21FFF7F6FD85
:10D37000204600927321FFF7F1FD009279210220EF
:10D38000FFF7ECFD009254210320FFF7E7FD134661
:10D39000114600920420FFF7E1FD00920520FFF7FF
:10D3A000DDFD0A2017F0EAFE64240A2017F0E6FEED
:10D3B0002B68FF2B7FF40FAE013CF6D10BE600BFCC
:10D3C000940700202DE9F3410023DFF81881009332
:10D3D0001A4619460420FFF7C1FD05200093FFF708
:10D3E000BDFD98F80030404E404D414C2A7895F8EC
:10D3F00002E0C72B84BFC72388F80030337898F841
:10D400000010C72B84BFC723337063296B7899BF83
:10D41000002007461F46104684F87B7084F87C7015
:10D420004FF00A0794BF8446F44684F8270084F836
:10D430002800B1FBF7F1B1FBF7F007FB101184F8FE
:10D4400051C084F852C0C9B2CDF800E00020FFF707
:10D450005DFD98F80010B1FBF7F307FB1311AB78F3
:10D4600000936B782A78234DC9B20120FFF74EFD57
:10D47000317863292DD92B78A8786A7884F82630FA
:10D4800084F8500084F87A2084F8293084F8530016
:10D4900084F87D200A24B1FBF4F1B1FBF4F304FB22
:10D4A0001311AB7800936B782A78C9B20220FFF78A
:10D4B0002DFD3178B1FBF4F304FB1311AB7800932D
:10D4C0006B782A78C9B20320FFF720FD02B0BDE8CF
:10D4D000F081002384F8263084F8503018461A462C
:10D4E000D0E700BF4A3A0020483A0020A0070020B9
:10D4F0004B3A00209C070020024B03491860034868
:10D500001CF0FEBD2030002030300020F819002033
:10D510002DE9F04F9D4B9E4887B001221A70FFF70E
:10D520009FF9061E82469B4818BF0126FFF798F90F
:10D53000051E0090984818BF0125FFF791F94FF09C
:10D540000008041E019018BF0124C3464246474606
:10D550008F480592FFF784F9031E18BF0123814607
:10D560008C480293FFF77CF9021E18BF0122CDE917
:10D5700003208948FFF774F9049B059A011E49EAC4
:10D58000030918BF012159EA00090BD0029BB342DD
:10D590001AD1039BAB4217D1A14215D10A37B7F577
:10D5A000FA7F17DB312F20DC002A38D1BBF1000FC6
:10D5B00040F0B982B8F1000F40F0B582734B002201
:10D5C0001A7007B0BDE8F08F312FC2BFA046AB463E
:10D5D000324600270A20CDE9042117F0CFFD059936
:10D5E000049ADDE902650C46B2E7BAF1000F01D0FA
:10D5F000002EE3D0009B0BB1002DDFD0019B0BB1BF
:10D60000002CDBD0654B1A78052A00F27E82DFE819
:10D6100012F00B0048017C027C027F00E1015D46B4
:10D62000164644463227E5E7B7F5FA7F1DDA46B1DC
:10D630009DB9002CC2D15A4A1378C62BBED80133EB
:10D6400011E01DB1002CB9D1564AF5E7002CB5D038
:10D6500004201870FFF750FFB0E7002CAED1514AFC
:10D66000002313704E4A1370A8E726B3002DF4D19F
:10D67000002CA3D1464E474F474D4FF4FA74304625
:10D68000FFF7EEF8002899D03846FFF7E9F80028B0
:10D6900094D12846FFF7E4F800288FD1404A137848
:10D6A0000BB1013B13702046323C17F067FD642C30
:10D6B000B8BF6424E3E735B3002C7FF47FAF344E6A
:10D6C000344F354D4FF4FA743046FFF7C9F800284F
:10D6D0007FF474AF3846FFF7C3F800283FF46EAF0D
:10D6E0002846FFF7BDF800287FF468AF2D4A13786D
:10D6F0000BB1013B13702046323C17F03FFD642C08
:10D70000B8BF6424E0E7002C3FF458AFFFF7E8FB14
:10D71000B7F5FA7F55DAA6B15DBB002C7FF44EAFAA
:10D72000214B1B7813F0FD0F7FF448AF1F4A13788D
:10D73000C62B3FF643AF013313701D4B01221A7005
:10D740003CE7002D38D0002C7FF438AF164B1B7807
:10D7500013F0FD0F7FF432AF164A13783A2BEAD953
:10D7600012490B78C62B3FF629AF013314700B70AA
:10D77000E3E7002C7FF422AF0B4B1B7813F0FD0F77
:10D78000094B0CBF032202221A70D6E7243A00206C
:10D7900014AE03000CAE03001CAE0300463A00209A
:10D7A0004A3A0020483A0020323A0020353A002018
:10D7B000333A0020343A0020002C3FF4FFAE012021
:10D7C00047E7002E32D0002DD3D1002C7FF4F6AEE7
:10D7D000A54EA64FA64D4FF4FA743046FFF740F819
:10D7E00000283FF4EBAE3846FFF73AF800287FF404
:10D7F000E5AE2846FFF734F800287FF4DFAE9D4BF6
:10D800001B7813F0FD0F07D19B489C4A0378012138
:10D8100053B1013B037011702046323C17F0AEFC4F
:10D82000642CB8BF6424D8E79548F3E7002D3FF493
:10D830006AAF002C7FF4C2AE8B4E8C4F8C4D4FF4F0
:10D84000FA743046FFF70CF800287FF4B7AE38467C
:10D85000FFF706F800283FF4B1AE2846FFF700F8BE
:10D8600000287FF4ABAE834B1B7813F0FD0F07D17C
:10D87000834A137863B1013B1370804B01221A7005
:10D880002046323C17F07AFC642CB8BF6424D8E7F9
:10D8900079490B78002BF3D03B20013B10700B70C3
:10D8A000EBE7B7F5FA7F31DA66B105BB002C7FF400
:10D8B00085AE744B744A1C701378162B7FF6BFAE7E
:10D8C00014707BE6EDB1002C7FF478AE6D4B1C70CC
:10D8D0006E4B1A783A2A01D8013230E76A490A7841
:10D8E000162A9ABF01320A700C701C7066E6002C72
:10D8F0007FF464AE664B1A78002A3FF41FAF002213
:10D900001DE7002C3FF45AAE0520A2E65EB3002DC1
:10D91000EDD1002C7FF452AE534E5B4D4FF4FA74B0
:10D920003046FEF79DFF00283FF448AE4F48FEF713
:10D9300097FF00287FF442AE4D48FEF791FF002884
:10D940007FF43CAE4F4B18702B7853B1013BDBB2E8
:10D950002046323C2B7017F011FC642CB8BF6424B5
:10D96000DEE71723F4E7002D3FF4CDAE002C7FF463
:10D9700025AE3D4E454D4FF4FA743046FEF770FF2C
:10D9800000287FF41BAE3948FEF76AFF00283FF4F9
:10D9900015AE3748FEF764FF00287FF40FAE394B11
:10D9A00018702B7853B1013BDBB22046323C2B7010
:10D9B00017F0E4FB642CB8BF6424DEE7354A117825
:10D9C000314A19B1117801391170EEE7172313703C
:10D9D0003B23EAE7B7F5FA7F1CDA2EB17DB9002CBC
:10D9E0007FF4ECAD2B4A67E775B1002C7FF4E6AD10
:10D9F000294B1A783A2A7FF66FAF26496FE7002C39
:10DA00007FF4DCAD254B76E7002C3FF4D7AD1D70DD
:10DA100028461FE6002E45D0002DF0D1002C7FF4C3
:10DA2000CDAD114E1B4D4FF4FA743046FEF718FF82
:10DA300000283FF4C3AD0D48FEF712FF00287FF425
:10DA4000BDAD0B48FEF70CFF00287FF4B7AD2B7877
:10DA500033B3013BDBB22046323C2B7017F08EFB18
:10DA6000642CB8BF6424E0E714AE03000CAE0300DE
:10DA70001CAE0300323A0020353A0020333A002031
:10DA8000343A00203A3A00203E3A00203C3A002046
:10DA9000423A0020393A0020373A0020403A00202C
:10DAA0001723D8E7002D3FF42EAE002C7FF486AD6F
:10DAB000204E214D4FF4FA743046FEF7D1FE002877
:10DAC0007FF47CAD1D48FEF7CBFE00283FF476AD19
:10DAD0001B48FEF7C5FE00287FF470AD2B7853B1CC
:10DAE000013BDBB22046323C2B7017F047FB642C25
:10DAF000B8BF6424E0E7134A137823B1013BDBB2DB
:10DB000013703B23EEE71723FAE7B7F5FA7FFFF62A
:10DB1000F6AE002E7FF4F3AE002D7FF4F0AE002CB5
:10DB20003FF4EDAEF2E5BAF1000F7FF447AD5D468C
:10DB3000564676E514AE0300373A00200CAE0300DB
:10DB40001CAE0300393A00202DE9F04FAB488BB0F2
:10DB50004FF4B011FFF71AF9A9484FF4B011FFF7CD
:10DB600015F9A8484FF4B011FFF710F9A6484FF483
:10DB7000B011FFF70BF9A5484FF4B011FFF706F904
:10DB8000A3484FF4B011FFF701F9A2484FF4B011C8
:10DB9000FFF7FCF8A0484FF4B011FFF7F7F89F48E3
:10DBA0004FF4B011FFF7F2F89D484FF4B011FFF7B2
:10DBB000EDF89C484FF4B011FFF7E8F89A484FF49D
:10DBC000B011FFF7E3F899484FF4B011FFF7DEF812
:10DBD00097484FF4B011FFF7D9F896484FF48031C9
:10DBE000FFF7D4F894484FF48031FFF7CFF893480B
:10DBF0004FF48031FFF7CAF88E484FF0B861FFF755
:10DC000031F98D484FF0B861FFF72CF98B484FF090
:10DC1000B861FFF727F98A498A4B8B484B608B4BD9
:10DC20008B608368DB690BB1012298477348002140
:10DC3000FFF782F872480021FFF77EF87148002153
:10DC4000FFF77AF870480021FFF776F86F48002157
:10DC5000FFF772F86E480021FFF76EF86D4800215B
:10DC6000FFF76AF86C480021FFF766F86B4800215F
:10DC7000FFF762F86A480021FFF75EF86948002163
:10DC8000FFF75AF868480021FFF756F86748002167
:10DC90000024FFF751F866480021FFF74DF80723ED
:10DCA0004FF480626A496B48009413F021FF6A497F
:10DCB0006A4813F009FE07234FF4806268496948F7
:10DCC000009413F015FF6849684813F0FDFD68489B
:10DCD000FF21FEF7CDFA6748FF21FEF7C9FA664833
:10DCE000FF21FEF7C5FA6548FF21FEF7C1FA644837
:10DCF000FF21FEF7BDFA6348FF21FEF7B9FA62483B
:10DD0000FF21FEF7B5FA6148FF21FEF7B1FA60483E
:10DD1000FF21FEF7ADFA5F48FF21FEF7A9FA5E4842
:10DD2000FF21FEF7A5FA5D48FF21FEF7A1FA204684
:10DD30000B21FEF7DDFD0C210220FEF7D9FD0821A5
:10DD40000320FEF7D5FD21462046FEF737FE21468B
:10DD50000220FEF733FE21460320FEF72FFEFFF7D9
:10DD6000ADF84F4B4F4801221A602346194604462E
:10DD7000024600250135062D117051709170D17049
:10DD800011715171917102F10702F3D10133032B2B
:10DD900000F12A00ECD105F043F8002006F06CFCFD
:10DDA00008B117F068FA4048492118F024F83F48B4
:10DDB00013F0F4FA18F028F93D4802F013FE024679
:10DDC00038B13C48452118F016F800200BB0BDE8EA
:10DDD000F08F394E0FCE05AD0FC533682B60012390
:10DDE00000930222354B364905A807F0B1FA0246E6
:10DDF000002869D033484521E5E700BF54AE030051
:10DE00004CAE030044AE03003CAE030034AE03004E
:10DE10002CAE030024AE030004AE0300FCAD0300EF
:10DE2000F4AD0300ECAD0300E4AD0300DCAD030092
:10DE30005CAE03001CAE030014AE03000CAE030086
:10DE400024300020B1C80100DCA50300090008004F
:10DE500000460020981A002011D501004030002013
:10DE6000C0410020F8190020A5CF0100303000206B
:10DE7000CCAD0300BCAD0300ACAD03009CAD030012
:10DE80008CAD03007CAD03006CAD03005CAD030002
:10DE90004CAD03003CAD03002CAD03001CAD0300F2
:10DEA00000A001404B3A002015B90300100A0020E1
:10DEB000C803002030B9030020AA0300C8AC030047
:10DEC000D0AC030061B903004FF480730146A3484E
:10DED000049316F0CFFB10B1A14817F04EFA04AB33
:10DEE0000193A04B0093A04AA0480C230F210FF0F0
:10DEF000E9FF10B19E4817F040FA0499994816F0CE
:10DF0000F1FB10B19B4817F038FA16F089FC10B1FC
:10DF1000994817F032FA4FF4004200239748DFF88F
:10DF200060B2984E984DDFF86492CDE9002315F069
:10DF300007FB974B1B78032B1BD14FF400420023A8
:10DF40009448CDE9002315F0FBFA914B4FF0010204
:10DF50001A70914B1B78BBB9904B1B78062B13D8CA
:10DF6000DFE813F010001E008D00940097003601CA
:10DF70009501022BEDD187481CF053F9844B4FF0EB
:10DF80000002E5E7FFF71EFA854F864B3A781978CD
:10DF90008A4200F07F81002017F0DCF83870ECE155
:10DFA000814BDFF808A21B789AF800803BB9B8F1E2
:10DFB0000B0F5ED9B8F10C0808BF4FF00C087C4F6E
:10DFC000B9787B783A78003918BF0121003B18BF37
:10DFD00001230091003A4FF0040118BF01220846C6
:10DFE000FEF7BCFF704B1A78724B197849002AB9BA
:10DFF0009AF800200B2A88BF41F00401BB780093F7
:10E000007B783A7801F0FE010520FEF7A7FFBB7888
:10E0100000937B783A784FF00A0A0020B8FBFAF1B7
:10E020000391FEF773FFBB78039900930AFB1181FC
:10E030007B783A78DFF880810120FEF767FFBB78B4
:10E0400098F8001000937B783A78B1FBFAF102203F
:10E05000FEF75CFF98F80010B1FBFAF30AFB13110E
:10E06000BB7800937B783A78C9B20320FEF74EFF65
:10E070008AE7B8F1000F08BF4FF00C089FE74F4B3D
:10E0800019784F4B187817F0A8F87DE717F0CFF8FC
:10E090007AE7DFF83081DFF830A198F800100A271E
:10E0A000B1FBF7F1B1FBF7F307FB131180231A461D
:10E0B0000093C9B20020FEF729FF98F80010B1FBC9
:10E0C000F7F007FB10110093C9B20120FEF71EFF05
:10E0D0009AF80010B1FBF7F1B1FBF7F007FB101154
:10E0E0000093C9B20220FEF711FF9AF80010B1FBAD
:10E0F000F7F007FB10110093C9B20320FEF706FFEB
:10E1000000231A46194600930420FEF727FF0093C8
:10E110000520FEF723FF98F80030632B10D92B4B16
:10E1200019789A785B7884F8271084F8512084F85D
:10E130007B3084F8281084F8522084F87C3023E760
:10E140004FF0000384F8273084F8513084F87B3096
:10E1500084F8283084F85230EFE700BF53510300B1
:10E160008BB9030024390020F0B90300FCB9030087
:10E17000AAB90300C2B90300D7B9030000090020FF
:10E180001CAD030004AE0300FCAD0300F4AD0300BE
:10E19000323A002038090020443A0020463A002054
:10E1A000473A0020483A0020423A00203E3A0020F8
:10E1B00098070020403A00203C3A0020263A0020F0
:10E1C000283A0020353A0020343A002090070020F9
:10E1D000504BDFF844A11B789AF8008043B90C2318
:10E1E000B8FBF3F203FB128818F0FF0808BF98464B
:10E1F0004A4FB9787B783A78003918BF0121003B43
:10E2000018BF0123003A009118BF01220021042009
:10E21000FEF7A4FE3F4B42491B78002B32D19AF8FF
:10E2200000300B2B2ED90978BB783A78490041F0A1
:10E2300004017878003818BF0120003B18BF012383
:10E24000003A18BF0122009001F0FE010520FEF700
:10E2500085FEBB7800937B783A784FF00A0A00205D
:10E26000B8FBFAF10391FEF751FEBB7803990093D6
:10E270000AFB11817B783A78DFF8A8800120FEF74D
:10E2800045FEDCE60978BB783A784900D1E716F01C
:10E2900085FF79E6244F254B3A7819788A4201D0D8
:10E2A000012079E6224F234B3A7819788A4201D02F
:10E2B000022071E6204F214B3A7819788A4201D02A
:10E2C000032069E61E4F134B3A7819788A4201D031
:10E2D000042061E61B4F124B3A7819788A4201D02C
:10E2E000052059E6184F0C4B3A7819788A4201D02C
:10E2F000062051E6154F0B4B3A7819788A4201D027
:10E30000072049E6124F134B3A7819788A4223D0F6
:10E310000A2041E6423A0020393A002094070020C2
:10E32000403A0020373A0020493A00204A3A00207B
:10E33000453A0020463A0020433A0020443A002063
:10E34000413A00203F3A0020383A0020363A002077
:10E35000313A0020323A0020DD4F3B78002B00F0AC
:10E360003986DC4BC9221978082016F0F3FEC8283C
:10E37000387040F2238601233B70D7480121FEF715
:10E38000DBFC2178D54864277943FDF771FF94F8C9
:10E390002A10D3487943FDF76BFF94F85410D14805
:10E3A0007943FDF765FFE179CF487943FDF760FFD9
:10E3B00094F83110CD487943FDF75AFF94F85B107B
:10E3C000CB487943FDF754FFA17BCA487943FDF759
:10E3D0004FFF94F83810C8487943FDF749FF94F887
:10E3E0006210C6487943FDF743FF617DC448794315
:10E3F000FDF73EFF94F83F10C2487943FDF738FF20
:10E4000094F8691058467943FDF732FF217F304672
:10E4100001F00101FEF790FC94F84610284601F047
:10E420000101FEF789FC94F87010484601F00101E3
:10E43000FEF782FC94F8231000207943FEF7BEFA21
:10E4400094F84D1002207943FEF7B8FA94F877104B
:10E4500003207943FEF7B2FA0120002116F08CFE6A
:10E460009E480021FDF704FF9D480021FDF700FFB5
:10E470009C480021FDF7FCFE9B480021FDF7F8FEBB
:10E480009A480021FDF7F4FE99480021FDF7F0FEBF
:10E4900098480021FDF7ECFE97480021FDF7E8FEC3
:10E4A00096480021FDF7E4FE95480021FDF7E0FEC7
:10E4B00094480021FDF7DCFE58460021FDF7D8FE08
:10E4C00000210846FEF77AFA01460220FEF776FAA6
:10E4D00000210320FEF772FA7F480021FEF72CFC92
:10E4E00030460121FEF728FC28460121FEF724FCD6
:10E4F00048460121FEF720FC2120002116F03CFEB9
:10E5000030460021FEF718FC28460021FEF714FCD7
:10E5100048460021FEF710FC0120002116F02CFED9
:10E5200079480121FEF708FC61786C487943FDF7D2
:10E530009FFE94F82B106A487943FDF799FE94F8F2
:10E54000551068487943FDF793FE217A6648794370
:10E55000FDF78EFE94F8321064487943FDF788FE8B
:10E5600094F85C1062487943FDF782FEE17B6148D4
:10E570007943FDF77DFE94F839105F487943FDF744
:10E5800077FE94F863105D487943FDF771FEA17D35
:10E590005B487943FDF76CFE94F840105948794385
:10E5A000FDF766FE94F86A1058467943FDF760FE61
:10E5B000617F304601F00101FEF7BEFB94F8471081
:10E5C000284601F00101FEF7B7FB94F871104846A8
:10E5D00001F00101FEF7B0FB94F82410002079430C
:10E5E000FEF7ECF994F84E1002207943FEF7E6F9B5
:10E5F00094F8781003207943FEF7E0F90120002118
:10E6000016F0BAFD35480021FDF732FE34480021EE
:10E61000FDF72EFE33480021FDF72AFE3248002187
:10E62000FDF726FE31480021FDF722FE304800218B
:10E63000FDF71EFE2F480021FDF71AFE2E4800218F
:10E64000FDF716FE2D480021FDF712FE2C48002193
:10E65000FDF70EFE2B480021FDF70AFE584600216B
:10E66000FDF706FE00210846FEF7A8F90146022044
:10E67000FEF7A4F900210320FEF7A0F922480021AB
:10E68000FEF75AFB30460121FEF756FB28460121D2
:10E69000FEF752FB48460121FEF74EFB21200021E8
:10E6A00016F06AFD30460021FEF746FB28460021A1
:10E6B000FEF742FB48460021FEF73EFB0120002109
:10E6C00016F05AFD11480121FEF736FB20E000BF8D
:10E6D000333A0020353A002054AE0300CCAD03009D
:10E6E000BCAD0300ACAD03009CAD03008CAD0300DA
:10E6F0007CAD03006CAD03005CAD03004CAD0300CA
:10E700003CAD03002CAD03004CAE030044AE03004F
:10E71000A178DE487943FDF7ABFD94F82C10DC4876
:10E720007943FDF7A5FD94F85610DA487943FDF7D3
:10E730009FFD617AD8487943FDF79AFD94F833102C
:10E74000D6487943FDF794FD94F85D10D448794399
:10E75000FDF78EFD217CD3487943FDF789FD94F8C0
:10E760003A10D1487943FDF783FD94F86410CF48FF
:10E770007943FDF77DFDE17DCD487943FDF778FDD7
:10E7800094F84110CB487943FDF772FD94F86B1073
:10E7900058467943FDF76CFDA17F304601F0010139
:10E7A000FEF7CAFA94F84810284601F00101FEF776
:10E7B000C3FA94F87210484601F00101FEF7BCFA62
:10E7C00094F8251000207943FEF7F8F894F84F10DC
:10E7D00002207943FEF7F2F894F879100320794388
:10E7E000FEF7ECF80120002116F0C6FCA748002136
:10E7F000FDF73EFDA6480021FDF73AFDA5480021A2
:10E80000FDF736FDA4480021FDF732FDA3480021A5
:10E81000FDF72EFDA2480021FDF72AFDA1480021A9
:10E82000FDF726FDA0480021FDF722FD9F480021AD
:10E83000FDF71EFD9E480021FDF71AFD9D480021B1
:10E84000FDF716FD58460021FDF712FD0021084690
:10E85000FEF7B4F801460220FEF7B0F800210320CD
:10E86000FEF7ACF894480021FEF766FA3046012125
:10E87000FEF762FA28460121FEF75EFA48460121BA
:10E88000FEF75AFA2120002116F076FC30460021CE
:10E89000FEF752FA28460021FEF74EFA48460021BC
:10E8A000FEF74AFA0120002116F066FC8348012198
:10E8B000FEF742FAE17875487943FDF7D9FC94F800
:10E8C0002D1073487943FDF7D3FC94F85710714825
:10E8D0007943FDF7CDFCA17A6F487943FDF7C8FC79
:10E8E00094F834106D487943FDF7C2FC94F85E103B
:10E8F0006B487943FDF7BCFC617C6A487943FDF7BE
:10E90000B7FC94F83B1068487943FDF7B1FC94F8E4
:10E91000651066487943FDF7ABFC217E6448794376
:10E92000FDF7A6FC94F8421062487943FDF7A0FC7D
:10E9300094F86C1058467943FDF79AFCE17F304615
:10E9400001F00101FEF7F8F994F84910284601F0AA
:10E950000101FEF7F1F994F87310484601F0010146
:10E96000FEF7EAF994F8261000207943FEF726F81E
:10E9700094F8501002207943FEF720F894F87A10AA
:10E9800003207943FEF71AF80120002116F0F4FB6A
:10E990003E480021FDF76CFC3D480021FDF768FC76
:10E9A0003C480021FDF764FC3B480021FDF760FC7A
:10E9B0003A480021FDF75CFC39480021FDF758FC7E
:10E9C00038480021FDF754FC37480021FDF750FC82
:10E9D00036480021FDF74CFC35480021FDF748FC86
:10E9E00034480021FDF744FC58460021FDF740FC67
:10E9F00000210846FDF7E2FF01460220FDF7DEFF99
:10EA000000210320FDF7DAFF2C480021FEF794F9DE
:10EA100030460121FEF790F928460121FEF78CF9D6
:10EA200048460121FEF788F92120002116F0A4FBB9
:10EA300030460021FEF780F928460021FEF77CF9D8
:10EA400048460021FEF778F90120002116F094FBDA
:10EA50001B480121FEF770F921790C487943FDF735
:10EA600007FC94F82E100A487943FDF701FC94F84E
:10EA7000581008487943FDF7FBFBE17A06487943D3
:10EA8000FDF7F6FB94F835101CE000BFCCAD030099
:10EA9000BCAD0300ACAD03009CAD03008CAD030026
:10EAA0007CAD03006CAD03005CAD03004CAD030016
:10EAB0003CAD03002CAD030044AE03003CAE0300AC
:10EAC00034AE0300DE487943FDF7D2FB94F85F10C3
:10EAD000DC487943FDF7CCFBA17CDB487943FDF7AB
:10EAE000C7FB94F83C10D9487943FDF7C1FB94F873
:10EAF0006610D7487943FDF7BBFB617ED548794363
:10EB0000FDF7B6FB94F84310D3487943FDF7B0FB0B
:10EB100094F86D1058467943FDF7AAFB94F820103D
:10EB2000304601F00101FEF707F994F84A10284633
:10EB300001F00101FEF700F994F87410484601F065
:10EB40000101FEF7F9F894F8271000207943FDF74A
:10EB500035FF94F8511002207943FDF72FFF94F808
:10EB60007B1003207943FDF729FF0120002116F0D7
:10EB700003FBBA480021FDF77BFBB9480021FDF7F4
:10EB800077FBB8480021FDF773FBB7480021FDF77C
:10EB90006FFBAB480021FDF76BFBAA480021FDF796
:10EBA00067FBA9480021FDF763FBA8480021FDF79A
:10EBB0005FFBA7480021FDF75BFBA6480021FDF79E
:10EBC00057FBA5480021FDF753FB58460021FDF7F0
:10EBD0004FFB00210846FDF7F1FE01460220FDF73C
:10EBE000EDFE00210320FDF7E9FEA0480021FEF71D
:10EBF000A3F830460121FEF79FF828460121FEF7D1
:10EC00009BF848460121FEF797F82120002116F0D5
:10EC1000B3FA30460021FEF78FF828460021FEF7B0
:10EC20008BF848460021FEF787F80120002116F0F6
:10EC3000A3FA8F480121FEF77FF86179874879436D
:10EC4000FDF716FB94F82F1085487943FDF710FB6C
:10EC500094F8591083487943FDF70AFB217B8248D9
:10EC60007943FDF705FB94F8361075487943FDF7B5
:10EC7000FFFA94F8601073487943FDF7F9FAE17CE4
:10EC800071487943FDF7F4FA94F83D106F487943E1
:10EC9000FDF7EEFA94F867106D487943FDF7E8FA4E
:10ECA000A17E6C487943FDF7E3FA94F844106A4872
:10ECB0007943FDF7DDFA94F86E1058467943FDF775
:10ECC000D7FA94F82110304601F00101FEF734F82C
:10ECD00094F84B10284601F00101FEF72DF894F846
:10ECE0007510484601F00101FEF726F894F8281047
:10ECF00000207943FDF762FE94F852100220794318
:10ED0000FDF75CFE94F87C1003207943FDF756FE76
:10ED10000120002116F030FA50480021FDF7A8FA32
:10ED20004F480021FDF7A4FA4E480021FDF7A0FA54
:10ED30004D480021FDF79CFA41480021FDF798FA63
:10ED400040480021FDF794FA3F480021FDF790FA72
:10ED50003E480021FDF78CFA3D480021FDF788FA76
:10ED60003C480021FDF784FA3B480021FDF780FA7A
:10ED700058460021FDF77CFA00210846FDF71EFEEB
:10ED800001460220FDF71AFE00210320FDF716FEC2
:10ED900037480021FDF7D0FF30460121FDF7CCFFB9
:10EDA00028460121FDF7C8FF48460121FDF7C4FFB1
:10EDB0002120002116F0E0F930460021FDF7BCFFCC
:10EDC00028460021FDF7B8FF48460021FDF7B4FFB3
:10EDD0000120002116F0D0F926480121FDF7ACFFF3
:10EDE000A1791E487943FDF743FA94F830101C4886
:10EDF0007943FDF73DFA94F85A101A487943FDF724
:10EE000037FA617B18487943FDF732FA94F83710E6
:10EE10000B487943FDF72CFA94F8611009487943BF
:10EE2000FDF726FA217D08487943FDF721FA94F889
:10EE30003E1006487943FDF71BFA94F868101BE072
:10EE40008CAD03007CAD03006CAD03005CAD030032
:10EE50004CAD03003CAD03002CAD0300CCAD030072
:10EE6000BCAD0300ACAD03009CAD030034AE0300A9
:10EE70002CAE030024AE03009A487943FDF7F8F95D
:10EE8000E17E99487943FDF7F3F994F845109748E6
:10EE90007943FDF7EDF994F86F1058467943FDF783
:10EEA000E7F994F82210304601F00101FDF744FF24
:10EEB00094F84C10284601F00101FDF73DFF94F84D
:10EEC0007610484601F00101FDF736FF94F829104D
:10EED00000207943FDF772FD94F853100220794326
:10EEE000FDF76CFD94F87D1003207943FDF766FD76
:10EEF0000120002116F040F97D480021FDF7B8F906
:10EF00007C480021FDF7B4F97B480021FDF7B0F9FA
:10EF10007A480021FDF7ACF979480021FDF7A8F9FE
:10EF200078480021FDF7A4F977480021FDF7A0F902
:10EF300076480021FDF79CF96A480021FDF798F911
:10EF400069480021FDF794F968480021FDF790F920
:10EF500058460021FDF78CF900210846FDF72EFDEB
:10EF600001460220FDF72AFD00210320FDF726FDC2
:10EF700067480021FDF7E0FE30460121FDF7DCFE89
:10EF800028460121FDF7D8FE48460121FDF7D4FEB1
:10EF90002120002116F0F0F830460021FDF7CCFECC
:10EFA00028460021FDF7C8FE48460021FDF7C4FEB3
:10EFB0000120002116F0E0F8FEF7BBBF554BC92237
:10EFC0001978092016F0C6F83B283FF6D4A900238B
:10EFD000FFF7D2B9504B514F19783A78914202D08D
:10EFE0000B20FEF7D9BF4E4F59783A78914202D0A4
:10EFF0000C20FEF7D1BF4B4F99783A78914202D05E
:10F000000D20FEF7C9BF484B484F19783A78914216
:10F0100002D00E20FEF7C0BF454F59783A78914292
:10F0200002D00F20FEF7B8BF424B434F19783A7811
:10F03000914202D01120FEF7AFBF404F59783A7885
:10F04000914202D01220FEF7A7BF3D4F99783A783F
:10F05000914202D01320FEF79FBF3A4B3A4F1978E6
:10F060003A78914202D01420FEF796BF374F597874
:10F070003A78914202D01520FEF78EBF344F99782E
:10F080003A78914202D01620FEF786BF314B324FBC
:10F0900019783A78914202D01720FEF77DBF2F4FA2
:10F0A00059783A78914202D01820FEF775BF2C4F5C
:10F0B00099783A78914202D01920FEF76DBF294F16
:10F0C000294B3A7819788A4202D01A20FEF764BF99
:10F0D000264F274B3A7819788A423FF44EA91B20D5
:10F0E000FEF75ABF4CAD03003CAD03002CAD03004E
:10F0F000CCAD0300BCAD0300ACAD03009CAD030080
:10F100008CAD03007CAD03006CAD03005CAD03006F
:10F1100024AE0300343A0020A00700209F070020FF
:10F12000303A00202F3A00209C0700202E3A002081
:10F130002D3A002098070020970700202C3A002045
:10F140002B3A0020940700202A3A00209307002041
:10F15000293A0020900700208F0700208E0700200A
:10F160008D0700203D3A00203E3A00203B3A002027
:10F170003C3A002010B5094C0A44914200D110BD20
:10F1800011F8013B584003090001E35CC0B2434061
:10F1900018091B01205CDBB25840EEE740BA0300BF
:10F1A000014B1B68184700BFD403002030B585B061
:10F1B00004460D461022002168461BF08DF90223FB
:10F1C0008DF802302A46044B01932146684615F01B
:10F1D00063FD05B030BD00BFA1F1010080B505465B
:10F1E0000E461746984613F029FE03461BF084F995
:10F1F000DFF81890044649F8003042463046394658
:10F20000A84754F8090002F011F800BF08000000F8
:10F2100070B589B30668304616F0F4F8012201464D
:10F220000446304616F0B6F8C30708D4134914480C
:10F23000AF2216F074FBAF21104816F069FB21468F
:10F24000304616F0BDF8251829460022304616F043
:10F25000A1F82D1AAC4206D008490948B72216F089
:10F260005EFBB721E8E72146304616F0AFF82146AD
:10F27000BDE8704016F0EBB970BD00BF61BA030085
:10F2800053B803002DE9F84306681446B2680F46E8
:10F290004B1EB2F5004F34BF042108213B4010D073
:10F2A000C7F1000909EA0709494503F1FF3028BF02
:10F2B000494618420CD11F46BCB900252846BDE876
:10F2C000F8838F420FD82146BDE8F84316F001BA03
:10F2D0002C492D484FF4A27216F021FB29484FF417
:10F2E000A27116F015FB9946E6E7B2EBD40FE4D90C
:10F2F000E319591A104616F08FF80146304616F0F9
:10F30000E5F880460028D8D0B368B3F5004F34BF85
:10F310000423082309EBC0051D4435447B1E1D440E
:10F32000B5FBF7F57D43A5EB09052946304616F0F8
:10F3300069F82C44073424F00704A41B80450746D1
:10F340004FEAE40408D202464146304616F0F8F887
:10F350004146304616F039F93946304616F030F855
:10F360003844844208D239463046224616F0E8F83E
:10F370002146304616F029F901223946304616F06A
:10F3800025F89BE761BA030053B80300B2F5802F5C
:10F390002DE9F0410CD2042A20D83D493D484FF4D4
:10F3A000F97216F0BCFA4FF4F971394816F0B0FA58
:10F3B0000823D21ACC1D114424F0070421F00701C0
:10F3C000091B17294FEAD1060AD83149314840F2C2
:10F3D000FB1216F0A4FA40F2FB11E6E70423E8E77B
:10F3E000002704603146A660E760304616F01DF83D
:10F3F0000121421D8046304616F00EF89200D51DC0
:10F40000ED082844B0423AD8B8F1FF3FA2F110020B
:10F410003946B8BF3A4604F110001BF05DF82A46A1
:10F420003946204615F0EAFF3B463A463946204623
:10F4300015F0BBFFA6EB050820463946012215F062
:10F44000C5FF4246294615F0D9FF2B463A462946C4
:10F45000204615F0AAFF3146204615F0CFFF43465F
:10F460003A463146204615F0A0FF3146204601229B
:10F4700015F0ACFF2946BDE8F04116F0A6B80449E6
:10F4800004484FF4037216F04AFA4FF403718CE704
:10F4900061BA030053B803002DE9F84F044608464B
:10F4A000A38B1907164612D4022803F0070162D174
:10F4B000204616F05BF988B10138042800F2258156
:10F4C000DFE810F0590023017E00C800F500012894
:10F4D0000CBF43F0100143F02001A18304F114009C
:10F4E00011F014FD002800F0AB8086F31188BFF303
:10F4F0006F8FBDE8F88F03F00702501F01281ED858
:10F500000020062A2768C4E9000014D13A4603E027
:10F51000E08B0130E0831268002AF9D123F0070361
:10F5200043F00202A283204616F020F990B342F085
:10F530002002A2832EE023F007039AB2F2E7042A06
:10F5400033D123F007039AB2A283204616F00EF9B6
:10F5500010B142F02002A283A38B03F00709894572
:10F5600040F0DC80A18BCA0640F1228121F010031B
:10F57000A38301F00701D4F81880A38BB8F1000F22
:10F58000B9DA0022276823F00703C4E9002243F018
:10F590000103A383A38B03F00709894540F0BF80D3
:10F5A000002FDFD00025AA4640E08649864840F279
:10F5B0001B1216F0B4F940F21B11824816F0A8F99C
:10F5C00041B1804980484FF4AB7216F0A8F94FF46E
:10F5D000AB71F2E7236843B97A497B4840F257128E
:10F5E00016F09DF940F25711E7E723691D6845B908
:10F5F000744975484FF4AD7216F091F94FF4AD713E
:10F60000DBE7A38B23F0070343F006039BB2A3833E
:10F610000F4688464FF00609A268002A40F0818014
:10F62000002F40F08180002D9CD0BA4643F00803A3
:10F6300004F1140BA383584611F068FC002875D11F
:10F640006249614840F2311216F069F940F2311115
:10F650005E48B3E7022908D05A495B4840F25D1280
:10F6600016F05DF940F25D11A7E7E78B47B1554908
:10F6700055484FF4AF7216F052F94FF4AF719CE752
:10F6800023695D6845B94F494F4840F2611216F051
:10F6900046F940F2611190E7A38B23F0070343F092
:10F6A00004039BB2A383B8464FF00409B4E70129D1
:10F6B00008D0444944484FF4B27216F030F94FF480
:10F6C000B2717AE7236843B93E493F4840F2651278
:10F6D00016F025F940F265116FE723699D6845B979
:10F6E000384939484FF4B47216F019F94FF4B4712F
:10F6F00063E7A38B23F0070343F005039BB20027C6
:10F70000A383B8464FF0050986E72E492E4840F2FC
:10F710006B1216F004F940F26B114EE7002700253A
:10F720007AE74FF0010A81E792467FE786F3118876
:10F73000BFF36F8FBAF1000F17D14FBB15B124493A
:10F740002046A8474FF04003EFF3118683F3128859
:10F75000BFF36F8F584611F0CBFB08BB1B491A480B
:10F76000882216F0DCF8882172E7A1680029E4D02D
:10F770000E680029E1D0D1F804A043464A4620464D
:10F78000D0471EB1336831461E46F2E73346FAE7EA
:10F79000394643464A4620463F6816F013F8CCE700
:10F7A000584611F0C3FBA38B23F00803A383D9E6CB
:10F7B0008B067FF593AE21F02003A38301F00701B0
:10F7C00076E600BF82BA030053B80300A4BA030070
:10F7D000D5F70100F8B504460D4600F114064FF0C8
:10F7E0004003EFF3118783F31288BFF36F8F304626
:10F7F00011F07EFB40B90A490A48882216F08FF8BA
:10F800000748882116F084F8304611F08FFBA56177
:10F810003A4620460121BDE8F840FFF73DBE00BF53
:10F82000A4BA030053B803002DE9F04704460F467D
:10F8300015F0B8FF051E5EDB04F114094FF040031C
:10F84000EFF3118A83F31288BFF36F8F484611F0EC
:10F850004FFB804638B933493348882216F05FF8A9
:10F86000882130483CE0484611F060FBE38BA68BD2
:10F870004FF6FF72934206F007063FD0022E10D1DA
:10F880000133E3833546484611F040FB00283BD165
:10F890002449254840F2311216F041F840F2311166
:10F8A000DFE7062E13D8DFE806F0092C1212090450
:10F8B00009006FF085054FF00008E4E700233B6086
:10F8C00063687BB9C4E900777EB13546F3E7174931
:10F8D00015484FF4E47216F022F814484FF4E4711E
:10F8E00016F016F81F606760EEE7524602212046C8
:10F8F000FFF7D2FD35462846BDE8F0876FF00A05D0
:10F90000D9E76FF00405D6E78AF31188BFF36F8F4C
:10F91000B8F1000FEFD0002332463946204615F0EB
:10F9200051FFE8E7A4BA030053B8030082BA03000A
:10F93000F8B5054600F114064FF04003EFF31187C8
:10F9400083F31288BFF36F8F304611F0D1FA38B9C4
:10F9500020492148882215F0E2FF88211D4825E032
:10F96000304611F0E3FAAC8B04F00704022C12D0FD
:10F97000012C0CBF6FF004046FF08504304611F0C9
:10F98000C5FA08BB1349144840F2311215F0C7FFFD
:10F9900040F23111E2E7EB8B53B910490E4840F2C7
:10F9A000EF1215F0BCFF0D4840F2EF1115F0B0FF5B
:10F9B000013B9BB2EB83002BE0D13A46214628461F
:10F9C000FFF76AFD2046F8BD87F31188BFF36F8FFC
:10F9D000F8E700BFA4BA030053B8030082BA0300DB
:10F9E0002DE9F0410E460546002846D0002944D0B6
:10F9F00000F114074FF04003EFF3118883F31288EE
:10FA0000BFF36F8F384611F073FA38B91C491D489F
:10FA1000882215F084FF8821194816E0384611F035
:10FA200085FA31462846AC8B15F085FE78B104F096
:10FA30000704231F022B0CD91349124840F22D2230
:10FA400015F06DFF104840F22D2115F061FF6FF0A9
:10FA50007704384611F05AFA40B90949094840F28A
:10FA6000311215F05CFF40F23111D5E788F31188AF
:10FA7000BFF36F8F2046BDE8F0816FF01504F9E702
:10FA8000A4BA030053B8030082BA030008B5426861
:10FA9000816002F00302022A03460AD0032A4FF0D3
:10FAA000000103D0012A0AD1596006E018685960A4
:10FAB00008BD186800225A6050B90020F8E70649CE
:10FAC0000648452215F02BFF0348452115F020FF7D
:10FAD00014F016F8F1E700BFD1BA030053B80300E1
:10FAE0002DE9F34180460E46154600272A4601A916
:10FAF000404615F0A4FE31460446024601981AF02D
:10FB0000C3FC2D1B2744264401D0002CEED13946DE
:10FB1000404615F0B3FE40B106490748492215F0AA
:10FB2000FEFE0448492115F0F3FE384602B0BDE858
:10FB3000F08100BFF4BA030053B803002DE9F3418C
:10FB400080460D4616460027324601A9404615F06C
:10FB5000AAFE04462DB10246019928461AF094FCEB
:10FB60002544361B274401D0002CEDD139464046B0
:10FB700015F0B9FE40B1064906488E2215F0CFFEB9
:10FB800003488E2115F0C4FE384602B0BDE8F0816E
:10FB9000F4BA030053B8030008B504464FF040021E
:10FBA000EFF3118382F31288BFF36F8F0DF0FAF930
:10FBB000204601F0E5FA034815F0DFFB01F070FC88
:10FBC000FCE700BF1CBB03002DE9F7430F460646C8
:10FBD0000821C06ADFF8509015F047FF3C68241AEE
:10FBE00080463C6004EA0905AC4203D8002003B01B
:10FBF000BDE8F08308236A462146304615F0A8FE8A
:10FC00000028F4D16946304615F039FF40B1BDF8FF
:10FC10000230BDF804203C6005EA090513441D4488
:10FC2000A4EB0804E0E700BF0000FFFF2DE9F04768
:10FC3000044688B000F1140738461AF0C4F9A06AE7
:10FC40008368DB689847E06248B9AC48452116F004
:10FC5000D2F86FF01505284608B0BDE8F087A06A15
:10FC60008368DB6898470368013B1F2B02D9A448CF
:10FC70004521ECE7A06A216805AA19F096F810B1B1
:10FC8000A0484521E3E7A5892DB1069BB5FBF3F21A
:10FC900003FB125515B19C484521D8E7E389012B98
:10FCA00002D89A484521D2E7E36A009593F8049078
:10FCB0004FF0FF334FF0FF32384611F0D3F9E06ACE
:10FCC000082115F0D2FEA8460646E3891FFA85FAF8
:10FCD000534508D8E389434523D1384611F050F9FC
:10FCE0006FF02C05B7E7A1892B04891B13FA81F16A
:10FCF0004A4608232046009115F078FE78B16946FF
:10FD0000204615F033FE08F10108009908234A4601
:10FD100020461FFA88F815F069FE0028DAD0013570
:10FD2000D3E753450BD1009908234A46891B204647
:10FD300015F05CFE18B96946204615F017FE6946B5
:10FD40002046FFF741FF054618B1384611F018F973
:10FD500081E7009B63604FEA13484FEA0848C4F804
:10FD60000880D4E9011399420FD3082301AA204641
:10FD700015F0EEFD05460028E7D101AB13F8012B85
:10FD800091453CD10135082DF8D163681B0C1B044B
:10FD900069462046009315F0E9FDA38900994A467B
:10FDA000204615F023FE051ECFDB636869D006EB05
:10FDB00003084FF6FF79A389CDF800801FFA88F277
:10FDC0009B1B9A4237D35248492116F014F86168B8
:10FDD000204615F030FE05460028B6D163684D4A2E
:10FDE000A18913400B44A3EB460363601340A36057
:10FDF000204615F028FF0546002D5ED0A5E701A995
:10FE0000204615F03CFE626810B9921B6260A8E7BC
:10FE1000BDF80850BDF80610E06AC4F8088029440F
:10FE200015F023FE40449042A060EED1002DECD0AE
:10FE30006FF01C057AE0082303AA4146204615F01E
:10FE400087FD0546002880D103A9204615F017FE3E
:10FE500038B1BDF80C304B4503D1BDF81030002B44
:10FE60006AD0B044A7E75B1A4A46204615F0BEFDAB
:10FE7000051EFFF66AAF08D0E26AA3681268134451
:10FE8000A360D4E901318B42EDD86168A38901EB0D
:10FE900046029A42B0D1DFF87C80A26801EA0803EA
:10FEA0009A42A9D0204615F0C6FD054600287FF4E9
:10FEB0004CAF636803EA0803A360A389A288A3EB9D
:10FEC00046039A422ED0384611F05AF80123E289AF
:10FED000114823744921A38915F08DFF62680F48EA
:10FEE00093B24921120C15F086FFA2680C4893B218
:10FEF0004921120C15F07FFF0025ACE65EBB030024
:10FF000085BB0300A7BB0300C4BB0300DDBB03002C
:10FF10004EBC03000000FFFF05BC030021BC030032
:10FF200038BC0300204615F077FE0546384611F030
:10FF300027F8002DCAD08EE60848492115F05BFF4E
:10FF400063681B0C1B0469462046009315F00EFDE8
:10FF50000099204615F06FFD4DE700BF7ABC030005
:10FF60002DE9F04F1D46037C89B004468946904632
:10FF70004BB96448452115F03EFF6FF00C06304642
:10FF800009B0BDE8F08FC26A0821104615F06DFD7A
:10FF900029468246104615F068FDA389A3EB8A0323
:10FFA0009D42074600F2AB801DB1B8F1000F00F092
:10FFB000A6806368039304AA03A92046DDF80CB069
:10FFC00015F095FD06460028D9D1BDF810304B45F7
:10FFD00005D06268039B9A42EDD1E5B9CFE704A949
:10FFE000204615F04CFD0028F3D0BDF81200BDF8F6
:10FFF000143075B19D420ED14FEA1B4109040144F2
:020000040002F8
:100000002B464246204615F0BEFC002803DC06467F
:10001000B5E7002BB3D0002F3ED104F114030193B8
:100020004FF0FF324FF0FF3304F1140011F01AF8D3
:10003000DFF8D4B0E3899E425ED0D4E90123F918F9
:100040008A422CD3ADF81A3006A8FF238DF81E3053
:10005000ADF81890ADF81C5015F0BFFCA1682B4608
:100060004246204615F08DFD29468246E06A15F08D
:10007000FCFCA2680244A260BAF1000F07D106A9F5
:10008000204615F0B8FD002814BF8246AA46019804
:1000900010F076FF564672E75744BFB2BDE7E06AFC
:1000A000082115F0E2FC4FF6FF73ADF8183000217F
:1000B0008DF81E30A389ADF81C10111802EA0B024E
:1000C0001A44101A606006A8ADF81A1015F085FCE5
:1000D00006A9204615F08FFD211D204615F046FC8F
:1000E000636803EA0B03A360204615F0ACFD82466B
:1000F0000028CCD101369DE76FF01B0AC7E76FF0EF
:1001000015063CE745BB03000000FFFF2DE9FF4754
:100110001E46037CBDF8309004460F46904643B916
:100120002C48452115F067FE6FF00C0004B0BDE8C7
:10013000F087C06A082115F098FCA389A3EB40035F
:100140009E4243D8D4F804A0CDF804A00025A945C8
:100150005146DDF804A009D2636853451ED1BDF8AD
:100160000830BB421AD06FF00100DFE702AA01A9F4
:10017000204615F0BCFC0028D8D1BDF80830BB42A1
:1001800006D102A9204615F07AFC08B10135ADB2BE
:100190006268019B9A42DAD15146E0E7BDF80C3023
:1001A000002BE0D0A945DED8BDF80A00090CB34207
:1001B0004FEA014128BF334601444246204615F02C
:1001C000C7FB0028B2D1BDF80C00AFE76FF01500F7
:1001D000ACE700BF45BB03002DE9F84FDFF898906E
:1001E00080460F4616461446BD192D1B0CB9BDE8B6
:1001F000F88F08F1FF33032B98BF19F803101F483D
:10020000DFF87CA088BF3F2115F0B7F84FF0000B56
:100210005C4528D915F80B10504615F0AEF80BF1D7
:10022000010BBBF1080FF3D11648DFF85CB015F0F5
:10023000A4F84FF0000A544519D915F80A10A1F195
:1002400020025F2A28BF2E21584615F096F80AF1A1
:10025000010ABAF1080FEED10C4815F08EF8072C00
:10026000C5D9083CC0E70A4815F087F8D7E7094820
:1002700015F083F8EBE700BFAFBC03009BBC0300A5
:10028000A0BC0300AABC0300ACBC0300BDF6030085
:10029000A6BC0300A8BC0300014B0360002070470C
:1002A00064AE030070B5114B1C680D46DCB1104BF9
:1002B000196800238B4202DB6FF0010070BD2246FB
:1002C00012F8106B864202D001331446F2E7E06860
:1002D00010B96FF01200F1E719F033FE0028F8D0E2
:1002E0002C600020EAE76FF00C00E7E73C040020F8
:1002F00054AF030070B588B005460C46C0B26946DD
:100300001646FFF7CFFF00281BDB0098C8B14368F3
:100310000293836822680195CDE903360023CDE975
:1003200006230593C56815F073FD6DB1284608498D
:1003300001AA18F03EFD079808B9059B236008B094
:1003400070BD6FF01500FAE76FF01200F7E700BF1D
:10035000AF5E030010B543680A689A420C4607D99D
:100360000548452115F047FD00231846636010BD80
:100370004A6801201344F9E7D2BC03007FB5054663
:10038000C06801AA18F011FD044638B102464521A3
:100390000D4815F030FD204604B070BD01992B6A60
:1003A0008B42F8D0E868029A83689B6898470646B3
:1003B00030B102464521054815F01DFD3446EAE7F7
:1003C000019B2B62E7E700BFF7BC03001DBD0300E4
:1003D000F8B58168054600293CD0D0E904360139DA
:1003E0001E443144FFF7CAFF041E07DA2B48334688
:1003F0002246452115F0FFFC2046F8BDE86815F0BF
:1004000078FDAC68B4FBF0F300FB13445CB1041B53
:10041000E8688368DB6898472F68AB6801792246F3
:10042000F8181AF059F8AB68E8682A68234481681C
:100430004C683146A047044620B10246334618486E
:100440004521D7E7EB695BB92B69AA6813442B6197
:100450000023AB600024CFE7135DDB431355013469
:10046000AB682A689C42F7D3E86881680C6831461B
:10047000A047044628B102460A48452115F0BBFCB6
:10048000BAE7EB69A968286832469847044600280D
:10049000DAD0024645210448F0E700BF3EBD030024
:1004A00071BD03009ABD0300B5BD03002DE9F743FC
:1004B0000D46DDE90A8691461F46044680B179B1B2
:1004C00072B1009308460023019315F012FDB7FBAB
:1004D000F0F303FB107040B11948452115F08BFC77
:1004E0006FF00D0003B0BDE8F08316496A46284658
:1004F00018F05FFC019B002BF2D008EB0602934240
:1005000002D211484521E9E7284615F0F2FCB8FB74
:10051000F0F303FB10800028F3D1C4E90097E560F5
:100520002061A060C4F8148016B9019EA6EB0806ED
:100530000C9BE3614FF0FF33A66123620020D1E7FB
:10054000CEBD0300550302000ABE03002DE9F041B1
:100550000F4B1C6805460E461746ACB14FF0FF32F4
:100560004FF0FF330B4810F07DFD63683246D3F83F
:10057000088029463B462046C0470446054810F0FF
:10058000FFFC2046BDE8F0816FF00104F9E700BFF1
:1005900050300020FC09002000230360044B5A68FF
:1005A00012B9C3E90000704710605860704700BF7F
:1005B00054300020014B1860704700BF50300020BD
:1005C00030B585B000230546CDE9023301904FF0E8
:1005D000FF330C484FF0FF3210F044FD0A4B1C680B
:1005E0004CB9284600F0DCF80446064810F0C8FC78
:1005F000204605B030BD636820461B6801A99847B6
:100600002468EDE7FC090020543000201FB5CDE937
:10061000010103924FF0FF330A484FF0FF3210F010
:1006200021FD094B1C682CB9064810F0A9FC204696
:1006300004B010BD636820461B6801A99847246870
:10064000F1E700BFFC09002054300020024B0022DB
:10065000C3E90022704700BF54300020024B002243
:10066000C3E90022FFF7F2BF5C3000202DE9F74319
:1006700007460C4609B100230B60244DDFF890902B
:1006800000264D4520D923492348942215F047F9E7
:100690002048942115F03CF9D5F8008001AA414684
:1006A000384615F0B8FC50B116B954B92E4606E0DC
:1006B00031680022404615F0AEFC0028F5D1143513
:1006C000DFE7019B2360F1E7E6D3144B1D68C5B15A
:1006D00055F8148C01AA41463846143D15F09BFC90
:1006E00050B116B954B92E4606E031680022404692
:1006F00015F091FC0028F5D16D69E8E7019B2360B6
:10070000F1E7304603B0BDE8F08300BF90A90300D5
:1007100008AA030030BE030053B803005C30002079
:100720002DE9F341DDF82080019004460D46164680
:100730001F46B8F1000F07D0D8F80010C1B9D8F89B
:1007400004E0BEF1000F1CD101A92046FFF78EFF87
:1007500098B1D0F8088001983B4632462946C047F8
:10076000034650B10D482246452115F044FB04E0F4
:1007700001AA15F050FC0028E1D1002002B0BDE82C
:10078000F081D8F808300198089332463B46294654
:10079000F44602B0BDE8F041604700BF62BE03000E
:1007A000F8B51D4C1D4F06460025BC421BD91C49FF
:1007B0001C48F42215F0B3F81948F42115F0A8F8F4
:1007C0002EB9E3685BB9284614340546EDE7206886
:1007D0000022314615F01FFC0028F2D1F3E79847BC
:1007E000002DF0D1F0E7EBD30F4B1C6894B1143C13
:1007F0001EB9E3684BB96469F8E720680022314606
:1008000015F009FC0028F4D1F5E79847002D08BF42
:100810000546F0E72846F8BD90A9030008AA0300A2
:1008200030BE030053B803005C30002038B50C4DD7
:100830000C484FF0FF334FF0FF3210F013FC2B78D1
:100840003BB9FFF70BFF00F06DF8044610B9012328
:100850002B700024034810F093FB204638BD00BFE6
:10086000C93A0020FC0900202DE9F047048FDFF889
:10087000B0A0013498B006468946A4B200F108073A
:10088000651EADB2B5F5004F47D04A2305AA2946EB
:10089000384615F0A9FA04F57F543F34A4B28046D7
:1008A000214601230DF10B02384615F09DFAB8F1EF
:1008B000000F014610DC002810DC338FAB4209D159
:1008C00032466B1E22F8383F4FF40041022338466F
:1008D000FFF746FB2C46D3E7002808DC29463846BC
:1008E00015F07EFA2146384615F07AFAE5E708F168
:1008F00060030DEB0308002308F84C3C5246CDF88A
:10090000009003AB05A80397ADF81040FFF708FF70
:100910000028DFD018B0BDE8F0870020FAE700BF5C
:10092000876003007FB50123694606200193FFF726
:10093000B9FC044660BB02AA01A90620FFF7DAFC55
:10094000044610B110F10C0F22D10399B1F5803F8C
:1009500023D2009A002394681846084484421AD38C
:100960000133082BF9D10E4DA982EB825368AB609D
:100970002846D368EB6315F01EFC044640B9094EC7
:100980006E602846FFF708FE28466E60FFF712FEED
:10099000204604B070BD9BB2E5E76FF02004F7E796
:1009A00064300020D8030020034B9B681BB1481E15
:1009B00018BF012018477047A430002010B51C460E
:1009C000034B1B6811460BB122469847204610BDC9
:1009D000A4300020024B5B6803B11847704700BF8A
:1009E000A430002030B1044B02681A6042685A609B
:1009F00082689A6000207047A430002070B586B0ED
:100A00000E461546002104461822684619F064FD7A
:100A10000B490C4BADF80C50CDE9011604932CB9E1
:100A20006946204608F0D2FC06B070BD012220467F
:100A300008F002FA0028F3D16FF01500F4E700BFC8
:100A40008CAE0300D50902004B1E59425941014B9F
:100A500019707047CB3A002008B5012BBDF808107B
:100A60000CD171B90A4B1B680BB9012008BD107875
:100A7000012809D800F001009847F6E76FF00C0054
:100A8000F4E76FF00600F1E76FF01200EEE700BF49
:100A9000B03000202DE9FF411F460D4B0546586838
:100AA0000C46164680B1D1F80C808047094B18706F
:100AB0000123CDE90183BDF82830009332463B463F
:100AC0002146284617F0C0FB04B0BDE8F08100BF06
:100AD000B0300020CA3A00200449431E0F3013F8FA
:100AE000012F8A5C1A708342F9D170479ABE0300C5
:100AF000F0B5264E07460C460FCE8DB001AD0FC5A2
:100B00000FCE0FC596E8070085E807003846002F8E
:100B100038D0002C38D0381F2146024610344B788C
:100B20000D781B0443EA0563CD782B438D7804319F
:100B300043EA05238C4242F8043FF0D1144C0421CF
:100B40008A07036916D1C3F30742A55C1A0EA25C9B
:100B500042EA0562C3F30725DBB2655DE35C42EA66
:100B6000054242EA032221F0030330336B4453F879
:100B70002C3C534050F8042F013153402C29036181
:100B8000DED101200DB0F0BD2046FBE734AA030002
:100B90009ABE030000F1744000F5A6000B289ABF2E
:100BA000024B18566FF00D00704700BF9ABF03004C
:100BB00037B505460C46C9B18B680093D1E90023CF
:100BC0000E48452115F017F963690093D4E9032312
:100BD0000B48452115F00FF9E2690A48452115F047
:100BE0000AF9A2690848452115F005F92146284669
:100BF00003B0BDE830400FF051BD00BFA6BF0300F9
:100C0000DABF03000EC0030022C0030030BFFFF7AD
:100C1000FDBF00BF114B124A2DE9F041D518DFF896
:100C20004480013DB5FBF3F55D430F4B08EB030436
:100C3000013CB4FBF3F403FB04540E1B07460B49C1
:100C4000304619F021FC701942460021083E19F087
:100C500043FC7E6704F10800BDE8F081010000005C
:100C600000000000080000000400000018AA0300B3
:100C7000044B99685869884203D003494FF0805269
:100C80000A6070472C38002004ED00E02DE9F8439D
:100C90003D4D804689463D484521174615F0ABF845
:100CA000AB6ADA0626D53A48452115F0A4F8112496
:100CB000AB6A1B0704D53748452115F09CF8122470
:100CC000314DAB6A9E0717D53348452115F093F88F
:100CD0006E6BAB6A1C0645D530483246452115F08F
:100CE0008AF8B9F1000F03D0AB6A23F08003AB623E
:100CF000132403E01024DBE76FF01506224DAB6AE6
:100D0000D80704D52648452115F075F81424AB6A98
:100D1000990604D52348452115F06DF815241A4D80
:100D2000AB6ADA0602D4AB6A9B070AD56B68180572
:100D300007D54146304600F07BFBB0B180F309880F
:100D40000224114B9A6A920642BF5A6A22F4005258
:100D50005A629A6A42F0FF029A6200233B70204670
:100D6000BDE8F8836FF01506C2E7AB6AD906E8D58F
:100D70000D490E4840F25D1214F0D1FD0A4840F2D0
:100D80005D1114F0C5FD00BF00ED00E055C003008B
:100D900070C00300A8C00300C0C00300DDC0030092
:100DA000F8C003001CC1030050C1030053B8030086
:100DB00010B5204C2048452115F01DF8A36A990173
:100DC00036D51E48452115F016F81E20A36ADA0113
:100DD00004D51B48452115F00EF81F20154CA36AB9
:100DE0001B0304D51748452115F005F82120A36AF7
:100DF000590304D51448452114F0FDFF22200D4C61
:100E0000A36A9A0304D51148452114F0F4FF232066
:100E1000A36ADB0304D50E48452114F0ECFF24201F
:100E2000044A936A6FEA03436FEA1343936210BD67
:100E30001D20CBE700ED00E082C103009FC103004D
:100E4000B7C10300D6C10300F9C1030023C20300E8
:100E500042C2030070B5284C06460D46274845217E
:100E600014F0C9FFA36AD9043BD52548452114F0E5
:100E7000C2FF1720A36A1A0504D52248452114F0A1
:100E8000BAFF18201C4CA36A9B0511D51E484521AA
:100E900014F0B1FFA26BA36A180408D51B484521C2
:100EA00014F0A9FF1EB1A36A23F40043A362192022
:100EB000114CA36A590504D51548452114F09BFF30
:100EC0001A20A36ADA050ED51248452114F093FFC3
:100ED0001B20094A936A43F47F43936200232B70DB
:100EE00070BD1620C6E7A36A9B04F2D50A484521C7
:100EF00014F081FF1C20ECE700ED00E072C203005B
:100F00008DC20300A8C00300A3C20300C1C2030036
:100F1000DBC20300FBC203001CC10300F0B56D4B34
:100F2000044658688BB0C0F30803002585F3118888
:100F3000BFF36F8F02F07F46B6F17F4F07D102F00B
:100F40000C06082E0ED16448452114F054FF634965
:100F500063484FF48B6214F0E2FC4FF48B615F48FE
:100F600014F0D6FC16074CBF0C460125002CEED021
:100F70000026DA1E8DF80760092A00F29980DFE862
:100F800002F0058C9077979797979794554845214D
:100F900014F031FF8DF807604E4EF36A9A0705D5BD
:100FA0005148452114F027FF002329E0F36A002B64
:100FB00002DA4E484521F5E7F36A5B0064D54C48F8
:100FC000452114F018FF7369A26943F480737361BB
:100FD000BFF34F8FBFF36F8F736932F8022C23F486
:100FE00080737361BFF34F8FBFF36F8F4DF6027342
:100FF0009A4224D122683F48452114F0FCFE236820
:101000009DF80720CAB902AE04F120072068616884
:10101000324603C20834BC421646F7D1099A002D65
:1010200052D0C2F3080121B96FEA52226FEA42227C
:10103000099202A91846FFF7BBFD0BB0F0BDB36AD9
:10104000DBB23BB10DF1070201212046FFF71EFE86
:101050000346D5E7B36A13F47F4F05D00DF10701BE
:101060000120FFF7F7FEF3E7B36AB3F5803F02D341
:10107000FFF79EFEECE71949194840F22A3214F0B6
:101080004EFC40F22A316AE71449154840F22E32EC
:1010900014F045FC40F22E3161E70DF1070200210A
:1010A000D3E70DF107010020DBE71348452179E77D
:1010B0001249134A10F4F87F08BF0A461148103B42
:1010C000452114F098FE6FE722F4FF7222F001022E
:1010D000AEE700BF00ED00E046C3030050C10300CF
:1010E00053B8030076C3030092C30300B8C30300E0
:1010F000CBC30300EFC3030010C4030018C30300F5
:101100002DC3030039C40300024A536943F010039E
:101110005361704700ED00E0EFF30880EFF30981C1
:1011200001B57246FFF7FAFE01BD00BF002080F353
:101130001488BFF36F8F00F0C9FB00200D490860D1
:10114000BFF34F8F0C4880F3088800F03DF8402033
:1011500080F3118809484FF40461401880F309882E
:10116000EFF314800221084380F31488BFF36F8FDC
:1011700000F026F994ED00E0C07D0020806F002093
:10118000BFF34F8F0549064BCA6802F4E062134370
:10119000CB60BFF34F8F00BFFDE700BF00ED00E065
:1011A0000400FA050749D1F890200023C2F3072272
:1011B0001846934200DB7047C1F89830C1F8A00090
:1011C0000133F6E700ED00E008B572B6002383F3C3
:1011D0001388FFF7E7FF144B4FF0FF32C3F880206E
:1011E000C3F88420C3F88820C3F88C20C3F890206B
:1011F000C3F89420C3F89820C3F89C20C3F880213A
:10120000C3F88421C3F88821C3F88C21C3F8902146
:10121000C3F89421C3F89821C3F89C2162B6BFF3A8
:101220004F8FBFF36F8F08BD00E100E0084B9B6854
:1012300083420BD1EFF3058343B1064B5A6842F06A
:1012400080525A605A6A22F400425A6211F0FCBD80
:101250002C38002000ED00E0094A93686FF00A0185
:10126000D967084998674B6843F080534B60002367
:1012700083F31188BFF36F8F9368D86F704700BFF7
:101280002C38002000ED00E015498A684FF030004E
:101290001044EFF3098C80E8F01F402080F312889F
:1012A000BFF36F8F0F4F4FF000664A698A603E6050
:1012B0004FF07404141920680B4C2060906F0023C9
:1012C000936780F3118804B5104600F02FF9BDE84C
:1012D000044002F1300090E8F01F8CF30988704759
:1012E0002C38002004ED00E0B83000201EF0040F80
:1012F0000CBFEFF30880EFF30980816911F8021C3D
:101300000229FFD001B515F0A1F901BD40B20028B6
:1013100007DB044A4109012300F01F00834042F823
:101320002130704700E100E040B200280CDB4309A7
:10133000064900F01F0020330122824041F823209B
:10134000BFF34F8FBFF36F8F704700BF00E100E026
:10135000054B420900F01F0053F82220012303FA35
:1013600000F01040704700BF00E100E008B5D3076F
:101370000BD40231072909D90E490F48582214F01D
:10138000CEFA0C48582114F0C3FA002140B20028CC
:10139000ACBF00F16040094B4FEA4111B8BF00F00B
:1013A0000F00C9B2AABF00F56140195480F80013BC
:1013B00008BD00BF51C4030053B8030014ED00E0A2
:1013C0000B4A08B50B4B22F07F029A60BFF34F8F98
:1013D000BFF36F8FD3F8882022F47002C3F88820FF
:1013E0000FF0F8F911F0E4FD00F074F80FF044FA92
:1013F00000C2000000ED00E042F8203C009B42F8F3
:101400001C3C0A49019B42F8183C029B42F8143CE0
:1014100021F001014FF0807342F8043C42F8081CAF
:101420000023203A02658367704700BFDDF10100A9
:10143000094A0346906870B113F1160F406E05D04B
:10144000A0F140029A4205D8834203D2814228BFCC
:1014500000207047002070472C38002008B5144643
:101460000A4A0B4B9060426F1A600D4600F05EF81E
:10147000204685F30988002163B681F31188BFF304
:101480006F8F00220023FDF7A9FE00BF2C3800203B
:10149000B8300020014910220A60704710ED00E0CA
:1014A00072B6404080F31188BFF36F8FBFF34F8F48
:1014B00030BF62B6BFF36F8F704700BF72B649404E
:1014C00081F31188BFF34F8F20BF80F3118862B67C
:1014D000704700BF044800234021C2180133272B66
:1014E00082F80013F9D1704700E100E001B5EFF395
:1014F0000580A0F110004FEAC0000449014409C969
:101500009847BDE8014002490847000084A603004F
:10151000710C0200024B034A0348012100F07CB821
:101520000000012000000020C8AF0300426E054B00
:10153000403A1A60044A4021C3E9011218460121C9
:1015400000F086B8BC30002000000B15084AC2F835
:1015500098000B6823F01F03034343F01003C2F805
:101560009C308B6843F00103C2F8A030704700BF85
:1015700000ED00E02DE9FF410F4698461446054670
:101580000026BE420EDA686840B3B8F1000F12D0F0
:10159000431E18420AD013483246452114F02BFC52
:1015A0006FF01504204604B0BDE8F0811F28F2D981
:1015B0002A681342EFD12B68019315F056F8AB68F7
:1015C00003430393E3B2072B03D90748224645217F
:1015D000E4E7204601A9FFF7B9FF013401360C35D5
:1015E000CFE700BF8CC40300B4C40300044B052242
:1015F000C3F89420BFF34F8FBFF36F8F704700BFC6
:1016000000ED00E0BFF35F8F024B0022C3F894208F
:10161000704700BF00ED00E010B50A4C01232278AE
:10162000FFF7A8FF207016300AD10749074840F29B
:101630006D1214F074F9044840F26D1114F068F959
:1016400010BD00BFCC3A0020DFC4030053B8030034
:1016500008B50F4A00231278FFF78CFF10F1160F20
:1016600004D00C4B002207280BDD08BD0A490B48AB
:101670004FF4C67214F053F907484FF4C67114F0D2
:1016800047F9C3F89800C3F8A0200130EBE700BF8A
:10169000CC3A002000ED00E0DFC4030053B80300A3
:1016A0002DE9F043614D2C68082C85B00AD96049BA
:1016B00060484FF4D27214F032F94FF4D2715C48A2
:1016C00014F026F9FFF79EFF00200C2684421DD15E
:1016D000594EDFF8688134706846FEF7DDFD00255D
:1016E0000746AF4219D1FFF781FF554BD3F8903031
:1016F000C3F30723082B00F095804D494D4840F275
:101700000F2214F00CF940F20F21D8E7696806FBAC
:101710000011FFF71BFF0130D8E7009A02EB051319
:101720002901D3F80C9009EA0804B4F5000F5CD045
:1017300015D8B4F5001F36D0B4F5800F49D0B4F5F4
:10174000801F1CD03F48452114F055FB38493948CB
:101750004FF4E77214F0E3F84FF4E771AFE7B4F138
:10176000807F4CD0B4F1007FECD198685C6852580F
:1017700014F07BFFCDE9014240F480200AE0986834
:101780005C68525814F071FFCDE9014240F0885076
:1017900040F4302003903278072A3AD92A4845216C
:1017A00014F029FBD2E798685C68525814F05DFF8A
:1017B00040F0885040F4002019F0010FCDE90142BB
:1017C0000390E8D01A491B48702214F0A8F8702141
:1017D00075E798685C68525814F047FF40F0007055
:1017E000CDE9014240F40030D4E798685C68525873
:1017F00014F03BFFCDE9014240F08270CAE79868DF
:101800005C68525814F031FFCDE9014240F0887015
:10181000C0E701A91046FFF799FE33780133337012
:1018200001355EE7002005B0BDE8F083D4AF0300CA
:10183000DFC4030053B80300CC3A00200000F0FFDF
:1018400000ED00E00EC50300B4C40300054C0648DB
:10185000214608B5E02214F062F8E021204614F099
:1018600057F800BF44C5030053B8030008B5044847
:1018700013F083FD404080F311884FF0020002DF37
:1018800076C5030008B50649064821F00701C1F1F5
:10189000005202F58032FDF779FD002008BD00BF3F
:1018A00077D90020C8300020024B0122C3F8402520
:1018B0000020704700E0014020B1034B800143F05D
:1018C00001031847704700BFC0AC03000CF0D4BF41
:1018D00038B50B4C0B4DAC420ED90B490B48DE22F0
:1018E00014F01DF80848DE2114F012F854F8043BF7
:1018F000002BF0D09847EEE7F8D3002038BD00BFAA
:1019000008AA030018AA030098C5030053B80300EF
:1019100070B5104B0546186818B10268CC0010B9B4
:1019200070BD0246FAE74389AB4208D103898B4276
:101930000CD943681E59181956B9406840B91AB1F4
:10194000136810461A46EAE71346FAE70020E7E76D
:101950001819E5E7D43000200A4B1B681BB11A6840
:101960001BB9184670471A46FAE75989814206D0D2
:101970001AB1116813460A46F2E71146FAE7D86829
:10198000704700BFD430002000230360044B5A6826
:1019900012B9C3E90000704710605860704700BF7B
:1019A000D43000202DE9F04F05468BB00E4601F1F2
:1019B0000C09348A34B92968304614F0FAFF2968D2
:1019C00000207AE0072C40F2EC80F2681068516841
:1019D00006AB03C3BDF81A305BBA1FFA83FAADF841
:1019E0001A30BDF81C305BBA9AB208214846ADF8EF
:1019F0001C3005920AF08AF8338A5345C0F0D5802E
:101A00009DF8188018F0050440F0D380296830460E
:101A100014F0BBFF0746002800F0CD80686840F84E
:101A2000046B338ACDE9014401220092F26804215B
:101A300018F091F9A868394614F04DFE9DF8182069
:101A4000D5F808B0C2F3C102012ACBF84C4000F22D
:101A5000AA809DF81F100598FFF75AFF00287ED036
:101A60009DF8182012F007022DD0022A42D003243C
:101A7000A868394614F02FFED5F8089009F104083B
:101A80000221404618F035FA00286CD04B4902225A
:101A9000404618F013FA002865D02146404618F059
:101AA000F1F90221002860D1404618F02AFA29688D
:101AB000304614F07EFF2968384614F07AFF20463D
:101AC0000BB0BDE8F08F0468A868002C47D00F2148
:101AD000043018F00EFA002843D02846A0470446E8
:101AE000A8680F21043018F00CFA28B9002C08BFA0
:101AF0000724BDE74468E7E7002CB9D1BBF84E40A6
:101B00008CB118F0180F0ED1BBF84C00FFF724FF72
:101B1000034608B90124ABE720469847044698B12C
:101B2000002F43D0A4E7DBE90012C968521A083A33
:101B300006A808A914F0B2FDDBE90023D0681B1A3F
:101B40001382A86814F0E1FD2B683846DB6A9847D9
:101B5000044658BB5146484609F0D8FF29E70824F7
:101B600086E7072484E702219EE7404618F0C9F97A
:101B700000289CD0D9E90032DB68D21A08A9083ABB
:101B800006A814F08BFDD9E90023D0681B1A138234
:101B9000A86814F0BAFD2B683846DB6A984700271E
:101BA00085E7092407E70D2462E709243746002664
:101BB0005EE70824FAE70224F8E700BFCEC5030079
:101BC00070B504460E4615468AB3A0F84810A0F832
:101BD0004A201849032218F071F918B9002000F0C2
:101BE000010070BD0221204618F083F90028F5D0CD
:101BF00011490522204618F061F90028EED031463F
:101C0000204618F049F90028E8D00C490222204665
:101C100018F054F90028E1D02946204618F03CF984
:101C20000028DBD00221204618F06BF9D7E701200D
:101C3000D7E700BFD1C50300D5C50300CEC503005B
:101C40002DE9F04192B014F0E3FD041E57DB01A929
:101C5000E0B2FEF727FB031E09DA22462948452198
:101C600014F0C9F80A24204612B0BDE8F081019EA4
:101C7000B46814F0030401D0FFF7E8FD304614F017
:101C80000FF94FF00133D6F8088003FB00F7A045A9
:101C900004DC0121019831B3002418E0A8EB04050D
:101CA000402DA8BF402502AA2B462146304614F0FD
:101CB000B0F8021E06DBAD1002AA0023AB420AD127
:101CC0004034E4E71048452114F095F80B240198BE
:101CD00014F09EF8C7E752F8041BB94201D1013352
:101CE000ECE70021D6E7826814F0BDF80246002830
:101CF000D2D00648452114F07EF80D24E7E70E24E3
:101D0000B1E700BFDBC5030004C6030031C6030012
:101D1000F7B514F07DFD041E0D4616461F4621DB67
:101D200001A9E0B2FEF7BEFA034640B122460E48D2
:101D3000452114F060F80A24204603B0F0BD019854
:101D40003B463246294614F064F80446019814F0E4
:101D50005FF8002CF0D022460448452114F04BF8DF
:101D60000B24E9E70E24E7E7DBC5030055C60300B3
:101D700070B50C4615461E4648B1094833462A46FA
:101D8000214614F000F9002818BF0C2070BD054B47
:101D90000348197814F017F90028EED00A20F5E767
:101DA000DC300020043300207FB504460D461822A5
:101DB0000021284618F090FB6368581C00F08480CE
:101DC000002B6CD122691F2A5FD9A268511C5ED0FA
:101DD000C5E90023E6683E4B32689A4259D1A269B0
:101DE000202A58D85AB13B480368013307D0037BF7
:101DF0009A4204D161690D3018F0CDFAA0B10020EB
:101E000014F048FD18B914F003FD00280EDA012083
:101E100014F040FD20B9012014F0FAFC002805DA86
:101E20004FF0FF33EB60092004B070BDE86001A9FA
:101E3000C0B2FEF737FA034630B12748EA684521B9
:101E400013F0D9FF0A20EFE70198A26883689A424D
:101E50000AD913F0DDFF019B20489B68A268452149
:101E600013F0C9FF1E20DFE713F0D2FF237F2BB34F
:101E700002A814F053FD80B906F1140102A814F071
:101E8000CFFC00281ADB1B20CEE71620CCE715205C
:101E9000CAE71720C8E71820C6E71A20C4E70D4A8A
:101EA00013689168EB60002329606B606368526877
:101EB000934207D122691344994207D32369AB6047
:101EC00001232B740020AFE71420ADE71F20ABE700
:101ED0003DB8F39604330020DBC503007DC6030044
:101EE00073B514F095FC051E0E4617DB01A9E8B288
:101EF000FEF7D8F9044648B103462A46084845216A
:101F000013F079FF0A24204602B070BD019813F047
:101F1000C7FF3070019813F07BFFF4E70E24F2E75F
:101F2000DBC50300F0B595B00F46202302930446AD
:101F300016466B460CAA03A93846019200F076FAC1
:101F40000546002840F086800F21204617F0D1FF7B
:101F5000002873D040490422204617F0AFFF002824
:101F60006CD007F00101204617F096FF002865D0DD
:101F70003A490722204617F0A1FF00285ED005A9A4
:101F800003A800F0F9F900285CDA3549052220465B
:101F900017F094FF002851D032490422204617F050
:101FA0008DFF00284AD001A9204617F081FF0028A4
:101FB00044D02D490822204617F080FF00283DD04C
:101FC000009981F01001C1F30011204617F0A7FF1E
:101FD000A0B326490722204617F070FF70B3C6F35E
:101FE0004001204617F09BFF40B3214909222046BB
:101FF00017F064FF10B3C6F38001204617F08FFF7F
:10200000E0B11C490622204617F058FFB0B106F097
:102010000101204617F083FF80B1174909222046AD
:1020200017F04CFF50B1C6F3C001204617F077FF00
:1020300020B10F21204617F064FF054605F001008E
:1020400015B0F0BD192205A920468DF82C5017F0C7
:102050003EFF9FE70120F3E7A5C60300AAC60300E1
:10206000B2C60300ACE40300B8C60300C1C6030057
:10207000C9C60300B3BC0300D3C60300054C064821
:10208000214608B5712213F04AFC7121204613F055
:102090003FFC00BFDDC6030053B80300054C0648F3
:1020A000214608B5622213F03AFC6221204613F063
:1020B0002FFC00BFDDC6030053B80300F7B58568E9
:1020C000354904350622284617F0F8FE30B914F0D9
:1020D00005FC14F004FC072003B0F0BD02212846E3
:1020E00017F003FF044614F0F9FB002CF1D0002494
:1020F0000DF1070120468DF8074014F0A8FB0746B4
:10210000204614F0EDFB0128064601D9FFF7B6FF83
:102110009DF80730022B80F001012AD187424FF051
:1021200001072CD18E422DDA3A4600212846FFF7CE
:10213000F9FE0028CDD0224601212846FFF7F2FE05
:102140000028C6D00221284617F0D7FE0028C0D0AC
:1021500012490B22284617F0B1FE0028B9D0002101
:10216000284617F08FFE0028B3D014F0B8FB0020EB
:10217000B2E787424FF00507D4D0022BD2D8084AE5
:10218000D456CFE722462846FFF7CCFE0028A0D041
:102190003A463146D1E700BF41C7030048C70300B4
:1021A000B3C70300F0B5012885B005460F4601D935
:1021B000FFF774FF002014F093FB0DF10B010646AE
:1021C00000208DF80B0014F042FB0446E7B114F038
:1021D00089FB28B99DF80B30012B25D11C2420E068
:1021E000AE424AD09DF80B30012BF7D0002B48D0DF
:1021F000022B46D0284614F00BFB03A9C0B2FEF711
:1022000051F8C8B10A240CE0AE4238D09DF80B302A
:10221000012B03D073B1022BE0D0EBE7A842DDD154
:102220000024204605B0F0BD002BE1D1AC42F7D030
:10223000AE42F1E7A842EFE7731B594203983A46D2
:10224000594117F007F9044678B10246CDE9006715
:102250000D482B46452113F0CEFD012C09D0042C4E
:1022600009D0032C14BF01241724039813F0D0FDC8
:10227000D7E70C24F9E71D24F7E72024D1E7212430
:10228000CFE7AC42B6D1CBE754C70300F0B597B067
:1022900035490C9104210D91344902AACDE90E1261
:1022A000334A119205460722D0E901041292314ABD
:1022B000139200230DF10302CDE902338DF80330B0
:1022C00001938DF8403014928DF85430022201AB06
:1022D0000CA9043014F020FA002841D114F0FEFAC1
:1022E000039B04346BB99DF8033063B114F0FAFA20
:1022F00014F0F6FA9DF80310FFF754FF18B382B2FA
:1023000002E0202B0AD0182220460121FFF758FCBA
:10231000044614F0E4FA2CB300241BE0029B04AA48
:1023200003F1200C174618685968164603C608338F
:1023300063453246F7D10021384614F0D5FA00281B
:10234000D8DA0822E0E72846FFF7B8FE044620B1B5
:1023500014F0C5FA204617B0F0BD14F0C0FADBE760
:102360000324F7E70724F5E7ACE40300179B030019
:10237000ABC70300AD9B030073B54388019343785B
:1023800000930E4603780C4A05461921304612F098
:10239000F1FB041E03DA4FF0FF3002B070BD6B6832
:1023A0003BB1064AC4F11901301912F0E3FB031ED8
:1023B000F1DBE018F1E700BFB6C70300C2C70300B6
:1023C000033880B219289ABF014B18560120704774
:1023D0002CC803000148FFF7D7BA00BF4004002013
:1023E00008B5054B2C220021184618F075F84FF05F
:1023F000FF3240F8042C08BD0833002010B5041D3E
:1024000008490322204617F059FD08B9072010BDDE
:10241000054B2046596817F049FD0028F6D00020EA
:10242000F5E700BFC4BC0300043300202DE9F043EE
:102430008BB00C460DF10301054616461F46FFF70B
:102440004FFD0146002840F08D80202302AA284637
:10245000FFF75EFC002850D19DF80380DFF8109153
:10246000B4BB0298484540D10FB1069B3B60059B29
:10247000BDF810401C4404230DEB030221462846FE
:10248000FFF746FC40B9BDF8042046F608139A420F
:1024900004BFBDF80630E41804230DEB0302214607
:1024A0002846FFF735FC58BBBDF8042046F6071355
:1024B0009A4225D1BDF8067004342744814604F1C0
:1024C0000408B8451ED989F001094FEAC90014E093
:1024D00008224146204617F0FFFF0298484504D1E4
:1024E00007AB03CB20606160BEE74FF0013303FB15
:1024F00008F8404514BF172003200BB0BDE8F08357
:102500000420FAE704230DEB030221462846FFF7D7
:10251000FFFB0028F1D1BDF80420BDF80630FF2AEA
:1025200005D14FF6FF72934205D10520E5E7102A49
:1025300001D1202B04D0043303EB04084446BEE74A
:10254000B9F1000F10D116B94FF00109F6E72434A4
:10255000BC420BD8324641462846FFF7D9FB00283B
:10256000F2D0CAE70220C8E70620C6E70720C4E782
:102570003DB8F39670B58AB01B4A0592D0E90105C3
:1025800004220692194A07920023012601AACDE9E6
:10259000016308928DF82430324602AB05A904305D
:1025A00014F0BAF80446E8B90346024603A90198B4
:1025B0000435FFF73BFF58B9019814F06BF938B1B7
:1025C000092201212846FFF7FBFA20460AB070BD18
:1025D0000198FFF735FB0646FFF702FF002EF4D007
:1025E000B2B2EEE70324F0E7A5C603000D9B03009B
:1025F0002DE9F043B7B000240DF12009D0E90158CE
:102600002022214606464846019417F065FF4FF008
:10261000FF33CDE909335E4B1893052319935D4BC6
:102620008DF87040CDE91A395B4B1D9304231E933E
:102630000BAA5A4B1F9320922E93594A22920DAB0C
:10264000584A2F93584B24920AA92992319309AAE8
:10265000072325912A925549554A3293554B339376
:10266000032704350FABCDE92717CDE92C27349389
:10267000284601AB062218A98DF8844023978DF8CF
:1026800098408DF8AC408DF8C0408DF8D44014F0DF
:1026900043F80546002879D102A94846FFF784FB94
:1026A00008F104080446B0B102464521424813F03F
:1026B000A2FBA2B201214046FFF782FA00230446A2
:1026C00010AA19460120FFF7B1FEFFF789FE002C82
:1026D00008BF072506E09DF818303BB9B068FFF742
:1026E0008DFE0546284637B0BDE8F083334C059B88
:1026F000099F2360029BA3609FB9DDF838900D9974
:1027000067604A46232304F10D0084F80C9017F00B
:102710002FFE09F10D00C9F120023946204417F0BF
:10272000DBFE0C9BD4E901122BB98A4228D0B06899
:10273000FFF764FED6E70B449A1A534253413846DA
:10274000049A0B99FFF714FB074690B96368049A43
:102750001344A26863609342E9D10346014610AA7C
:102760000120FFF763FEB068FFF748FEFFF738FE71
:10277000B8E702464521124813F03DFBBAB299E78B
:1027800010AA19460120FFF751FED0E73D46A9E700
:10279000E4D303000D9B0300B8CB0300179B030099
:1027A000C6C70300139B0300CEC70300C4BC0300CD
:1027B000CAC70300AD9B0300D6C703000433002043
:1027C000FBC7030001480FF027B900BF60040020D9
:1027D0000148FFF7D9B800BF5004002070B588B099
:1027E00005218568049140682349244E03960023FF
:1027F00001AACDE90512CDE901338DF81C30012283
:102800006B4603A9043013F087FF0435044618B162
:102810000324204608B070BD009B7BB918490A22EA
:10282000284617F04BFB08B90724F2E715490722A1
:10283000284617F043FB0028EBD1F5E7324601218B
:1028400003A813F0C0FF0028E2D0029E042EDFD1BF
:1028500001990D48324617F09EFD0028D8D10A494B
:102860003246284617F02AFB0028DDD003212846EF
:1028700017F008FBDFE700BF1D9B030055C80300EE
:102880005BC8030066C803006EC8030010B5846807
:102890000E4904340822204617F010FB28B140F6F8
:1028A000AB11204617F0F8FA08B9072010BD084907
:1028B0000922204617F002FB0028F6D0042120460A
:1028C00017F0EAFA0028F0D00020EFE773C8030001
:1028D0007CC80300F0B589B0D0E90145134A0392E2
:1028E000134A0023012701AECDE90133CDE90526C6
:1028F0008DF81C30201D6B463A4603A9049713F04F
:102900000BFF044678B904350A493A46284617F0C1
:10291000D5FA20B13146284617F0CDFA00B9072480
:10292000204609B0F0BD0324FAE700BFC2BC030093
:102930001D9B0300DBD3030007B500220023CDE974
:10294000002305484FF40052002310F0F9FD002049
:1029500003B05DF804FB00BFC80800200148FFF782
:1029600013B800BF7004002037B5856801A90620A0
:10297000FDF798FC00280CDA1848452113F03BFAC3
:102980000224A2B23F21281DFFF71AF918BB072025
:1029900022E0019813F082FA40B91148452113F062
:1029A0002AFA019813F034FA0324EAE70198002187
:1029B000826813F058FA041E08DA0A48452113F019
:1029C0001AFA019813F024FA0424DAE7019813F0B4
:1029D0001FFA002CD5D1002003B030BD94C80300ED
:1029E000B3C80300D8C8030013B5084C20460FF045
:1029F00069F8074B00932046064903234FF4006211
:102A00000FF076F8002002B010BD00BF381B002088
:102A100084B00300404A002002480022002316F040
:102A2000C8B800BFB00B002010B5C36A044643B954
:102A30000A490B48922212F072FF0848922112F0C4
:102A400067FF13F0C3FF074920460EF03DFF04F176
:102A5000100017F0CBFA002010BD00BF0AC9030018
:102A600053B803005969030010B50446103008F04C
:102A700055FF21460248BDE8104017F041BB00BF9A
:102A8000381B0020F0B5C36B89B004460E4603B373
:102A90000EF03AFF10F0050F02D020460EF0C2FFF4
:102AA00001A817F0A3FA04F110070022002338460A
:102AB00016F084F8054670B90022002301A816F02C
:102AC0007DF80146A8B923691BB10C48214617F0CF
:102AD00017FB09B0F0BDE36B3146984720B921469A
:102AE000284613F066FFE0E7294601A808F016FF24
:102AF000DBE7384608F012FFDEE700BF381B002096
:102B0000034B1A6882420CBF18460020704700BF72
:102B1000D81B00202DE9F743074616461D46FFF750
:102B2000EFFF814648B92C483A46452113F063F936
:102B30006FF0100003B0BDE8F083284813F04BFF9E
:102B4000314604462A46254813F04DFF10F10C0F7C
:102B50000646EDD000280CDA204813F0A1FF10B192
:102B60000023036003711D4813F08CFF6FF0120007
:102B7000E0E7002C28DA194813F092FF8046384627
:102B8000FFF7BEFF0446C8B190F86830D9070ED4ED
:102B9000134A4FF4281369463846CDE9002313F051
:102BA000A3FF94F8683043F0010384F868304FF4D1
:102BB0002032002304F108000FF0E8F8C8F8007094
:102BC00099F8693088F804301EB90448314613F08A
:102BD00041FF2846AEE700BF5AC903003433002046
:102BE000060009001FB590F830200B4912F0010FC4
:102BF00003460BD0086849686A4603C2694653F821
:102C0000380C13F071FF05B05DF804FB8868C968E3
:102C100002AA03C202A9F2E770AC030013B5094A85
:102C20000446D16890686B4603C354F8080C6946A3
:102C300013F05AFF94F8603023F0010384F86030F9
:102C400002B010BD70AC030038B50546FFF758FF61
:102C5000294604460F48FFF715FF9CB12046002582
:102C600084F8695040F8085B0FF096F804F13800DA
:102C70000FF092F884F8685004F16C00BDE8384019
:102C80000EF08CBB2A460448BDE83840452113F0BD
:102C9000B2B800BF343300205AC9030010B5094848
:102CA0000C4613F098FE00280ADB4CB9054813F0D7
:102CB000F7FE04600471BDE81040024813F0E2BE64
:102CC00010BD00BF343300202DE9F04F8FB0044613
:102CD00018220021684617F0FFFB3B4B0193D4F804
:102CE0001890E3680293394B0493B9F1000F0BD1AC
:102CF000052604F1180013F0D7FE204613F043FE1A
:102D000030460FB0BDE8F08F06A9484603F0BCFB83
:102D100006460028ECD19DF83430022BE8D120463D
:102D200013F0FDFE054608B90126E2E74846FFF725
:102D3000E7FE07460028DBD090F86930002BD7D09B
:102D4000227F9A42D4D100F16C0A50460EF0C2FBA9
:102D5000B346B046238A4345CBD997F86920002A69
:102D6000C6D0217F9142C3D108EB05029A42C4BF6D
:102D7000A3EB08039DB269464846ADF80C5006F037
:102D800025FB10F10C0F09D1BBF1000F03D1132D5E
:102D900018D9C5F34F050FF023FFDBE70028C3D197
:102DA000E26808EB05031FFA83F812FA83F3029333
:102DB0004FF0FF324FF0FF3350460EF029FB4FF03B
:102DC000010BC7E7022694E7B40400202F6B030031
:102DD00008B5E1B90E4A136843B10E490E4898226E
:102DE00012F09DFD0B48982112F092FD0B491060E6
:102DF0000B7882F869300133DBB2012B38BF012335
:102E00000B70BDE8084002F16C000EF063BB08BD1A
:102E1000D81B002081C9030053B80300CD3A00201D
:102E2000014805F091BE00BF80040020154B1649F3
:102E3000164810B501241C700EF0BAFE144915484E
:102E40000EF0B6FE00212246134817F0F5F813489D
:102E5000134BC362134B0363134B4363134B8363E3
:102E6000134BC363FFF7E0FD024618B9FFF7D8FF25
:102E7000024628B1BDE810400E48452112F0BBBF04
:102E800010BD00BFCD3A00201D2C0200E01B002029
:102E9000E52B0200101C0020441C002034330020CD
:102EA000C92C02001F6B0300B56A0300A96A030066
:102EB000C36A0300BEC9030008B5044817F041F80F
:102EC00000280CBF6FF01200002008BDF4A503001D
:102ED0000E4B402970B528BF40210D4C46181D46A9
:102EE000B04203F1020304D1002305F81130074872
:102EF00070BD02781209A25C03F8022C10F8012BB5
:102F000002F00F02A25C03F8012CE9E7EC3A002082
:102F10000ECA030030B503788BB0044607AD032B0F
:102F200021D8DFE803F0021A1C1E12492846F9F7DF
:102F30008DF9059563780493A3780393E37802935E
:102F40002379019363790093A3790B4A0B481E21DF
:102F500011F010FE09480BB030BD0949E6E70949F8
:102F6000E4E70949E2E7094A0A21284611F002FE8E
:102F7000DFE700BF8BB80300B4B80300CE3A0020EF
:102F800092B8030099B80300A3B80300ADB80300DA
:102F90002DE9F341224DBFF35B8F98462B68BFF3B9
:102FA0005B8F1746DA0704461ED530B91D48452108
:102FB00012F021FF6FF0010017E001A913F04FF8A4
:102FC00019490246204617F0F6F90028F2D1BFF35E
:102FD0005B8F2B68BFF35B8FC3F3C0061B0707D55E
:102FE0001248572112F007FF002002B0BDE8F0811F
:102FF000A5F1D404072221464046B847062809D83F
:103000000B48452112F0F7FE45F8D46CE671C4F880
:103010000360E9E70723B0FBF3F0E071E4E700BFEA
:10302000FC02002026CA0300A0B803004CCA03001B
:1030300075CA03002DE9F04188B09C79DDF838802D
:103040005D791E79DF7893F802C093F801E01B7870
:10305000B8F1000F0ED0CDE90638CDE904CE134605
:10306000CDE90267CDE90045084A11F083FD08B0BB
:10307000BDE8F081CDE905E3CDE9037C1346CDE958
:103080000156034A009411F075FDF0E79FCA030052
:10309000C3CA030010B5FDF7C9FB044620B10246C0
:1030A0004521024812F0A7FE204610BDE4CA0300E5
:1030B00070B504468CB01E461546A2B129B10A4629
:1030C00002A8042112F0DEF802A900912B46224644
:1030D000242103A8FFF7AEFF109A314603A8FDF79D
:1030E00035FA0CB070BD0346044A242103A811F040
:1030F00041FD0028F0DA6FF01500F2E70ECB030077
:1031000007B50B4B0B48DA79C2EBC20200920022E2
:103110001146FFF7CDFF024630B10748452103B005
:103120005DF804EB12F067BE03B05DF804FB00BF6E
:1031300028020020A0B8030014CB030030B50446D9
:103140008DB0154692B129B10A4602A8042112F0A9
:1031500099F802A900912B462246242103A8FFF7E3
:1031600069FF03A812F053FF0DB030BD0346054AB6
:10317000242103A811F0FEFC0028F2DA6FF01500FC
:10318000F2E700BF0ECB030007B5009313460A46D3
:1031900001460348FFF78CFF03B05DF804FB00BF56
:1031A000BAE403000A4601460148FFF7C7BF00BF63
:1031B000BAE4030007B5009313460A4601460348E4
:1031C000FFF776FF03B05DF804FB00BFB4E4030033
:1031D00007B5009313460A4601460348FFF768FF08
:1031E00003B05DF804FB00BF60E3030007B50022F5
:1031F0000346009103481146FFF75AFF03B05DF8FC
:1032000004FB00BFACE4030008B502480EF004FC68
:10321000002008BDFC040020F8B51D4DBFF35B8FF6
:103220002B68BFF35B8F13F0010F2E462ED015F8DD
:10323000CD3CA5F1D40783B901F088FD044628B13F
:103240001448452112F0D7FD2046F8BDFB7923B97B
:1032500001F0D2FD04460028F2D1BFF35B8F2B684A
:10326000BFF35B8F5A0701D401F0A0F9BFF35B8F66
:1032700056E8003F23F4803246E800210029F7D1C8
:10328000BFF35B8FDB0301D5FFF7BEFF0024DBE755
:10329000FC02002034CB030007B5009313460A4616
:1032A00001460348FFF704FF03B05DF804FB00BFCD
:1032B0008FEA03000A4601460148FFF73FBF00BFFF
:1032C0008FEA030030B50A4D0A4B85B0002428462A
:1032D000029303940EF0F6FB02AB009328460649D6
:1032E0000A234FF4A3620EF003FC204605B030BD64
:1032F000601C00206CCB0300805200200146014876
:103300000EF07CBC601C0020014601480EF0DEBCC3
:10331000601C00200378012B30B513D0022B27D07E
:103320007BB9194B0A4603F1100453F8045B42F8C9
:10333000045BA342F9D11B78137043884B731B0ABB
:103340008B7330BD104B0A4603F1100453F8045B35
:1033500042F8045BA342F9D11B78137043684B73A6
:10336000C3F307221B0CCB731B0A8A730B74E8E7A9
:1033700000F1100350F8042B41F8042B9842F9D1C6
:1033800003780B70DDE700BF75CB0300052838B567
:10339000054603D82A21C140C90708D40A490B4869
:1033A0003D2212F0BCFA08483D2112F0B1FA08485B
:1033B00015F0FFFB044620B100210C3008F06EFB35
:1033C0002576204638BD00BF86CB030053B80300E6
:1033D000480B002070B502460D48BFF35B8F0B46CB
:1033E000002150E8004F40E80015002DF9D1BFF34F
:1033F0005B8F24B9BDE870400120FFF7C7BF0123F0
:1034000004F10C002376218208F048FB204670BDB1
:103410006803002070B504460F2C0D46104619466F
:1034200005D80D2C0DD9BDE87040FFF7D3BF132C84
:1034300007D10C4815F0BDFB044638B900242046DE
:1034400070BD02460B4645B10748F3E700210C303A
:1034500008F024FB01232376F1E7BDE8704001204A
:10346000FFF794BF7C0B0020AC0A0020C368024821
:103470001A78572112F0BFBCBDCB030038B5C36822
:10348000B3F801401B786BB90F21204602F0AAFD6A
:10349000054640B9084B1A8822B96FEA04506FEA12
:1034A0001050188038BD012102F0B4FC2846BDE858
:1034B000384002F07FBC00BF04390020F8B5C56871
:1034C0002E78C6B9B5F801700F21384602F08AFD92
:1034D000044630B93A460848BDE8F840452112F0A4
:1034E0008ABCEB780373314602F094FC2046BDE8B9
:1034F000F84002F05FBCF8BDEACB030010B5C3682A
:10350000B3F801400121204602F06CFD30B922469B
:103510000448BDE81040452112F06DBCBDE81040E4
:1035200002F048BC15CC030010B5C3681C8801210B
:10353000204602F057FD30B922460548BDE810404C
:10354000452112F058BCBDE8104002F033BC00BF6A
:1035500015CC030008B501210C3008F0F1FABDE8E4
:10356000084002780148452112F045BC3ECC0300DA
:10357000014608B5074808F035F90749074816F02D
:10358000BFFD021E05DABDE808400548452112F0DE
:1035900032BC08BD6C03002048050020801D0020BF
:1035A00065CC030010B5084C0146052294F86F0065
:1035B00002F048FF38B994F86F000449BDE81040A4
:1035C000042202F03FBF10BD28020020F4C903000E
:1035D00037B502EBC3030546144608469C420DD19D
:1035E000048AC0682146FFF773FC234600902A46F0
:1035F0000E48572112F0FFFB03B030BD224612F8EF
:10360000081BA94210D1028A6378934207D908485F
:103610002B46452103B0BDE8304012F0ECBB636897
:1036200003B0BDE8304018471446D7E7AECC0300DE
:1036300087CC030070B53A4808F028F90446002802
:103640006DD0027E012A44D0032A65D1028A032A62
:1036500004D83448452112F0CEFB11E004210C308F
:1036600008F06EFAFF22438806886276228AC6F343
:103670000B009342608307D02B48452112F0BBFB1F
:10368000204608F06BF913E00F2102F0ABFC054671
:1036900018B9628B25484521DDE702F0D9FC320BD1
:1036A00060762146284602F041FA284602F082FB65
:1036B0001F4BD3F84431002B31D01E491E4816F061
:1036C0001FFD021E2BDABDE870401C48452112F098
:1036D00092BB028A012A02D819484521BBE7022180
:1036E0000C3008F02DFA0546007813F0ECFA830749
:1036F0000BD41449144840F69B2212F010F94040B4
:1037000080F311884FF0030002DF104A2878062367
:103710002146FFF75DFFB3E70D4845219BE770BDEC
:103720006C030020D5CC0300FBCC030024CD0300A8
:103730002802002048050020801D002065CC0300E1
:103740004BCD03006CCD030053B803001CB1030044
:10375000A0CD030010B5012104460C3008F0F0F9AB
:103760002146034A0078BDE810400A23FFF730BF26
:103770004CB1030070B5C568B5F801600121304651
:1037800002F030FC044630B932460D48BDE87040C6
:10379000452112F030BB2B783BB9D5F80330C0F887
:1037A000B530D5F80730C0F8B930201D4FF480513E
:1037B00013F0B4FA2046BDE8704002F0FBBA00BF37
:1037C00015CC03002DE9F3410646907A394D0F469A
:1037D000144607F0F7FE85420ED0A47A204607F083
:1037E000F1FE2346CDE9000532463348572112F059
:1037F00002FB02B0BDE8F081204607F0EBFE2F4D42
:103800004FF00C0808FB00504388B3420DD020460F
:1038100007F0E0FE08FB0050324643882848572155
:1038200002B0BDE8F04112F0E6BA264ED6F84001EB
:1038300020B108F093F80023C6F84031204607F085
:10384000C9FE0C2606FB005043689BB197B9204681
:1038500007F0C0FE06FB005001214268D2E90003D8
:10386000127A03F01F06B1405B09E2B100EB83005E
:1038700013F054FA204607F0ADFE0C2606FB00506C
:103880008368002BB5D0204607F0A4FE70432F5468
:10389000204607F09FFE06FB0055A86802B0BDE871
:1038A000F0410DF07BBDC94300EB830013F051FAEA
:1038B000E0E700BF140B0020B9CD03007C330020EB
:1038C000F3CD03002802002038B5042104460C3053
:1038D00008F036F94578017840882246FFF772FFF4
:1038E00025B10348BDE838400DF058BD38BD00BFD4
:1038F0005003002038B5032104460C3008F020F9AD
:10390000E3680578B0F80100197840F6354398422D
:1039100006D10A46BDE838400648572112F06BBA76
:103920002246FFF74FFF25B10348BDE838400DF0B0
:1039300035BD38BD2BCE0300500300202DE9F347E1
:10394000C768018A3A78012303EB82038B426DD961
:1039500000913948452112F04EFA02B0BDE8F087D7
:1039600036485246452112F046FA01353B789D42D1
:10397000F3DA07EB85030F21B3F801A0B3F8036076
:10398000504602F02FFB04460028E9D000F1280A37
:103990000EB34FF04003EFF3118283F31288BFF3AD
:1039A0006F8FE3696BB1013BE36182F31188BFF371
:1039B0006F8F204602F03CF8013E0DF0EFFCB6B2EE
:1039C000E6E763695BB982F31188BFF36F8F452126
:1039D000484612F010FA204602F0ECF9C5E7A1695A
:1039E000186860618B4208BFA06182F31188BFF341
:1039F0006F8F4FF04002EFF3118182F31288BFF313
:103A00006F8FDA68E261C3F80C80C3F80080626AE5
:103A10004AB9C4E9083381F31188BFF36F8F504668
:103A20000DF0FAFFC5E713606362F4E70025DFF8E5
:103A30001090A8469AE700BF66CE030095CE03001B
:103A4000B6CE030073B5C568B5F8016001213046F4
:103A500002F0C8FA044638B92B483246452102B074
:103A6000BDE8704012F0C7B92B781A2B00F104069C
:103A700019D1C378012B2AD14FF48061304613F05D
:103A80004DF942050FD4D4F8A83000936946D4F814
:103A9000B0300193204602F0EFFF204602B0BDE8AF
:103AA000704002F087B92B788BB9B5F80330A4F8D1
:103AB000A630B5F80530A4F8AC30B5F80730A4F856
:103AC000AE306FF48071304613F043F917E0BFF366
:103AD0005B8F6368BFF35B8FDB05F2D52B78202B00
:103AE000EFD194F8B430002BEBD0013B84F8B43024
:103AF0004FF42032002304F160000EF0E1F820467C
:103B000002F02AFBC9E700BF15CC030010B5C1E9DC
:103B100000239DF808300B720C4607F05BFD034B49
:103B20000C2202FB00335C6010BD00BF7C33002020
:103B30002DE9F0474FF0FF3206464FF0FF331D48A6
:103B40000F4615F036F8044650B91B491B4840F2A1
:103B5000031211F0E4FE184840F2031111F0D8FEF0
:103B600000F10C0A00214FF00008504607F096FFC4
:103B700084F81880204607F02DFD114D4FF00C09F8
:103B800009FB00504680204607F024FD09FB005049
:103B9000C0F80880204607F01DFD09FB00550321F1
:103BA0005046C5F8048007F0E5FF06808770204680
:103BB000BDE8F087140B00206CCD030053B8030060
:103BC0007C330020F0B5074687B015460C4621B976
:103BD000FFF7AEFF0446002849D0012200216846C5
:103BE00016F02AFA204607F0F5FC244E0C2303FBBE
:103BF0000060C0F808D0204607F0DCFE01462048EF
:103C000007F08CFE4FF4A022002368460DF000FC64
:103C100058B11C491C4840F24B1211F080FE404044
:103C200080F311884FF0030002DF204607F0D2FC3A
:103C30000C235843365C96B1144833463A46572114
:103C400012F0D9F8204607F089FE092E12D00D2E69
:103C50000CBF6FF00B006FF0040007B0F0BD15B1A2
:103C60002C600020F9E7204607F078FEF9E76FF0B6
:103C70006800F2E76FF06E00EFE700BF7C330020D2
:103C8000740300206CCD030053B80300D2CE0300B0
:103C900073B506460D4601AA002142F22F00FFF738
:103CA00091FF044630B10948452112F0A4F820469E
:103CB00002B070BD0198C368B3F801203280B3F838
:103CC00003302B8007F04AFEF1E700BFF3CE03007C
:103CD000F7B5144B93F99B30002B05460C461DDAC3
:103CE00014B9204603B0F0BD082C01AA4FF0000122
:103CF00042F21800264628BF0826FFF763FF002877
:103D0000F0D1019FF96832460131284616F0BCFB1C
:103D1000384607F023FE3544A41BE1E76FF0850029
:103D2000E0E700BF280200202DE9F043904BB0F8F7
:103D300001901988054649F4704291424FF00006FF
:103D400089B004BF1E80012600F0FCFD2C7834B33E
:103D50003C2C1CD101F0CEF96FF08001103012F034
:103D6000F8FF0020FFF71EFC054630B981484521C9
:103D700009B0BDE8F04312F03EB80473002102F030
:103D800049F8284609B0BDE8F04302F013B87A4874
:103D90002246572109B0BDE8F04312F02CB8EB7869
:103DA000012B08BF754B05F10407384608BF93F88F
:103DB0006F4012F084FF3946E8B106A812F074FF94
:103DC00005F111010DF1110012F0B7FF01238DF87B
:103DD0001030EB78012B1AD03846FFF79BF84521BD
:103DE0000246674812F007F81321484612F0CDFF4B
:103DF00009B0BDE8F083204613F0F8F8014606A8A4
:103E000012F0A0FF394604A812F09CFFE1E706A8D3
:103E1000FFF7C8FBEB78012B04460AD101F06AF9E1
:103E20006FF080018046103012F093FF404613F08F
:103E30000EFA002CD0D02046B5F8013020F8903B87
:103E400006A912F07FFFB5F81730A4F8A630B5F830
:103E50001930A4F8AC30B5F81B30A4F8AE30EB78CC
:103E6000E3700022012B227315D104A904F19700FD
:103E700012F068FF01F03EF9217A404AC1EBC1011E
:103E8000114404F19E0012F05DFFD2F8E4305D06AB
:103E900001D501F0D9FA0721204601F0BBFF1EB180
:103EA0000121204601F0B6FF204613F02BFA637B78
:103EB000072B55D1BFF35B8F6368304EBFF35B8F29
:103EC00013F4805F1FD1E3781BB196F8D830180740
:103ED00019D5022142F21600FFF72AFE05460028F6
:103EE00042D002210C3007F045FE238803800022D7
:103EF000294642F21600FFF765FE024618B1214836
:103F0000452111F078FF96F8D930D9070CD500215A
:103F100002231A460091204612F070FF024618B1A3
:103F20001948452111F067FF96F8D8309A0617D541
:103F3000D6F868319B689B0712D50DF10E0103A8D6
:103F4000FFF7A6FE60B9BDF80E20BDF80C102046A4
:103F500012F036FF024618B10C48452111F04BFF14
:103F6000204601F027FF43E76FF06802C7E700BF74
:103F70000439002018CF03003ECF030028020020A0
:103F80005CCF03007DCF0300A3CF0300BFCF0300AE
:103F900000B5C16889B00B788DF80030B1F80130F8
:103FA000ADF80130CB788DF80330B1F80B30ADF8B7
:103FB0001730B1F80D30ADF81930B1F80F30ADF859
:103FC0001B304B7C8DF81D3001A8043112F0BAFE75
:103FD00007490DF10B0012F0B0FE0DF1110012F0C7
:103FE000ACFE6846FFF7A0FE09B05DF804FB00BF19
:103FF00008CA030029289ABF014B185C09207047A2
:1040000031D3030070B5C368B3F801601D780F2188
:10401000304601F0E7FF044630B932461748BDE8A4
:104020007040452111F0E7BE65B12846FFF7E2FF79
:1040300029460246204602F06BF92046BDE8704052
:1040400001F0B8BE8378012BEFD106F02FFF204698
:1040500012F04BFE0028E8D10520FFF7CBFF052129
:104060000246204602F054F90548452111F0C3FEEE
:104070000521204602F03CF8DFE700BFEACB030051
:10408000E0CF0300F8B5C668B6F8017035780F21A7
:10409000384601F0A7FF044630B93A461B48BDE850
:1040A000F840452111F0A7BE65B12846FFF7A2FFF1
:1040B00029460246204602F02BF92046BDE8F8408A
:1040C00001F078BE8278F378C372012A05D000200F
:1040D000FFF790FF00210246ECE70BB106F0E6FE89
:1040E000204612F002FE0028F1D10520FFF782FFE2
:1040F00005210246204602F00BF90548452111F042
:104100007AFE0521204601F0F3FFD6E7EACB030053
:10411000E0CF030070B50C4D06460FCD8EB06C4657
:104120000FC40FCD0FC40FCD0FC495E803000D2EA3
:1041300084E803009BBF0EAB03EB8606034856F8EA
:10414000380C0EB070BD00BF60AA03000BD0030096
:10415000024BD3F868315B69184700BF2802002082
:1041600038B505460C4619B9FFF7E2FC0446C0B164
:1041700040F635439D420ED12046FFF7E9FF054644
:1041800068B102464521084811F035FE204607F087
:10419000E5FB284638BD0548214607F0BFFB002552
:1041A000F7E76FF06805F4E713D00300740300200D
:1041B000F0B5C5682F88BCB287B00121204601F058
:1041C00011FF064638B926482246452107B0BDE80A
:1041D000F04011F010BE02ACD5F80220D5F8063040
:1041E00001946989009114F02EFB38B3122142F238
:1041F0001A00FFF79DFC054640B91A48452111F009
:10420000FAFD304601F0D6FD07B0F0BD12210C30AA
:1042100007F0B0FC0346224623F8027B06AF1446A3
:1042200003CCBC4218605960224603F10803F6D162
:10423000294642F21A00FFF793FFE2E7022142F219
:104240001B00FFF775FC04460028D6D002210C3075
:1042500007F090FC2146078042F21B00EBE700BF0D
:1042600015CC03003AD0030070B506460D4642F265
:1042700021000321FFF75CFC044628B9BDE870402B
:104280000848452111F0B7BD03210C3007F072FC3E
:1042900006808570214642F22100BDE87040FFF79C
:1042A0005FBF00BF56D0030073B5C368D9789A7852
:1042B0001E8842EA0122ADF8002059791A7942EAB3
:1042C0000122ADF80220D9799A7942EA0122ADF8AB
:1042D00004201A7A5B7AB4B242EA03230121204611
:1042E000ADF8063001F07EFE054650B91C48452168
:1042F000224611F080FD02212046FFF7B5FF02B0F3
:1043000070BD694601F07CFF38B91E212046FFF7D9
:10431000ABFF284601F04EFDF1E70E2142F22000EE
:10432000FFF706FC04460028F3D00E210C3007F0FE
:1043300021FC00230680C0F80A30BDF8003043801D
:10434000BDF802308380BDF80430C380BDF806306C
:104350000381214642F22000FFF702FFD9E700BFA8
:1043600015CC03002DE9F84F454FDFF8188107F110
:104370001409FB6848466FF39433FB6001F0A4FC1A
:10438000451C3F484FF0FF324FF0FF3329460FF0F6
:10439000C3FA58B13C4840F61832414611F0BFFA12
:1043A000404080F311884FF0030002DF344EDFF805
:1043B000DCA015B90EF014FCDBE7F268C2F386321C
:1043C000022A4ED9042A56D1337B002B4CD13048D7
:1043D0000022002314F0F2FB044658B92A4840F6A4
:1043E000AA22414611F09BFA404080F311884FF019
:1043F000030002DFDFF89CB027484FF0FF334FF097
:10440000FF320DF005F8DBF8403153B12348452168
:1044100011F0F1FCDBF8400107F0A0FA0023CBF823
:104420004031204607F0C6FACBF840012046FFF79E
:104430008FFE0246A8B11A48452111F0DCFC16484F
:104440000CF0ACFF204607F0C5F8164B0C2202FB1F
:1044500000301F2140882246FFF7B4F9204607F0BC
:104460007DFA1436013DA4E7012BFAD130693838C2
:1044700002F034F9F5E75721504611F0BCFCF0E7A3
:104480000C0500206CCD030053B8030095D0030049
:1044900074030020280200205003002075D0030080
:1044A00013D003007C3300202DE9F041044600F1D5
:1044B0000C06304614F08CFBB4F81080B8F1010FF4
:1044C000054609D818484246452111F094FC20467B
:1044D000BDE8F04107F042BA3046022107F030FB58
:1044E0000746007812F0EFFBC20706460BD40F49CF
:1044F0000F4840F6CA6211F012FA404080F311886A
:104500004FF0030002DF05230A4A38782146FFF7FF
:104510005FF8B307DBD56369A4F8108013FA85F55B
:10452000E560BDE8F08100BF4BCD03006CCD03001A
:1045300053B80300F4B0030038B5027E012A0446E4
:1045400005D0032A11D1FFF713F8002038BDC36846
:10455000187812F0B8FBC207054602D52046FFF7CF
:10456000A3FFAB07F1D52046EDE70548452111F043
:1045700042FC204607F0F2F96FF01500E6E700BFB5
:10458000BBD00300084A0346D2F8680130B9D968A5
:1045900039B1596929B1C2F8683170476FF07700B5
:1045A00070476FF01500704728020020F7B5244CC3
:1045B0002448254D254F042112F0B0FBE279244B0D
:1045C0002046012A88BF1D46FEF7A4FC2A46034662
:1045D0004921204811F00FFC26460125E3799D4230
:1045E00006F1070620DB94F870502846FFF792FD8D
:1045F000B4F876300193B4F87230009302462B463B
:104600004921154811F0F7FB94F871502846FFF73F
:1046100081FDB4F87430009302462B460F484921BF
:1046200011F0E9FB03B0F0BD3046FEF773FC2A46FB
:1046300003464921384611F0DEFB0135CEE700BFC5
:1046400028020020FC020020BEF60300ECD003008C
:10465000D4D00300D8D0030002D1030045D1030019
:1046600010B5F7F755FE034B1B6813B1BDE81040BA
:10467000184710BD9433002070B5354DD5F868311A
:1046800088B0064643B93348452111F0B4FB6FF0BA
:104690001204204608B070BD6FF0020105F1D4008D
:1046A00012F057FB012112F039FBC3074DD4FEF77E
:1046B000F1FC04460028ECD1274B1E600122114674
:1046C00005F5947015F0B8FC05F5A67015F08EFC94
:1046D00000220023CDE906236FF00803CDE9024351
:1046E000CDE900441D4B1E4904944FF4C0621D489F
:1046F0000CF05AFB1C491B4815F056FC1B480DF0EA
:10470000E1F91B49194800946FF0070340F698023D
:104710000DF0EEF91749154815F046FCD5F868314B
:10472000DB689847044628B102464521124811F03B
:1047300062FBAEE726B908B0BDE87040F7F7E8BD08
:1047400005F1C4000DF068F9A3E76FF07704A0E766
:1047500028020020E6D203009433002065430200C3
:1047600000580020001D002004D30300801D0020FD
:10477000405E00200AD3030010D30300044BBFF3B4
:104780005B8F1868BFF35B8FC0F38000704700BF7A
:10479000FC020020004870470BBA0300F8B50A4D30
:1047A000EF7906460024E3B29F4202D86FF0010081
:1047B00007E02946304612F078FB0735631C08B144
:1047C0002046F8BD1C46EEE72802002037B5044617
:1047D0000D46B9B11649284612F067FB90B9154845
:1047E000C4EBC4042946204412F072FB124812F0B4
:1047F00064FB430703D5FEF707FD12F0F7F900202D
:1048000003B030BD684612F041FA0028F8D168467E
:10481000FFF7C4FF0028F5DA064BC4EBC4001844C8
:10482000694612F055FB002DE0D001462846DBE733
:10483000FBC9030028020020FC02002038B5124901
:104840000622054615F0A7FDC8B1062142F2050073
:10485000FFF76EF90446A0B1062229460C3014F089
:10486000C3F90022214642F20500FFF7ABF938B93F
:104870000548294612F027FB012300F8013C0020DF
:1048800038BD6FF06800FBE7910200202DE9F04190
:10489000044686B00E4651B9284929484FF4627241
:1048A00011F03DF84FF46271244811F031F80D68B1
:1048B00045B92249224840F2893211F030F840F2DD
:1048C0008931F1E740B91D491D4840F28A3211F0A3
:1048D00026F840F28A31E7E72B7A5A0708D51749BC
:1048E00017484FF4637211F01AF84FF46371DBE765
:1048F000D1F80480B8F1000F1CD1037A5B0719D5F9
:10490000411C681C12F0D1FA2A351622414607468E
:10491000684615F0E1FD10226946284615F03BFD7A
:1049200030B1102204F12A01284615F034FD00B1FF
:1049300007B1746006B0BDE8F08100BF5ED403002B
:1049400053B803000A4BBFF35B8F53E8002F22F4E8
:10495000004143E800100028F7D1BFF35B8F130438
:1049600004D504490022022006F09ABB704700BF1C
:10497000FC0200204B70030007B50023CDE90003C3
:1049800004496A46022006F08BFB019803B05DF8EB
:1049900004FB00BF8D480200F7B5054670B14F4CCF
:1049A00094F8202194F821310AB19A4208D20133B7
:1049B00084F821312B7A43F004032B7203B0F0BD4D
:1049C00000210622084601F03DFD0646A8B1BFF3CE
:1049D0005B8FD43454E8003F43F4004344E8003292
:1049E000002AF7D1BFF35B8F2B7A43F001032B72C0
:1049F00003B0BDE8F04001F0DDB90146384800F0F1
:104A000073FB94F8213143B1304612F0A4FA20B17F
:104A10003448572111F0EFF91CE094F8212194F863
:104A200020319A4220D13048572111F0E4F9002278
:104A3000114642F22900FFF7C5F810B12B48452175
:104A4000E8E794F82131013384F821312B7A43F0DF
:104A500004032B72012012F07EFA2548002103B0D6
:104A6000BDE8F04000F040BB2A466F1C12F82A0B4C
:104A7000394612F034FA064610B11E484521C9E7FE
:104A800094F82131013384F821312B7A43F0040367
:104A90002B7294F8A7305B0702D417485721B9E767
:104AA0003946684612F014FA0123082142F24E00FA
:104AB0008DF80730FFF73CF8044660B108226946DC
:104AC0000C3014F091F83246214642F24E00FFF7C6
:104AD00079F80028BED0094845219BE7280200202C
:104AE000B56F03008CD40300B6D40300ECD40300EC
:104AF000876F030011D5030036D5030065D5030089
:104B00002DE9F0410546B8B3464C94F8202194F8BD
:104B10002131F2B10132934227DC002106220846FE
:104B200001F090FC064648B3BFF35B8FD43454E8E1
:104B3000003F43F4004344E80032002AF7D1BFF3BA
:104B40005B8F2B7A43F002032B72BDE8F04101F03A
:104B500031B953B93449354840F24F4210F0DFFEC5
:104B6000314840F24F4110F0D3FE013B84F821312F
:104B70002B7A23F004032B72BDE8F08101462C4808
:104B800000F0B2FA304612F0E6F9064680B102466D
:104B90004521284811F02FF994F8213113B1012053
:104BA00012F0D9F9BDE8F0412348002100F09CBA89
:104BB00094F8213194F820219A420CD2013B84F8D8
:104BC00021312B7A1D4923F0040302462B72022067
:104BD00006F066FAE0E7072142F22800FEF7A8FF98
:104BE00005F10108074620B91548452111F003F9E0
:104BF000D2E707210C3006F0BDFF414612F068F9FC
:104C00003246394642F22800FEF7DCFF0028EBD19D
:104C100094F82131013B84F821312B7A23F00403ED
:104C20002B72B9E7280200205ED4030053B80300BA
:104C3000B56F030085D50300876F0300416F030044
:104C4000B7D5030070B50D460446B8B11F4912F040
:104C50002CF998B92378012B04D1A37903F0C00370
:104C6000C02B06D01A48452111F0C5F86FF0150089
:104C700070BD2046FFF792FD002821DA002DF5D106
:104C8000144DEB79012B1ED005F1D40012F015F96B
:104C9000C30707D4002CE9D00C49204612F005F9CF
:104CA0000028E3D1EE792146731C3046EB71FFF703
:104CB0008DFD08B93046DBE7EB79013BEB71D7E7B7
:104CC0006FF07700D4E76FF00B00D1E7FBC903006A
:104CD000E1D5030028020020F7B5044630B9174893
:104CE000572111F088F8002003B0F0BD01AA00217F
:104CF00041F20900FEF766FF064610B11048572141
:104D0000EFE7019F0F49FD6801350622284615F09F
:104D100042FB28B10C490622284615F03CFB18B985
:104D2000384606F01BFEDEE72946601C12F0CBF881
:104D30003846267006F012FE0120D5E714D603008F
:104D400032D6030008CA030002CA030007B568464A
:104D5000FFF7C2FF044BD87118B169460020FFF776
:104D600035FD03B05DF804FB28020020F7B51E4BAB
:104D700093F8C230DB0705460E4607D41B4857217F
:104D800011F039F80024204603B0F0BD01AA00213B
:104D90004FF60940FEF716FF034610B1144857219D
:104DA000EEE70198C2685478B44228BF3446023214
:104DB00016279C4208DC06F0D1FD002CE3D10D48FB
:104DC000572111F018F8DEE7114607FB035602F1F0
:104DD000140C51F804EB46F804EB6145F9D109884D
:104DE000318001331632E4E72802002055D6030053
:104DF00086D60300ABD6030070B5154DEC7988B0AC
:104E00002CB9012102A8FFF7B1FFE871C0B9002158
:104E1000084608B0BDE87040FFF714BF02AB06FBC0
:104E200002310DF1010012F04EF8012369461046DF
:104E30008DF80030FFF7CAFC013410B108B070BD26
:104E40001626EB79E2B29342E8D80020F6E700BFDD
:104E5000280200202DE9F04190460E461D460246EC
:104E600048B143B13103047810D5730707D52A48F8
:104E7000452110F0C0FF6FF01500BDE8F08112F081
:104E8000C9F80028F9D101232B702EE0F7072ED5A1
:104E9000224FB8F1000F13D0B0060AD4C4EBC403FC
:104EA000FB5C012B11D02B70B2061ED543F0020320
:104EB000EAE797F8D8305906F0D46FF08500DCE7C0
:104EC000C4EBC403FB5C012BDED1072101FB0471A1
:104ED0000131104612F096F80028CED1C4EBC4047C
:104EE0003B5D2B70B8F1000FDED10020C5E77307E2
:104EF0000ED50A4EC4EBC407F35D012BC4D10721C4
:104F000011FB0431314412F07DF8F35D2B70B4E7EE
:104F100012F080F80123F9E7D9D603002802002017
:104F20002DE9F74F0C46202100909246FEF700FE37
:104F30000546002854D020210C3006F01BFE20220C
:104F40000021814615F0C8FA09F1010B04EBCA0AE9
:104F50000026D4F800800023626893420CD3083402
:104F6000A245F6D1009889F800600022294603B0D6
:104F7000BDE8F04FFEF726BE98F8012098F800C073
:104F8000B01C11181F2914D9BCF1090FC0F11F0260
:104F900001D1002A0BDC1448452110F02CFF2846D3
:104FA00006F0DCFC6FF0150003B0BDE8F08F4FF0A9
:104FB000080CD7B2791C0BF80610711CC9B25BFA49
:104FC00080F00BF801C0D8F804100193023715F0F7
:104FD0005BFA019B3744FEB2013308F10808BBE7D6
:104FE0006FF06800E0E700BF03D70300F8B545683D
:104FF0006905064635D4046914B115F0010330D0B3
:10500000194F3078FB7983422BD9C0EBC000174988
:105010000722384415F0BFF9A8B115F0010306D1F5
:1050200097F87020082A02D8B2689F2A19D915F07B
:10503000300F09D0ACB1EA060AD405F46035B5F5F5
:10504000603018BF0120F8BDEB0601D4002CF4D16C
:10505000D6E902239A4204D81F2A02D9B3F5804F19
:10506000EBD90020EFE700BF28020020FBC90300B6
:1050700008B504490722093015F08DF9003818BF2A
:10508000012008BDFBC90300F8B5154B067883F86D
:105090006F6004460D46FFF7EBFF70B911493046CB
:1050A00001F074F9044610B96FF00B00F8BD04214B
:1050B00000F0B0FE2C600020F8E704F10907394643
:1050C000304601F09BF940B92078394601F05EF98D
:1050D00004460028E8D00521EAE76FF01500E5E76F
:1050E00028020020F4C9030003460148184700BF06
:1050F0004002002000487047400200202DE9F04F98
:10510000D1F810908DB09A460023B9EB03050646FE
:105110008B48059218BF0125079311F0B7FF0C4685
:10512000410740F102812046FFF760FF28B96FF088
:10513000150B58460DB0BDE8F08F204611F081FFE9
:1051400080460028F3D006F11007384611F09EFF84
:105150000206C0F3C01300F1EB80CDE90933CDF8AE
:105160002B30A3686068ADF82030E368ADF82230DA
:1051700011F07DFF6FF400518DF82D00704811F093
:105180008BFF704A2378337082F86F3061680DF1BD
:1051900025032A463046FFF75DFE83460028C8D126
:1051A00006F10900B9F1000F13D0216911F083FF56
:1051B000204612F015F863680546D80716D49A05FC
:1051C00003D4169B0BB9022D51D102238DF8243044
:1051D00019E05D4911F06FFF204612F001F8636895
:1051E000D9070546EBD58DF824900CE013F0100F8D
:1051F0000CBF0123042321698DF824300DF1260012
:1052000011F059FFD8460F2142F20600FEF790FC3C
:105210008346002800F08F800F2208A90C3013F07D
:10522000E3FC0022594642F20600FEF7CBFC0028C0
:1052300040F08480B9F1000F1FD06368DB072AD4E7
:105240003046012111F0DCFF079E8346002864D020
:105250003E48452110F0CFFD002E3FF46AAF3046A6
:10526000002100F0D7FD304600F0A4FD61E70323E4
:10527000DDF858808DF82430C5E7179B0093CDE901
:105280000185169B05995246304611F032FF834640
:105290000028D2D04DE707A93046FFF7F5FE834638
:1052A0000028CDD010F10C0F7FF443AFB9F1000FFF
:1052B0007FF43FAF636898073FF53BAF626882F0C9
:1052C0000202C2F3400B0BF001020E21384611F02E
:1052D000F9FE6B1E5A425A410821384611F0F2FE7F
:1052E000A91E4A424A413846092111F0EBFE626884
:1052F0000A2102F00102384611F0E4FE42460B2179
:10530000384611F0DFFE62680D21C2F38002384694
:1053100011F0D8FE4FF0000B0BE716B1304600F04D
:1053200049FDB9F1000FCED1C8E76FF00A0B00E7D5
:105330006FF0770BFDE66FF0680BFAE68346F8E650
:10534000FC02002028020020FBC9030021D7030033
:1053500073B51546069A0C46CDE900322B460A462F
:1053600001461148FFF7CAFE21460646002340F2D7
:1053700001109D4202D1304602B070BD0A888242BF
:1053800004D14A6812B11278D20702D4013308312D
:10539000EFE7064906480CF00BFC4FF4702200239F
:1053A00003480CF0F3FCE6E7400200202D54020015
:1053B0005802002010B5194811F049FF18486FF441
:1053C000804111F069FE164811F060FE03461A068E
:1053D000C0F3C01021D5124811F058FE430513D573
:1053E0000E48FFF745FE0F490346087E93B90E4964
:1053F000042201F027F8044630B10021017300F0C7
:1054000009FD204600F0D6FCBDE81040034800210D
:1054100011F0F6BE05222131EBE710BD400200205D
:105420005002002028020020F4C9030008B5FFF74D
:10543000C1FF024628B1BDE808400248572110F0DC
:10544000DABC08BD41D7030073B53448334C11F0C2
:105450001DFE10F4804F37D0204611F017FE0306D2
:1054600032D4204611F012FE46052DD501A9A4F133
:105470001000FFF709FE38BBA4F11000FFF7F8FD9C
:105480000246204611F002FEC0F38031204611F0A2
:10549000FDFD81F0010145054FEA41011F4848BF6C
:1054A00041F0010111F0F2FD800448BF41F0040118
:1054B0001B480DF10303FFF7CDFC054630B1024652
:1054C0004521184810F097FC02B070BD1448012126
:1054D00011F096FE019E28B9304602B0BDE870403A
:1054E00000F068BC2946304600F094FC6FF480411F
:1054F0000A4811F0D1FD0546304600F05BFC6B0414
:10550000E2D5BFF35B8F54E8003F43F4804344E8A7
:105510000032002AF7D1BFF35B8FD5E7500200209D
:105520004002002065D7030008B50449402214F06A
:1055300032FFB0FA80F0400908BD00BF42D8030036
:1055400070B5374B93F8A23003F00603062B07D053
:105550003448572110F04FFC6FF08505284670BD88
:1055600000285AD0304E32686AB1131F834206D1E8
:105570002E48572110F03FFC6FF07705EEE75B688F
:105580000BB1043BF2E742607268031D336002B95D
:105590007360274CBFF35B8F54E8002F42F0200369
:1055A00044E800310029F7D1BFF35B8F12F02002ED
:1055B00001D00025D2E7BFF35B8F54E8003F23F012
:1055C000100344E800310029F7D1BFF35B8F114687
:1055D00042F22500FEF7F6FA05460028E9D0154804
:1055E000452110F008FCBFF35B8F54E8003F23F027
:1055F000200344E80032002AF7D1BFF35B8F346800
:105600003CB154F8043C043C0BB10020984764685A
:10561000F6E70023C6E90033A0E76FF015059DE724
:1056200028020020A7D703009C330020CBD703001B
:10563000FC020020ECD70300054BBFF35B8F1B6817
:105640000448BFF35B8F13F0100F08BF00207047B2
:10565000FC0200206D3B002070B5244E33688B4265
:1056600004463CD01BB16FF00F04204670BD204BA8
:10567000BFF35B8F1A68BFF35B8F9206F3D4BFF35F
:105680005B8F1B68BFF35B8FDB062BD5316042F26B
:1056900026004021FEF74CFA0546E8B140210C30C7
:1056A00006F068FA234604F1400253F8041B40F860
:1056B000041B9342F9D10022294642F22600FEF74C
:1056C00081FA04460028D0D000230A4833602246DD
:1056D000572110F090FBC8E76FF06804F4E76FF013
:1056E0007704C2E76FF07C04BFE700BF9833002067
:1056F000FC0200201BD80300F8B51D4BC568BFF3A2
:105700005B8F53E8002F22F0200243E8002100299C
:10571000F7D1BFF35B8F2A78AAB916496A1C05F145
:10572000410052F8044B41F8044B8242F9D1BFF3D7
:105730005B8F53E8001F41F0100143E80012002A7C
:10574000F7D1BFF35B8F0C4E34686CB1094F043C4A
:1057500023682BB12A78002A0CBF384600209847CE
:1057600064680CB1043CF3E70023C6E90033F8BDDC
:10577000FC0200206D3B00209C33002005490B6893
:1057800033B1C26800200860117801B9501C184775
:10579000704700BF9833002070B5114B1D68044658
:1057A00075B9104D104EB54218D9104910484FF434
:1057B000BE6210F0B4F80D484FF4BE6110F0A8F8C6
:1057C0002B6813B1217B20469847AD69E8E72B6829
:1057D00013B1217B204698471C35E4E7F7D370BD11
:1057E000D4330020E0A7030018A8030089D80300E1
:1057F00053B803002DE9F041154F04464FF000085F
:105800004FF04002EFF3118382F31288BFF36F8FE2
:10581000216A29B983F31188BFF36F8FBDE8F08146
:10582000606A0A682262814208BF626283F311885B
:10583000BFF36F8FD1E90156C1F80C80C1E901882F
:10584000384614F0E0FB002231462046A847D7E74F
:105850005C0A002070B5044641B90D490D48472245
:1058600010F05DF80A48472110F052F8D1E90156CE
:105870000022C1E90122CA60074814F0C4FB314686
:1058800020462B466FF06D02BDE87040184700BF00
:1058900089D8030053B803005C0A00202DE9F047C3
:1058A000DFF878811F46B8F80431002B04460E4615
:1058B00008F58470154608BF0020002200230BF075
:1058C000A7FD002840F0A780002D77D005F10C0A35
:1058D0005046B8F8049113F07FF9484568D9B8F8F4
:1058E000049156F80C1F4A46504613F07DF949467C
:1058F000304606F00BF9637BAE69072B40F08880D9
:105900004FF04003EFF3118283F31288BFF36F8FE0
:10591000002E5ED000233360A369002B56D1C4E96A
:1059200005664FF0000982F31188BFF36F8F0421E1
:1059300005F10C0006F0CEF8238807F0FD0743EAD6
:10594000073707802B8A043B438002232B762846A7
:10595000FEF7FEFB074640B302464521304810F0F3
:105960004AFA4FF04003EFF3118783F31288BFF335
:105970006F8F002E3AD0314604F1140011F06AFC0A
:1059800087F31188BFF36F8F6FF00407B8F8043105
:105990002448002B08BF00200BF000FD2EB100238F
:1059A000AB6131462046FFF755FF3846BDE8F0872A
:1059B000504613F011F91FFA80F992E700220023F4
:1059C00004F1380013F0FAF8054694E71E60A6616A
:1059D000A7E7A36933B103F10C09DB680133C9F808
:1059E0000030A0E7E36904F11C09F7E7D9F80030BB
:1059F00053B90D490D484FF41D720FF090FF0A483E
:105A00004FF41D710FF084FF013BC9F80030B7E778
:105A10006FF07F07BAE76FF06807C6E7280200203B
:105A200013D003003003002089D8030053B80300CB
:105A30000448B0F80431002B00F5847008BF002042
:105A4000704700BF2802002038B5002204468A4271
:105A500002D10024204638BD04F1C4030120BFF365
:105A60005B8F53E8005F002D04D143E8000CBCF1CC
:105A7000000FF6D1BFF35B8F02D0C8340244E6E7D3
:105A8000002CE6D0C4220021204614F025FD04F1AC
:105A9000600004490CF08CF8034904F128000BF075
:105AA00013FFD7E7B5650200A97203002DE9F041A5
:105AB0000446002704F1380600230022304613F084
:105AC0007DF8034660B96369ABB1164916484FF4D7
:105AD00045720FF024FF4FF4457112480FF018FF84
:105AE0009D699F6105F03AFF002DE5D029462046CB
:105AF000FFF7B0FEDEE7E36943B10A490A4840F226
:105B000015320FF00CFF40F21531E6E7204611F098
:105B1000CEFB04F160000022BDE8F04100230CF050
:105B200035B900BF89D8030053B8030070B51646D5
:105B300004460D46FFF75EFE012E1FD0022E49D10E
:105B4000236933B12B48452110F055F9204611F057
:105B5000AEFB256121690A8A012A49D9CB681B88D5
:105B600004339BB29A4243D33AD92348452110F0DB
:105B700042F92046BDE8704011F099BB206938B960
:105B80001E48452110F037F9204611F090FB01E046
:105B90002E8A26B92846BDE8704005F0DFBE0C30DD
:105BA00013F01AF886420BD91548452110F023F955
:105BB00021690022204600F037FF00232361E9E736
:105BC00020692A8AE9680C3013F00EF8284605F09F
:105BD000C5FEBFE70B483246452110F00CF9D3E76C
:105BE0000023236120460122BDE8704000F01CBF65
:105BF00070BD00BFB9D803004DD90300DBD8030046
:105C0000FED803002AD903002DE9F8431746CA7AC3
:105C1000072A06460D46994608D8254808234521F7
:105C200010F0E9F86FF01500BDE8F883437B072B0F
:105C300006D02048452110F0DEF86FF07F00F3E732
:105C40008FB314F059FC1C4B1A581C4B9A421C4839
:105C500007BF002200234FF0FF324FF0FF330BF05D
:105C600043FB044608B3737B072B4FF000080CD0AE
:105C70001448572110F0BFF8C4E901881048C4F84F
:105C80000C80214614F0BFF9D7E7C0E90179C0F8CC
:105C90000C80AC61002406F138002C77294605F011
:105CA0003DFE2046C0E73C46F3E76FF06800BBE7E7
:105CB0006DD9030097D9030008000000582F002079
:105CC0005C0A0020ABD9030070B504461F4814F0ED
:105CD0003CFB1E4B0022012120460DF0F3FDBFF3DB
:105CE0005B8F1B4B1A68BFF35B8F04F114060AB974
:105CF000012070BDA3F1C40513F8B73C53B96FF090
:105D00004001281D11F0C1FA430603D52846FFF7CC
:105D1000CDFEEDE76B7B072BEAD10E4BB3F80421E8
:105D2000002AE5D0D3F81021A96B59B152B903F577
:105D30008473022130460DF0C5FD012384F8203024
:105D40000220D6E7044B00220421F3E75805002087
:105D5000E41E002028020020581E002010B550B973
:105D60001249134840F20A520FF0D9FD0F4840F291
:105D70000A510FF0CDFDBFF35B8FD0F8C430BFF3F5
:105D80005B8F00F1C4027BB1BFF35B8F591C52E8FB
:105D9000004F9C4204D142E8001CBCF1000FF6D138
:105DA000BFF35B8FE7D110BD1846FCE789D803002D
:105DB00053B8030010B500F1C403BFF35B8F53E881
:105DC000002F511E43E80014002CF8D1BFF35B8F65
:105DD000002A0ADC0D490E4840F226520FF09FFDC2
:105DE0000A4840F226510FF093FD428840F2011319
:105DF0009A420AD1BFF35B8FD0F8C430BFF35B8FF8
:105E00001BB9BDE81040FFF71FBB10BD89D80300C8
:105E100053B803002DE9F041467B8E4204460D46FF
:105E20000BD1082E96BF684B684A53F82620684865
:105E30005721BDE8F0410FF0DEBF417326B98378EA
:105E4000082B01D0FFF78AFF637B082B00F2B88094
:105E5000DFE803F0430597979797972397005D4DE9
:105E6000002705F584764FF04002EFF3118382F3AB
:105E70001288BFF36F8FE269002A7CD0013AE26199
:105E800083F31188BFF36F8FB5F80431002B14BF73
:105E9000304600200BF082FAE5E7A378042B70D09F
:105EA00004F1380014F0A2F84B4800210DF028FE50
:105EB0000023C4E91533E378012B62D1A378012BC9
:105EC00004BF032384F8B43004F160004FF420329F
:105ED000BDE8F04100230BF0F3BEA378042B04D1FE
:105EE0002046BDE8F041FFF765BF082E49D801A361
:105EF00053F826F06F5F0200195F0200615F020035
:105F0000E15E0200E15E0200615F0200615F02008B
:105F10006F5F02006F5F02002046FFF76BFCA37803
:105F2000012B0AD104F16005284614F0FAF810F0AC
:105F30000C0F02D028460BF02FFFBFF35B8F043409
:105F400054E8003F43F0400344E80032002AF7D110
:105F5000BFF35B8F2048BDE8F04100210DF0D0BDBC
:105F6000237B002BBCD02046FFF716FCB8E71B486C
:105F70002A4657215DE7616929B983F31188BFF388
:105F80006F8FBDE8F081A0690A686261814208BF35
:105F9000A26183F31188BFF36F8F4FF04002EFF3DC
:105FA000118382F31288BFF36F8FCA68E261CF60FA
:105FB00083F31188BFF36F8F2046FFF74BFC63E735
:105FC00007482A46572134E7ACB10300D6D903006D
:105FD000E0D903002802002058050020F6D903006C
:105FE00012DA030070B5024605460E460A48012142
:105FF00011F066F9044610B90024204670BD83787C
:106000001E42FAD105482A4657210FF0F4FE2046D9
:10601000FFF7D0FEF0E700BF201E002033DA0300B8
:10602000F8B5074609480D461646FFF797FE0446A1
:1060300050B183781F4203D1BDE8F840FFF7BABEE4
:106040003146A8472046F7E7F8BD00BF201E0020D4
:106050000A4A0B4908B5831ADB10904201FB03F38F
:106060000AD00849084840F244520FF058FC05484D
:1060700040F244510FF04CFCD8B208BD201E002065
:10608000295C8FC289D8030053B80300F8B50446D1
:106090000D4617461E4613F081FF50B110491148B6
:1060A0004FF4AC620FF03BFC0D484FF4AC610FF0C5
:1060B0002FFC0D493A46002C14BF204608463346B3
:1060C00012F077FD044628B9084857210FF093FED7
:1060D0002046F8BD291D0C3005F0E0FCF8E700BFB4
:1060E00089D8030053B80300780A00204FDA030070
:1060F00010B5437B023B0446062B25D8DFE803F0AE
:10610000042424240A1A0D00017300212046FFF7FD
:1061100081FE02E08378012B01D1002010BD0C49E3
:106120000C4840F2DA520FF0FAFB094840F2DA511B
:106130000FF0EEFB008810F028FE0028EED1637B04
:10614000072BEAD10821E1E76FF07F00E6E700BF07
:1061500089D8030053B80300F8B50446BFF35B8F3A
:106160006368BFF35B8F9B0500F1040011D5B4F8A1
:10617000A630B4F8A8209A420BD8B4F8AA209A42C4
:1061800007D3D4E92B239A4203D16FF4007111F0A5
:106190007CF8164B1D6875B9154D164FBD4222D9B6
:1061A0001549164840F235620FF0B9FB124840F22B
:1061B00035610FF0ADFBEE683EB1B4F8AE30B4F827
:1061C000AC20B4F8A6102046B047AD69E3E7EE680E
:1061D0003EB1B4F8AE30B4F8AC20B4F8A610204606
:1061E000B0471C35DAE7F2D3F8BD00BFD433002046
:1061F000E0A7030018A8030089D8030053B80300E0
:106200002DE9F041074608460C4610F022FE0546EF
:1062100018B900252846BDE8F081194B1E687EB9E3
:10622000184EDFF86480464523D91849184840F2D3
:1062300077620FF074FB154840F277610FF068FB4E
:10624000B3680BB9B669EAE7214638469847002893
:10625000DFD0204610F0FDFD0028F3D1D9E721461C
:10626000384698470028D4D0204610F0F2FD20B9D7
:10627000CFE7CFD2B368002BF1D11C36D3E700BFF4
:10628000D4330020E0A7030018A8030089D8030036
:1062900053B803002DE9F041C3780446BBB900F1BF
:1062A0009E06164B1D6804F190079DB9144D154FBD
:1062B00004F19008BD421DD91349144840F65D020F
:1062C0000FF02DFB104840F65D010FF021FB00F1AF
:1062D0009706E6E72B691BB13A46314620469847B8
:1062E000AD69E2E72B691BB142463146204698472B
:1062F0001C35DFE7F6D3BDE8F08100BFD4330020C2
:10630000E0A7030018A8030089D8030053B80300CE
:10631000F8B5437A83720446164611F00AF9124B17
:106320001D6875B9114D124FBD421AD91149124855
:1063300040F6CB020FF0F3FA0E4840F6CB010FF017
:10634000E7FA6B691BB1617A324620469847AD691E
:10635000E7E76B691BB1617A3246204698471C35E6
:10636000E2E7F6D3F8BD00BFD4330020E0A7030076
:1063700018A8030089D8030053B80300024B1A6819
:1063800082611860704700BFD433002038B50546DD
:106390000C460B480121FFF757FB80B105722368BB
:1063A000C0F89030A388A0F89430A37980F8963094
:1063B0000123437283728370024BC0F8A83038BD4A
:1063C000201E00201800280070B505460A480E4619
:1063D000FFF7C4FC044620B18378012B04D0FFF7FB
:1063E000E9FC0024204670BD3246294610F0E3FF48
:1063F0000028F7D12046F2E7201E002037B50D46D1
:10640000FFF7E2FF0446A0B12846FCF783FD627B5C
:10641000082A96BF0849094A51F8222000920346EB
:106420002246074857210FF0E6FC2046FFF7C2FC42
:10643000012003B030BD00BFACB10300D6D90300CA
:106440007DDA0300F8B505460E480E461746FFF7FD
:1064500085FC044620B18378012B03D0FFF7AAFC0A
:1064600000240DE036B13246294610F0A4FF08B9E9
:106470002046F3E7637BBB42FAD1237AAB42F7D1E4
:106480002046F8BD201E002010B583780B70C3781D
:106490004B70037A8B70437B082B02460FD8264C37
:1064A000E35C0B770023CB77437A4B7710F04AFFFE
:1064B00088779378012B0DD06FF0150010BD1F4920
:1064C0001F4840F6B5120FF02AFA1C4840F6B511E5
:1064D0000FF01EFA02F190038B60137A1948C3EB98
:1064E000C30303444B60D47802F19E0302F197008A
:1064F00014B11C4603462046C1E90303B2F8A63096
:106500008B82B2F8AC30CB82B2F8AE300B83D2F8CB
:10651000C03023B15B7BD80644BF0123CB77D2F8D0
:10652000C03013B15B7B9B0601D40020C6E7CB7F54
:1065300043F00203CB77F8E714DB030089D80300AC
:1065400053B803002802002038B5044608460D461B
:1065500010F07FFC48B3164B93F8D830990707D456
:10656000E37883B129462046BDE8384000F084BA7C
:1065700094F8B5309A07F3D5BFF35B8F6368BFF328
:106580005B8F5B05ECD42946204610F036FF58B9E6
:106590002B88A4F8A8306B88A4F8AA30AB88A4F89C
:1065A000B030EB88A4F8B23038BD6FF01500FBE7CF
:1065B00028020020F7B510F8533C0446A0F160060D
:1065C0005BBB304610F09DFF394B1D6875B9394DE6
:1065D000394FBD421AD93949394840F2FF520FF0BC
:1065E0009EF9364840F2FF510FF092F96B681BB1EB
:1065F00014F8541C30469847AD69E7E76B681BB147
:1066000014F8541C304698471C35E2E7F6D3304660
:1066100003B0BDE8F040FFF7CDBB10F85E3C012BA6
:1066200023D1A0F15C056FF40071284610F02DFE17
:10663000830521D5A36C00936946236D01933046F1
:10664000FFF782FF024690B96FF48071284610F080
:106650001CFEBFF35B8F55E8003F43F0800345E825
:106660000032002AF7D1BFF35B8F03B0F0BD1548AD
:1066700057210FF0C0FBECE7134A106851686B46D6
:1066800003C369463046FFF75FFF024660B9BFF3B8
:106690005B8F55E8003F43F4807345E80032002AE1
:1066A000F7D1BFF35B8FD4E708485721E1E700BF7C
:1066B000D4330020E0A7030018A8030089D8030002
:1066C00053B80300BBDA030080AC0300E5DA030033
:1066D00001460148FFF7DABCE00A00202DE9F04747
:1066E000437B05465BB96FF04001043010F0CDFDEF
:1066F000430604D52846BDE8F047FFF7D7B905F1B2
:10670000380013F095FC044658B9344934484FF426
:1067100066720FF004F9404080F311884FF00300D7
:1067200002DF204605F046F9DFF8B890028AB9F892
:1067300004319A420446027F07D832B90223214627
:106740002846FFF7ABF8064632E017464FF0000A3E
:10675000228AB9F804319A4204D80123237700220F
:106760000323ECE74FF0FF334FF0FF320020FFF739
:10677000AFFF6B7B072B804606D005F0EFF8204675
:10678000BDE8F04705F0EAB8C0F818A080F81CA0F2
:10679000637F437702463B4621462846FFF77EF853
:1067A0000646B8B107F001072777404605F0D6F84E
:1067B000204605F0D3F805360ED1A6690023A36163
:1067C000204605F0CBF83EB131462846BDE8F047FB
:1067D000FFF740B80127BBE7BDE8F08789D8030081
:1067E00053B803002802002068B10023C360074BA0
:1067F000596800F10C0219B9C3E900220020704762
:106800000A605A60FAE76FF015007047D83300202D
:1068100010B50C4813F0EAFB0B490A4813F0F3FBE0
:106820000A49084813F0EFFB0949064813F0EBFB4F
:1068300001F09AF804F0C6FB044608B910F0C6FE51
:10684000204610BD5C0A0020A4330020B433002091
:10685000C433002008B502460748036823B9074A35
:1068600042600860184608BD054845210FF0C3FA8C
:106870006FF00B00F7E700BFE4330020F0B1030036
:1068800096DB0300F8B505460F46164600234FF485
:10689000803204210020FFF7F9FB044630B9074895
:1068A0002A4645210FF0A7FA2046F8BD04210C30F6
:1068B00005F060F9057047704680F5E7C2DB03001C
:1068C000F7B52A4D2A4F04460026BD424AD9294928
:1068D000294840F285120FF022F8264840F285112F
:1068E0000FF016F86B6801A920469847002834DBA2
:1068F000019B2A889A829A8403F11002A868BFF348
:106900005B8F52E8001F42E8006CBCF1000FF8D129
:10691000BFF35B8F9E60A16D03F10802F9B9C4E972
:1069200015221C60D860019843681B6803B1984722
:10693000019BBFF35B8F103353E8001F41F001014F
:1069400043E80012002AF7D1BFF35B8F0198436838
:10695000DB6913B100F1100198470C35B5E70A6007
:10696000A265DEE7BED303B0F0BD00BFBCA7030045
:10697000E0A70300EFDB030053B8030073B50B8AF5
:10698000032B06460D4604D8224845210FF033FA62
:106990000DE0042105F10C0005F0D2F82A8A4388A5
:1069A0009342044606D01C4845210FF024FA0020EB
:1069B00002B070BD427812B918484521E6E7027866
:1069C000012AF4D0132A04D1012BF0D81448452110
:1069D000DCE7144857210FF00EFA6178356802227F
:1069E0000120FFF74FFF04460028E0D002210C30C1
:1069F00005F0C0F800230370437022460093052180
:106A0000284610F0B6FD0028D1D0204604F0A6FF9D
:106A1000CDE700BF20DC030043DC030069DC03009A
:106A20008FDC0300B0DC030038B50B8A032B05466E
:106A30000C4608D80E4845210FF0DDF92046BDE888
:106A4000384004F08BBF042104F10C0005F078F805
:106A500042882846114610F0AFFD20B9054857215D
:106A60000FF0C9F9EAE7436821465B699847E5E713
:106A7000DDDC0300FFDC030073B5174B0E4619780D
:106A80000131C9B2012938BF01210546082212206F
:106A90001970FFF7F7FE0446D0B108210C3005F05D
:106AA00069F83388038073884380B3888380F388D0
:106AB000C3800023284600932246052110F059FD8B
:106AC000054610B1204604F049FF284602B070BDCB
:106AD0006FF00B05F9E700BFAD3B002023281FD85E
:106AE0001A2804D8431E182B0ED906207047A0F18F
:106AF0001B03082B1ED8DFE803F0051D1B231D19FF
:106B0000251D0500032070470F4A012383401A40CA
:106B1000C2B90E4A1A40002A14BF0120062070474D
:106B200000F07F03522B05D10020704701207047F1
:106B30000520704710F0400F0CBF06200020704762
:106B40000420704702207047AAAA8A0254554501C2
:106B500008B5437B072B05D00C4857210FF04BF9A4
:106B6000002008BD042110F027FD10B90848452178
:106B7000F4E7BFF35B8F036BBFF35B8F5B0702D45C
:106B800004484521EAE750F8040CEAE740DD030039
:106B900053DD030073DD0300011F01480AF03CB818
:106BA000900900202DE9F04F91B0166880460F46FD
:106BB000002542F601030068D6F804908DF82C50A9
:106BC0000BA91446ADF82E3010F012F800286FD043
:106BD0004FF42053D8F800008DF82C500BA9ADF8D5
:106BE0002E3010F005F838B1A3681BB15A88BA42AC
:106BF00000D25F8001200EE06168084610F0F1FCD1
:106C0000728B738D9A4294BFC0EB0200C0EB0300FD
:106C1000032803D8002011B0BDE8F08F084604F027
:106C2000DFFE0546606810F0DCFC728D738B05F1A9
:106C30000C0B9A4294BFC0EB020AC0EB030A584601
:106C400011F0CAFF824536D2606810F0CAFC728D1E
:106C5000738B9A4294BFC0EB0200C0EB030070B983
:106C60006368987A04F0AEFC0022002311F0A1FFC3
:106C700005460028CED00146606804F0EFFE0023F0
:106C80000093D8F80460102302AA41464846B04752
:106C9000061E0DDB227CE068B2422BD001460BA819
:106CA0000FF0D4FF58B9227C144857210FF0A3F8F5
:106CB0000023A3609EE7584611F08EFFCFE7F2B2A3
:106CC00002A906A80FF0C2FF18B90D483246572195
:106CD000ECE706A90BA80FF08BFF0028E8D10023F2
:106CE0006374042105F10C0004F044FFA0600780E8
:106CF000A3687EE702A913F04EFBEEE792DD0300E6
:106D0000B6DD030010B5044640B909490948C72259
:106D10000EF005FE0648C7210EF0FAFD00211422F0
:106D200013F0DAFB21460448BDE8104013F06BB9BC
:106D3000DADD030053B80300400A002010B500F16B
:106D400030030446BFF35B8F53E8001F41F004019A
:106D500043E80012002AF7D1BFF35B8F201F10F029
:106D600096FC04F1540004490AF022FF2068BDE8B3
:106D7000104002F04FBC00BF5D7B02002DE9FF41D7
:106D800005460E464FF000084FF420530068176880
:106D90008DF8088002A91446ADF80A300FF028FFDC
:106DA000A0B142F6010328688DF80C8003A9ADF864
:106DB0000E300FF01DFF48B123691BB15A88B24253
:106DC00000D25E80012004B0BDE8F08161682868CF
:106DD0000FF00EFF10B100232361F3E7E368A06812
:106DE0001A786AB1B7F81AC0798D038A8C4594BFB6
:106DF000C3EB0C03C3EB0103934201DA0020E2E78B
:106E000004210C3004F0B6FE2061068023695E8008
:106E1000074B00930194A26800232946384610F0DE
:106E2000D5FC0028EADB2069003818BF0120CAE73A
:106E3000F576030000B5024613F05EFB0B460649EB
:106E400008580649884206485DF804EB04BF002252
:106E500000230AF049BA00BF08000000582F0020A4
:106E6000400A00202DE9F041531C0D46428B418D14
:106E70008A4228BF0A469342804607D91D485721B7
:106E80000EF0B9FF00242046BDE8F0812846FFF748
:106E900025FE022813D0042811D04FF0FF364FF002
:106EA000FF37002132463B46084610F05FFB0446A0
:106EB00048B911482A4645210EF09DFFE2E74FF4FC
:106EC00070260027EDE730463946FFF7B3FF38B9A3
:106ED0000A4857210EF08FFF204604F03FFDD1E70E
:106EE000C0F800800121A06104F10C0004F042FE12
:106EF0000570C8E709DE0300C2DB030033DE0300D0
:106F00002DE9F743176805468846006851687E6892
:106F100014460FF06DFE8146002842D1304695227E
:106F2000294611F0FEF90646207540B1E3681B784A
:106F30000BB184F81490002003B0BDE8F083A06882
:106F400004F04EFD02210C3004F014FE164B2061BB
:106F5000A0F8008000930194A26833462946384681
:106F600010F034FC002807DA10F1FF0F26BF404272
:106F7000C0B20E202075DEE72369002BDBD0A068AD
:106F800010F02FFB7B8B7A8D9A4294BFC0EB0200EE
:106F9000C0EB0300E3681B78984294BF00200120F7
:106FA000CAE70120C8E700BFF3750300F7B5002367
:106FB00004460E462F480022694609F0D3FD0546D7
:106FC00048B12D48224645210EF015FF6FF00B0504
:106FD000284603B0F0BD13F08FFA284B009F1A58D3
:106FE000274B29461A60381D2C2213F075FA3C6095
:106FF000009C24480195C4E90155C4E90A550022C2
:10700000002301A909F0AEFD054618B122681E480B
:107010005721D9E7019B01469022184613F05CFAEC
:107020001A4A82603C3012F0E1FF019BBFF35B8F94
:10703000343353E8002F43E800510029F9D1BFF35E
:107040005B8F019B1C60A36A019F1BB904F10C00BC
:1070500012F0CCFFA26AC7F88820E26A07F1880321
:10706000A36202B9E362019B17225A855A83043353
:107070003360ADE77009002057DE03000800000010
:10708000503400209009002081DE030068050020B4
:107090002DE9F347D1F81880CB68D8F80090BFF3FA
:1070A0005B8F426BBFF35B8F520706460C4609D4D9
:1070B0002B4845210EF09FFE6FF01505284602B0C3
:1070C000BDE8F0871B78D22B10D10368186811F047
:1070D0004DFC054650B1452122480EF08CFEA069BA
:1070E000FFF710FE204604F039FCE7E704F10C003E
:1070F00011F06EFDB4F810A0C8F8006033681D6888
:10710000E36807461878FFF7E9FC05281CD8164BFA
:10711000CDF8008053F8203022462846042110F094
:1071200028FA05460028C9D010F1690F03D10F488D
:1071300045210EF060FE6369A4F810A013FA87F7EA
:10714000E760C8F80090B9E709490A484FF422728D
:107150000EF0E5FB06484FF422710EF0D9FB00BF9C
:1071600073DD0300ABDE030018B20300C3DE0300CF
:10717000DADD030053B8030008B550B917491848C1
:1071800040F249320EF0CBFB40F2493113480EF089
:10719000BFFB41B91149124840F24A320EF0BFFB21
:1071A00040F24A31F2E74A6842B90C490C4840F2D1
:1071B0004B320EF0B4FB40F24B31E7E7836B43B147
:1071C000064907484FF453720EF0A9FB4FF4537170
:1071D000DCE7BDE8084010F03BBC00BFDADD03008F
:1071E00053B803002DE9F0470B8A076804460E46A2
:1071F00033B9374845210EF0FEFD0020BDE8F08789
:10720000012106F10C0004F09BFC7B7B072B05465B
:10721000F3D154F8043C002BEFD002782D4FA4F1A9
:107220000408002317F8330090424FEAC30A07EB23
:10723000C3010DD191F80290B9F1010F1FD10021C6
:1072400004F1300010F093FB28B323485721D2E714
:1072500001330E2BE6D1214857210EF0CCFD2978C1
:107260000846FFF73BFC0028C7D00528C5D00029F9
:10727000C3D006230022404610F0BDFCBDE7B9F1A3
:10728000050F08D1012104F1300010F070FB10B19E
:1072900013485721AFE75744328A7B78934209D984
:1072A0002B78104845210EF0A6FDB9F1010FA4D1AD
:1072B000042309E07B68314640469847B9F1010F45
:1072C00003469AD1002898D02978002995D0D1E793
:1072D000EBDE030030B203002ADF03000BDF030004
:1072E0004BDF03006FDF0300F0B51E4603680D4659
:1072F000003987B0044618BF01211868174611F0FD
:107300004AF848B9052104F1340010F030FB002898
:1073100048D0002007B0F0BD002E45D01822002133
:10732000684613F0D9F867BB2368204A1B680093AE
:107330000023ADF812300C9B0393BDF83430ADF848
:10734000103001238DF8143031466B4630468DF8ED
:10735000085010F091F99DF81430E3B1002FD8D007
:10736000019B9869FFF7CEFC019804F0F7FA9DF8AD
:107370001430002DCDD032462946204610F03BFC7B
:10738000C7E7002239462046FFF76CFD0190002830
:10739000CAD11120BEE701990029BAD0204610F0C9
:1073A0001CFCB6E71220B5E70120B3E7177603000F
:1073B000F8B50F461646FFF7CBFBB0B1836A184607
:1073C0001BB150F8883903B1883B741C214638B191
:1073D000428B458DAA4228BF2A46A24207D263B9F2
:1073E0000A48224657210EF006FD0020F8BD32461D
:1073F0003946BDE8F840FFF735BDD3F8885005B1F0
:10740000883D18460C462B46E2E700BF93DF030099
:10741000F8B50D46002106464FF4702200230846B9
:1074200010F0A4F8044638B911482A4645210EF058
:10743000E2FC00242046F8BD00F10C070821384684
:1074400004F02CFB4FF470200021FFF7F3FC38B957
:10745000084857210EF0CFFC204604F07FFAE8E7F9
:1074600006600121A061384604F084FB0570E1E765
:10747000C2DB030033DE03002DE9F0410E8A043E37
:10748000F6B2022E04468CB0084601D0102E6BD105
:1074900004210C3004F054FB0DF1080805884788DE
:1074A000011D324640460FF0D1FB00285ED0002D72
:1074B00039D00026002F35D0BD4234D84FF42053A8
:1074C00001A940468DF80460ADF806300FF090FB3E
:1074D00068BB1422002107A812F0FEFF012211212F
:1074E0002046FFF795FF099000283BD001210C3082
:1074F000CDE9074804F03EFB00230A901C4A0370C4
:1075000039460B93284607AB10F0B6F80A9B1B7858
:107510001BBB099B9869FFF7F5FB099804F01EFA5D
:107520000A2301E03D4601232A4610210EE042F6DF
:10753000010307A940468DF81C60ADF81E300FF01E
:1075400057FB0028C5D010232A461946204610F0C4
:1075500052FB00200CB0BDE8F0810999204610F0E4
:107560003CFBF6E71120F5E70420F3E70E20F1E7F6
:107570007D6D02002DE9F043036885B004460D4699
:107580001868012110F007FF50B9052104F13400FB
:1075900010F0EDF900283BD1122005B0BDE8F083D2
:1075A00010220021684612F097FF00222121204678
:1075B000FFF72EFF029068B3DFF85C90009405F1AE
:1075C0000C074FF001082B8A012B04D802992046A2
:1075D00010F003FB1CE0384611F0F2FA6B464A4605
:1075E000014606468DF80C8010F046F89DF80C30E8
:1075F000002BE8D0029B9869FFF784FB029804F007
:10760000ADF99DF80C3032462021204610F0F3FAF7
:107610000020C2E71120C0E7DF7903002DE9F04325
:10762000036885B004460D461868012110F0B3FECA
:1076300050B9052104F1340010F099F900283BD12C
:10764000122005B0BDE8F08310220021684612F038
:1076500043FF00220F212046FFF7DAFE029068B3B5
:10766000DFF85C90009405F10C074FF001082B8ABD
:10767000012B04D80299204610F0AFFA1CE03846DE
:1076800011F09EFA6B464A46014606468DF80C807C
:107690000FF0F2FF9DF80C30002BE8D0029B9869A8
:1076A000FFF730FB029804F059F99DF80C30324690
:1076B0000E21204610F09FFA0020C2E71120C0E7FB
:1076C00099790300F0B51D46036885B004460E465F
:1076D00018680121174610F05EFE40B9052104F13B
:1076E000340010F044F970BB122005B0F0BD8DB32A
:1076F00010220021684612F0EFFE00223946204693
:10770000FFF786FE029038B3BDF82830ADF804309C
:1077100001238DF80C30114A00946B462946284607
:107720000FF0AAFF9DF80C307BB1029B9869FFF720
:10773000E9FA029804F012F99DF80C302A46314615
:10774000204610F058FA0020CFE70299204610F0AA
:1077500044FAF8E70120C8E71120C6E79979030049
:107760002DE9F0410D8A043DEDB2022D04468CB0A6
:10777000084601D0102D50D104210C3004F0E0F95E
:107780000DF1040806884788011D2A4640460FF07F
:107790005DFA002843D096B187B1B7420FD31822C3
:1077A00000210DEB020012F097FE01220921204674
:1077B000FFF72EFE089060B9112007E03E46012336
:1077C00032460821204610F016FA00200CB0BDE821
:1077D000F08101210C30CDE9064804F0CBF90023FB
:1077E000099003700A238DF82C300E4A06AB3946F7
:1077F00030460FF041FF9DF82C304BB1089B986943
:10780000FFF780FA089804F0A9F89DF82C30D7E724
:107810000899204610F0E1F9D7E70420D6E70E20BA
:10782000D4E700BF016F02002DE9F0430F4687B097
:107830000446062107F10C0004F082F90588B0F82F
:1078400002808288D7F80C90C5B10023B8F1000FF0
:1078500013D0454512D88DF800308DF8043001A9B9
:107860004FF420536846ADF80220ADF806300FF013
:10787000BFF9064660B10A2301E0454601232A46C6
:107880000621204610F0B7F9002007B0BDE8F083CC
:107890000146142201A83F7C12F01EFE3246072149
:1078A0002046FFF7B5FD0290F8B10A238DF8153098
:1078B0000F4A019401AB41462846CDE903698DF892
:1078C00014700FF0D9FE9DF815304BB1029B9869EA
:1078D000FFF718FA029804F041F89DF81530CEE74A
:1078E0000299204610F079F9CEE71120CDE700BFCC
:1078F000A56B02007FB5CB681D885E8804468DB1FC
:107900007EB1B5420ED810220021684612F0E4FD87
:10791000002205212046FFF77BFD019058B9112078
:1079200007E0354601232A460421204610F063F97A
:10793000002004B070BD6B460A4A009431462846C8
:107940000FF09AFE029B43B9019B9869FFF7DAF9A1
:10795000019804F003F80A23E5E70199204610F0A6
:107960003CF9E5E71577030038B50B4C0B4D204685
:1079700012F03CFB2946204612F045FB05F11401AC
:10798000204612F040FB05F12801204612F03BFB97
:10799000BDE8384000F010BF400A00201434002039
:1079A00013B50B46002101910E49024612F0A4FDC9
:1079B0000C680D4909580D488C4208BF002201A9E6
:1079C00008BF134609F0CEF8014640B9019B1C22BE
:1079D000184612F081FD0346184602B010BD002380
:1079E000FAE700BF5034002008000000B009002072
:1079F00010B5836804463BB19869FFF783F9A06826
:107A000003F0ACFF0023A36021460248BDE810400C
:107A100009F002B9B00900202DE9F34704465830B7
:107A20000E4617461D460AF0B7F9A06B50B9164826
:107A300057210EF0E0F9206810F05BF8002002B04A
:107A4000BDE8F087114B98424FF0000802D1C4F80E
:107A50003880F0E7D0F80490C0F80480A06BD0F82C
:107A600018A0FFF7C5FF2068C4F8388010F041F86F
:107A7000B9F1000FE2D02068CDF800A000683B46C5
:107A800032462946C847D9E7B3DF03005434002003
:107A90002DE9F34150F8044C0546002C59D000F173
:107AA000840104F128000FF038FF2F1F05F138087A
:107AB00000220023404611F081F8064640BB6B6B64
:107AC0002BB1024601460E233846FFF7A5FF0023DF
:107AD00045F8043C022105F130000FF037FFA36A9E
:107AE000002B36D104F10C0700220023384611F098
:107AF00065F8064698B96668C6B9174826602146F3
:107B000009F08AF8286802B0BDE8F04101F04CBEE7
:107B1000B069FFF7F7F8304603F020FFC8E7B06917
:107B2000FFF7F0F8304603F019FFDDE7A26833688D
:107B30006360964208BFA360776837B1B36900936A
:107B4000002320681A460E21B8473046FFF750FF41
:107B5000D1E702B0BDE8F0817009002070B550F89F
:107B6000583C92B0064618680FF045FC037804466E
:107B700007AD032B29D8DFE803F00222242616499B
:107B80002846F4F763FBA379059562780492A278FE
:107B90000392E278029222790192627900921E2188
:107BA0000E4A0AA80CF0E6FF0AAA45210C480EF07E
:107BB00022F9A6F15400FFF76BFF12B070BD09491E
:107BC000DEE70949DCE70949DAE7094A0A212846DC
:107BD0000CF0D0FFD7E700BF8BB80300B4B80300A8
:107BE000CFDF030092B8030099B80300A3B80300E5
:107BF000ADB8030070B50C4650B92149214840F694
:107C000042720DF08CFE40F642711D480DF080FE70
:107C100041B91B491B4840F643720DF080FE40F607
:107C20004371F2E7FEF794FF064640B9A069FFF7FB
:107C300069F8204603F092FE6FF07F0070BD00F1FE
:107C40000C052846214603F069FEB06A38B150F8A9
:107C5000884904B1883C29460FF07AFF20B90020FA
:107C6000ECE71C466FF00100002CF8D0D4F8883007
:107C700023B90230F5D020461C46ECE7883BF8E7F4
:107C8000DADD030053B8030038B50C46054650B999
:107C90001749184840F658720DF041FE40F65871E9
:107CA00013480DF035FE41B91149124840F659729A
:107CB0000DF035FE40F65971F2E70AF0F9FA284660
:107CC000FEF746FF20B90AF043FB6FF07F0038BD96
:107CD0000023236083683BB9C0E901440FF009FF2A
:107CE0000AF036FB0020F2E71C608460F6E700BF74
:107CF000DADD030053B8030010B5084914461846EE
:107D00001022A047041E06DA0548224645210EF03F
:107D100072F8204610BD0024FBE700BF401F002082
:107D2000F5DF030070B50D4C2378834206460D46FF
:107D300004D1611C284610F045F958B9237CB342A0
:107D40000AD10749284610F03DF910B1012004EB93
:107D5000001070BD0020FAE70020FAE78834002008
:107D60009934002070B50D4C2378834206460D46A9
:107D700004D1611C284610F025F958B9237BB34281
:107D80000AD10749284610F01DF90028054808BF08
:107D9000002070BD2046FCE70020FAE7E81E002026
:107DA000F51E0020F41E002070B50D4C2378834290
:107DB00005460E4603D1601C10F004F960B9237B20
:107DC000AB420BD10748314610F0FCF818B1012046
:107DD0000C2303FB004070BD0020F9E70020FAE708
:107DE0000A3900201739002008B506481021FBF792
:107DF000FDF9024628B1BDE80840034845210DF0D1
:107E0000FABF08BD301F00201BE0030070B5144D01
:107E1000064640B115F8011C2A466C1E0FF0CBFA3D
:107E200098B120460CE00F49284610F0CBF840B935
:107E30000C4905F1100010F0C5F820B105F10F0054
:107E400070BD681EFCE70020FAE7217C04F11102F6
:107E500030460FF0B0FA0028F5D004F11000EFE73B
:107E600089340020FBC9030010B54A1C0C4638B108
:107E700009780FF0A0FA08B1204610BD0020FCE7F9
:107E80000249104610F09EF8F5E700BFFBC9030059
:107E900008B501460246083211F8010B0423FBF72E
:107EA00073F9024628B1BDE80840024845210DF0AB
:107EB000A2BF08BD46E003002DE9F04106460F468B
:107EC00090460EF0E9FF394604463046FFF74AFF78
:107ED000054694B3A8B91A481A4A10F0A8F80446FF
:107EE000F0B102F1140010F0A2F8D8B902F10C05BB
:107EF00001240C235C43601C3946104410F0D3F875
:107F00001655012101FA08F105F1080010F071F889
:107F1000BDE8F0410C484FF40042002309F036BFA1
:107F20001546E6E709490A4840F276520DF0F7FC9B
:107F3000064840F276510DF0EBFCBDE8F08100BF41
:107F4000F01E0020E81E0020001F002067E0030054
:107F500053B8030070B5204B144682689A420FD183
:107F6000A568C66875B922792168304610F032F8E4
:107F7000024628B11949013010F095F815701581A5
:107F8000012070BDE0680028FBD02B888B420AD00E
:107F9000F6D2E068A36801380433E0600038A360DB
:107FA00018BF0120EDE7256822792946304610F0F8
:107FB00011F8024660B90949304610F00BF8024644
:107FC0000028E6D02946013010F06DF823791370AF
:107FD000A3685B881381DCE7A5850200FBC9030069
:107FE0002DE9F04180460F4616461D46FFF7DCFEA0
:107FF000044678B91549FFF7D7FE044628B9BDE80D
:10800000F041134845210DF0F6BE00F8018B3946CA
:1080100010F049F8228963896AB973B926816581AC
:10802000214611F8010B0EF037FF40B12046BDE8A4
:10803000F041FFF72DBF964203D39D42EFD8BDE834
:10804000F0819D422681EBD9E9E700BFFBC903001F
:1080500097E003002DE9F0411F46BDF81830012BD1
:108060000646904634D83B44012B3D4633DCFFF7AF
:10807000CDFE044660B9FFF7C9FE044640B9194871
:1080800057210DF0B8FE6FF010052846BDE8F081CD
:1080900097B1217A98F80020002321FA03F0C7074E
:1080A00003D522FA03F0C00718D50133032BF4D10E
:1080B00002F007021143217206F19001601C0FF0DB
:1080C000F2FF337A2370012120460FF0F3FFDCE743
:1080D0006FF00605D9E76FF00C05D6E76FF01205D3
:1080E000D3E700BFBBE003002DE9FF410E46174672
:1080F0009846044648B9294845210DF07CFE6FF0AA
:108100001505284604B0BDE8F08102A90EF04AFD2D
:10811000054628B12248224645210DF06CFEEEE7C7
:1081200001A920460DF09BFF019840B10A22294683
:108130000CF04CFD024610B11A484521EDE702A9AA
:108140000020FFF731FE044608BB002ED9D01649A7
:10815000FFF72AFE044630B9144845210DF04BFEC6
:108160006FF00B05CDE7002300F8013B02A90FF0EB
:108170009AFF04F1080104224046B847041EC0DA01
:108180000B48224645210DF036FE2546B9E7002E64
:10819000EFD1066046608660B3E700BF26CA0300E1
:1081A000ECE003000DE10300FBC903002DE1030037
:1081B000F5DF030010B5FFF7F7FD044668B101468F
:1081C00011F8010BFAF7EEFF024618B104484521F9
:1081D0000DF011FE20460FF07BFF002010BD00BF08
:1081E00054E1030038B500F1900504462946007AB1
:1081F0000EF052FE03462946207A4BB1FFF7DAFF14
:10820000024660B1BDE83840054845210DF0F3BD98
:10821000FFF7CAFD18B1BDE838400FF059BF38BDAF
:1082200076E1030010B56FF0020104460E480FF02E
:10823000EFFE0D480FF0FBFEC20704D50B480022ED
:10824000002309F0A3FD20460FF01DFE58B1204683
:10825000FFF7DCFD38B1037ADB0704D5BDE8104039
:1082600001210FF027BF10BDF81F0020C81F0020FC
:108270001FB51046074A19464FF42813CDE90223CB
:1082800008230093BDF818206B440FF052FF05B08F
:108290005DF804FB1800280008B513468168074AFA
:1082A000914209D11A791968C0680FF093FE18B18C
:1082B0000023036043600381012008BDA5850200FF
:1082C00038B5094B154682689A420AD1C4682968B4
:1082D000013420460FF076FE18B1696820460FF091
:1082E000E2FE012038BD00BFA585020038B50C4B69
:1082F000144682689A420D460FD122792168C068DF
:108300000FF068FE48B1D4F8C83004EB83020133A3
:10831000158101895181C4F8C830012038BD00BFE2
:10832000A585020002484FF4A472002309F02EBD77
:10833000C81F002008B5042108480FF05AFE07485E
:108340006FF002010FF064FE04480FF070FEC307E7
:1083500001D5FFF7E7FF002008BD00BFF81F002090
:10836000024608B5084901300FF09DFE0023137244
:108370000C32BFF35B8F52E8001F42E80030002848
:10838000F9D1BFF35B8F08BDFBC903002DE9FF41A5
:10839000884616461F46044648B9364845210DF022
:1083A0002AFD6FF01505284604B0BDE8F08102A94A
:1083B0000EF0F8FB054628B12F48224645210DF066
:1083C0001AFDEEE701A920460DF049FE019840B1E3
:1083D0000A2229460CF0FAFB024610B12748452133
:1083E000EDE702A90020FFF79DFC044680B9FFF7E6
:1083F0000DFD044630B9224845210DF0FCFC6FF01C
:108400000B05D0E7002300F8013B02A90FF04BFE5B
:10841000B8F1000F29D0022269463846B047061E3F
:1084200006DA1848324645210DF0E5FC3546BAE734
:108430009DF800302372022E08D0134857210DF00A
:10844000DAFC002120460FF035FEACE79DF8012054
:10845000012A04D90D4857210DF0CDFCF1E702F0B7
:10846000010120460FF00FFE9DE72046FFF778FF41
:1084700099E700BF26CA0300ECE003000DE103000A
:1084800091E10300F5DF0300B8E1030011E203000E
:10849000F8B56FF008011748174C184F0FF0B8FDEA
:1084A00017484FF4A4720023FAF72EFF0026651C2C
:1084B000394628460FF086FDB0B9237ADB0713D57D
:1084C0002946FDF781FF054620B10FF0DEFC284666
:1084D000FDF770FC6FF0020104F10C000FF098FD45
:1084E000002120460FF0E6FD103406B1F8BD01264C
:1084F000DDE700BFF81F002088340020FBC903001F
:10850000501F00202DE9F041234B154682689A4206
:10851000074602D1C468638933BB0120BDE8F081FE
:10852000FDF748FCE36800216181002BF5D0384657
:108530009847F2E705F19008287A41460EF0ACFC26
:1085400068B9164B9C4202D12846FFF74BFE1449EE
:1085500030460FF0A8FD002323702381E2E7414657
:1085600030460FF0A0FDDDE72389002BDAD0264648
:10857000284616F8011B32460EF01DFF0028D9D1FF
:1085800020783146FDF720FF0028CBD0437B072B16
:10859000C6D1FDF70FFCC0E7A5850200D405002079
:1085A000FBC903002DE9F0471F46BDF82030D1F884
:1085B0000C9006468846002B4DD17B1E012B4DD8D2
:1085C000012F4946157818BF1588FFF74DFC044662
:1085D000B0B915B93846BDE8F0874946FFF744FC05
:1085E000044630B91F4857210DF005FC6FF010000C
:1085F000F1E706F1900101300FF055FD337A237059
:10860000D9F81030DBB9B4F808A02581B9F80A30E0
:10861000AB4203D0494640460FF05EFCAA4505D068
:10862000307A002206F19001FFF746FC002DD1D1EF
:108630000D49601C0FF037FD25702581CAE72A46D9
:108640004146304698470028C5DB01380128DAD971
:108650006FF00D00BFE76FF00600BCE76FF00C0095
:10866000B9E700BF67E20300FBC9030038B5054660
:108670000C460F4801210FF0BCFC10F0010F0D4B10
:108680000AD11D835C830A480FF0D1FC830709D40B
:10869000BDE83840FFF746BE198B5A8BA94202D875
:1086A0009442EFD838BD94421D83ECD9EAE700BF6D
:1086B000F81F0020A81F0020022110B510480FF05D
:1086C00098FC08401BD10F490F4A0B880F4CA2425F
:1086D00012D900B10B800E490E4840F2AC520DF099
:1086E0001EF90B4840F2AC510DF012F950680344EA
:1086F0009BB208320120EAE7F8D300B10B8010BD2D
:10870000A83400202239002018A8030038A803004C
:1087100067E0030053B8030037B504460D46FFF782
:1087200001FB0246B8B1037A8DF804300C300FF02B
:108730007EFC00F001008DF80500022301AA294605
:108740002046FAF737FD024618B1044845210DF0DE
:1087500052FB03B030BD0346F1E700BF86E20300E1
:1087600010B5104C104920460FF02CFC014638B9CA
:10877000601E0FF088FC14F8010C2146FFF7CCFFB7
:1087800009490A480FF01EFC014650B908480FF08D
:108790007AFC084BBDE81040187C03F11101FFF78B
:1087A000BBBF10BD89340020FBC9030099340020F1
:1087B000983400208834002008B5134801210FF0B8
:1087C00018FCC3071FD4FFF777FF1049104809F0C2
:1087D000EFF900234FF4A4720D48FAF78FFD0D490D
:1087E0000D4809F0E5F902210C480FF002FC0C4994
:1087F0000C4809F0DDF90C48FDF7F6FFBDE808402C
:108800000A48FDF7BBBD08BDA83400201B83030048
:10881000501F0020A1910200C81F0020F81F002057
:108820007D840300001F0020AC050020900500207F
:108830002DE9F041034678B3008A68BB1849DFF898
:1088400064E001244FF0140C714524D916491748EF
:108850004FF4E2620DF063F813484FF4E2610DF05B
:1088600057F8D1E90076BB4204D30CFB0672143AE8
:1088700093420ED93444A2B208311446E4E70CFB0B
:10888000057843450AD001356219B54292B2F6D156
:10889000F2E70025F8E7E4D3BDE8F0811046FBE7F6
:1088A00018A8030038A8030067E0030053B80300CA
:1088B0002DE9F04F89B09946BDF8483004460F467F
:1088C00090461BB94FF6FF73ADF84830374B1B8805
:1088D000A34226D2BDF84830ADF81E30344B1D6897
:1088E000002D3AD109B0BDE8F08F149B286804939D
:1088F000139B039312ABCDE90193CDF800803B4667
:1089000022460BFB06000FF098FB0028EAD0013648
:108910006B680AEB0601B34289B2E6D80DE0002687
:10892000F6E7244D4FF0010A4FF0140B07E0D1D2C7
:1089300069685144A142F2D289B208358A461E4B79
:108940009D42F4D91D491E4840F2D4720CF0E7FF55
:108950001A4840F2D4710CF0DBFF083D4FF0140AC6
:108960000DF11E0BAE68BEB96B689E4219D2286825
:10897000149B0AFB06002246018A0493139BCDE94F
:108980000089CDE902B33B460FF057FB0028A9D080
:108990000136E9E70026E7E756F8083C1B8AA342C0
:1089A000F8D8AD68002D9DD0083DDBE722390020C6
:1089B000AC34002018A8030038A8030067E00300C7
:1089C00053B8030010B5C8B000231CAA694604A818
:1089D000CDE90033CDE902330DF06EFD28B913481F
:1089E00045210DF008FA48B010BD4FF6FF71012087
:1089F0000F4A04AB0FF086FC0E4804A90DF0F1FD00
:108A000010B90D484521ECE70A4B082203F110018B
:108A1000187811F8014D03F8014B013A0870F7D1AD
:108A2000082106480FF0E5FADDE700BFB4E20300D5
:108A30001F7F0300301F0020D2E20300F81F002038
:108A40002DE9F0411849BDF818700446A1F1300035
:108A500015461E4609F0E8F914480FF0E8FA010738
:108A600005D4FFF7AFFFFFF77BFEFFF7BDF9204608
:108A7000FFF7CCF968B1037ADA070AD500F10C04E4
:108A800020460FF0D4FAC30703D4022120460FF08A
:108A9000B0FA102306933A4631462846044BBDE807
:108AA000F0410FF046BB00BF801F0020F81F0020E0
:108AB000301F002010B51B480FF0B9FAC0F3C000FA
:108AC00080F0010408B9FFF77DFF16480FF0AFFAF8
:108AD000034614480FF0ABFADA0622D5830606D512
:108AE000FCB1FFF73DFEBDE81040FFF77DB9202146
:108AF0000C480FF07EFA0C491022881811F04BFC3C
:108B000048B90A4809F048F9BDE8104005486FF037
:108B100001010FF07DBA4FF6FF710120FFF7A6FDAE
:108B2000DFE710BDF81F0020301F0020C81F002005
:108B300008B5102103480FF05CFAFFF7BBFF0020D7
:108B400008BD00BFF81F00202DE9F74F044650B9BB
:108B50007149724840F26D620CF0E1FE40F26D61C5
:108B60006D480CF0D5FE036843B96B496B4840F281
:108B70006E620CF0D4FE40F26E61F1E7436843B9D7
:108B80006549664840F26F620CF0C9FE40F26F61C1
:108B9000E6E763480FF04BFAC1070DD561480FF0C7
:108BA00046FA420708D4604845210DF024F96FF0D9
:108BB000150003B0BDE8F08FFFF77EFD23680025A8
:108BC00018688DF800504FF4C0536946ADF8023074
:108BD0000EF00EF810B96FF07700EAE7236801A9EC
:108BE00018688DF8045041F60103ADF806300DF019
:108BF000FFFF0028EFD04D4D09F05AFB2B68276886
:108C0000B4F80490ABB94A4A1688002F5CD1002210
:108C100004F10803A2606A68002A5DD1C5E9003347
:108C20003F480FF004FAC30766D409F091FB002017
:108C3000BFE76B68002B6CD053E90232142101FBB3
:108C4000023333F8046C002F44D1002EDFD02368A8
:108C50001F8AB742DBD829680029E1D0A1F10803B7
:108C600000221868008AB8423FD904F10803002A9C
:108C700035D09168A1600029CDD09360D0E7398AC2
:108C800069B9711C89B2398209F1FF3914371FFAA9
:108C900089F90E46B9F1000FF1D14646D5E7B14248
:108CA000F2D801AB5A460846CDF804A00FF02AFBD3
:108CB000019B3BB13A8A1F4845210DF09CF809F011
:108CC00047FB74E73146DFE79846DFF86CB04FF0BA
:108CD000000ADFE7B046F8E713606B60A0E76A6858
:108CE000A1602B60002A9BD1F7E79868002897D0F5
:108CF0001A46A0F10803B4E7D4E90023142101FBCC
:108D00000323108A33F8041CFFF7B0FCFFF7C0FB05
:108D10008BE71B68FFDE00BF67E0030053B803006A
:108D2000A8340020F81F0020F0E20300AC3400203B
:108D30002239002037E30300D37E03002DE9F043FE
:108D4000B9B00C4617462C4940986A4698460DF033
:108D500062F948B9294845210DF04DF86FF0150525
:108D6000284639B0BDE8F083009E01A930460DF0D9
:108D700076F936B9224845210DF03DF86FF015041B
:108D80002AE0019870B90DF10809002349463046E0
:108D90008DF814300DF006FF054678B119483246BB
:108DA000452108E00A2200210BF010FF02460028AE
:108DB000E9D0154845210DF01EF8DFE7CDF81090F9
:108DC000C4B1C02208A94046B847041E06DA0F48BD
:108DD000224645210DF00FF82546C1E7A40808AB4F
:108DE000CDE906340A4A04AB4FF6FF7101200FF0BB
:108DF00089FAB5E72346F3E75DE3030064E3030084
:108E000026CA0300ECE003000DE10300F5DF0300D8
:108E1000557F020007B500230193FFF709FD411CB0
:108E200089B20846034A01AB0FF06CFA019803B00F
:108E30005DF804FB438203002DE9FF410C46174611
:108E4000054650B95349544840F616520CF067FD98
:108E500040F616514F480CF05BFD41B94D494E4864
:108E600040F617520CF05BFD40F61751F2E7437BDA
:108E7000072B10D100238DF80C30206842F6030335
:108E800003A9ADF80E300DF0B3FEB0B9E3689B79DD
:108E900013F0300F03D1002004B0BDE8F08120466C
:108EA000FFF7B8FF044640B93A493B4840F628521C
:108EB0000CF035FD40F62851CCE7002320688DF8F2
:108EC0000C3003A942F60213ADF80E300DF090FEFF
:108ED00068B12046FFF79EFF044640B92D492E4851
:108EE00040F62E520CF01BFD40F62E51B2E7002644
:108EF00042F6021820688DF800606946ADF80280DD
:108F00000DF076FED8B9002320688DF80C3003A947
:108F100042F60213ADF80E300DF06AFE0028BAD109
:108F2000E4682246284612F8011B0EF044FA002895
:108F3000B1D023891F4214BF01200020ACE7206874
:108F40008DF8046042F6030301A9ADF806300DF078
:108F50004FFE0028D7D020688DF808604FF42053CA
:108F600002A9ADF80A300DF043FE0028CBD02068EE
:108F70008DF80C6042F6010303A9ADF80E300DF038
:108F800037FE0028BFD02046FFF744FF04460028E4
:108F9000B0D180E767E0030053B803002DE9F04744
:108FA000154689469422696806460FF0BAF980464C
:108FB00040B12D4857210CF01EFF4FF0FF352846D9
:108FC000BDE8F087696802223046FFF735FF30B907
:108FD000264857210CF00FFF6FF01505EFE74FF40F
:108FE00070200021AF8AFEF7DBFC02370446A0B1F7
:108FF0001F4B47611D214174C0F80C80436085619F
:109000003A463046FEF7D4F9074648B91948572181
:109010000CF0F1FE2046FEF7EBFC6FF00B05CEE7FF
:1090200001234246414607F10C0A0EF04BFF022194
:10903000504602F09FFD8046504628F8029BA98AC0
:1090400002F098FDAA8A2969404611F01DFAA7602E
:1090500021463046FEF718FE05460028AFD02046D0
:10906000FEF7C6FCABE700BF75E3030090E3030027
:10907000ED7E0300C0E3030030B505468BB00C461F
:1090800051B94249424840F6C1320CF048FC40F622
:10909000C1313E480CF03CFC4B6853B90B6843B9F6
:1090A0003A493B4840F6C2320CF039FC40F6C23136
:1090B000EFE738480EF0BBFF420761D515B16B7B77
:1090C000072B60D160680590FFF7B2FB2268ADF80E
:1090D00018003AB305A902912F49019101210023FB
:1090E00000914FF6FF710593FFF7E2FB059B1BB95B
:1090F0006FF001000BB030BD6360059B1868002362
:109100008DF8103004A942F60303ADF812300DF0CB
:109110006FFD70B90598C3689B799B0605D46FF005
:109120001500E7E70028E8D1E2E70FF0A4F8ADF872
:109130001800BDF818003DB101230146A375224671
:109140002846FFF72BFFD5E76FF07F030793022335
:10915000ADF8203042F60213ADF8123005ABA5751C
:1091600002930E4B01930123009304AA2B464FF662
:10917000FF7109948DF81050FFF79AFB0798B9E733
:109180006FF00A00B6E76FF07F00B3E767E0030017
:1091900053B80300FC020020137F0300ED9402008B
:1091A000F7B500F130050446A0F1200728460EF07F
:1091B0003EFF8307C0F340060AD51749174840F21F
:1091C00006520CF0ACFB144840F206510CF0A0FB28
:1091D00054F8083C01936FF0010128460EF018FF87
:1091E0000F4B44F81C3C0F4B44F8183C01AB44F8BF
:1091F000103C042324F8086C24F8066C24F80C3C7A
:1092000039463046FFF738FF18B9022128460EF0DC
:10921000F0FE03B0F0BD00BF67E0030053B80300E9
:10922000C8B20300258202002DE9F041364B1468D4
:10923000174682689A42054616D1C6683389721C61
:1092400093B1317820460EF0B6F868B14FF49572BC
:10925000294620460FF065F8D0B1032807D12B48E6
:109260002A4657210CF0C7FD0120BDE8F0810528F2
:1092700020460CBF4FF003084FF002080EF099F89B
:10928000804505D93B794345EED287F80480EBE76A
:10929000314628460EF020FE1D4B9E42E4D1207A36
:1092A00004F19001FEF780FD05460028DCD003891B
:1092B00013B94389002BD7D02046FCF7C9FE154AC5
:1092C0002B8922F8203002EB8003698959801249EA
:1092D000124D182303FB001300B202EB800200EBD7
:1092E00040005D601A610E4D9D60042201EBC001DB
:1092F00020469A82FFF7C0FE0028B5D009484521D4
:109300000CF079FDB0E700BFA5850200ECE3030097
:10931000D40500200639002070340020C8B20300B4
:10932000F980030005E403002DE9F843144688465C
:109330009422616806460EF0F4FF38B120485721A8
:109340000CF059FD4FF0FF30BDE8F8836168012251
:109350003046FFF771FD30B91A4857210CF04BFD2C
:109360006FF01500F0E7A2891B2102323046FEF7AC
:109370001FF8054630B9144857210CF03CFD6FF03A
:109380000B00E1E700F10C090221484602F0F2FB74
:109390000746484627F8028BA18902F0EBFBA28919
:1093A000A168384611F070F8D4E904122846012368
:1093B0000EF088FD29463046BDE8F843FEF71ABC9A
:1093C00075E3030090E3030027E4030030B505468E
:1093D0008BB00C4651B9404940484FF42E620CF016
:1093E0009EFA4FF42E613C480CF092FA4B6853B948
:1093F0000B6843B93849394840F6E1220CF08FFA3E
:1094000040F6E121EFE736480EF011FE42075DD548
:1094100015B16B7B072B5CD160680590FFF708FAEC
:109420002268ADF818003AB305A902912D490191BF
:109430000121002300914FF6FF710593FFF738FAE1
:10944000059B1BB96FF001000BB030BD6360059B3D
:10945000186800238DF8103004A942F60303ADF814
:1094600012300DF0C5FB70B90598C3689B79DB0617
:1094700005D46FF01500E7E70028E8D1E2E70EF029
:10948000FAFEADF81800BDF818002DB101462246CD
:109490002846FFF749FFD7E742F60212ADF812203F
:1094A00005AA6FF07F0302920F4A07930123CDE9CB
:1094B0000032ADF8203004AA2B464FF6FF71099414
:1094C0008DF81050FFF7F4F90798BDE76FF00A0028
:1094D000BAE76FF07F00B7E767E0030053B8030017
:1094E000FC020020137F0300ED9402002DE9F843F5
:1094F000434B144682689A42074603D001273846F8
:10950000BDE8F883C6683F4B9E4211D03289A389DB
:109510009A4206F10101F1D13078FCF755FF05467A
:109520000028EBD0437B072B26D0FCF743FCE5E774
:10953000354DDFF8D8904FF00008494628460EF028
:1095400041FD78B915F8010C07222946FCF77AFF8E
:1095500078B9236915F8010C1A69294653881288CD
:10956000FEF73EFD0C35B8F1000FCFD14FF00108EA
:10957000E3E7FCF71FFCF5E7736923B13946984729
:1095800008B92846D1E73946942228460EF0C9FE8C
:10959000074620B11E4857210CF02DFCF1E7A389A6
:1095A000022B14D1338913F0020604D12846FCF7AC
:1095B00001FCA660A2E72269A1882846FFF7EEFC1D
:1095C0000646A8B92269937D01339375EEE7012B16
:1095D00004D02846FCF7EEFBA7608FE7338913F031
:1095E0000106E3D02269A1882846FFF79DFE0646C2
:1095F0002846FCF7DFFB002EA66080DB7EE700BF7D
:10960000A5850200D40500200B390020FBC903000A
:1096100075E3030070B58EB000F190050446039029
:109620000123007A8DF8103029460DF035FC90B1F9
:10963000227A4AB302AE042130460BF023FE009694
:10964000124A242105A82B46F9F7F4FC05AA104973
:109650001046F6F7DBFF4FF6FF710E4A03AB012011
:109660000EF050FE20460DF0A4FE9DF8101088422A
:1096700008D220460DF06EFE024618B1064857216A
:109680000CF0B9FB0EB070BD0092D9E760E30300A7
:109690003D8D02002992020055E40300F8B5084B05
:1096A0001C6805460E4617464CB154F8043C043C71
:1096B0001BB13A463146284698476468F4E7F8BD3E
:1096C000B434002037B50125044600904FF6FF71F1
:1096D0002846094A8DF804506B460EF013FE00210F
:1096E00020460EF058FE20B94FF6FF712846FEF7CF
:1096F000BDFF03B030BD00BF2992020030B5B5B048
:10970000002301918DF8080033930E4A01AB044603
:109710000D4601204FF6FF710EF0F4FD339B7BB137
:109720009B0003AA20462946F9F752FD044620B1C2
:109730000246452104480CF05EFB204635B030BDA2
:109740001A46EFE7ED82020086E403002DE9F341BB
:1097500000F19008CDE9001204460F46007A414618
:1097600016460DF099FB0F4A05466B464FF6FF7102
:1097700001200EF0C7FD1DB1207A4146FFF7BEFF64
:10978000207A3946FEF7CEFA40B1314601300EF06C
:109790008AFC1DB1207A4146FEF7BEFF02B0BDE84B
:1097A000F08100BFC182020073B5044603461A4A25
:1097B0004FF6FF71012004F190060EF0A3FD207A10
:1097C00031460EF021FE207A31460DF065FB50B196
:1097D000237A8DF80430114A00966B464FF6FF71DC
:1097E00001200EF08FFD2046FEF710FB054688B1E4
:1097F000207A31460DF050FB28B9284602B0BDE86A
:109800007040FEF7ADBD3146681C02B0BDE8704047
:109810000EF049BC02B070BD0585020099820200BD
:1098200008B5054B014618460EF04BFE043B0028D8
:1098300014BF1846002008BD0420002010B50C4AB3
:1098400011680C4ABFF35B8F00F5A87353E8004F13
:10985000944204D143E8001CBCF1000FF6D1BFF3E1
:109860005B8FBFF35B8FD0F85001BFF35B8F10BDF0
:10987000E03300200020002008B5FFF7DFFF03469B
:10988000C8B1D0E9001221B9002A0CBF0320022080
:1098900010E032B1836813B9094B1B7833B9042047
:1098A00008E00749087828B19B6833B9003A18BF27
:1098B0000122500008BD0320FCE70120FAE700BFA9
:1098C000AE3B002010B506210DF076FE044628B907
:1098D000044845210CF08FFA204610BDA0F1EC049D
:1098E000FAE700BFC5E4030010B5094C0246D4F8FE
:1098F000EC0028B9074AC4F8F020EC340C6010BD25
:10990000054845210CF077FA6FF00B00F7E700BF30
:1099100000200020CCB30300E5E4030037B5134674
:109920000022009204460D460A46D0F8EC000621BB
:109930000DF01FFE58B1693003D10A4845210CF0E3
:109940005AFA284603B0BDE8304002F007B84FF499
:109950007022002304F5907003B0BDE8304008F099
:1099600015BA00BFC3DE030038B5EC22054600215E
:1099700010F0B2FD102105F1270004F04DF8044667
:1099800048B9052128460EF0DEFDFBF755FE034BD6
:109990001860204638BD0824FBE700BFBC34002017
:1099A00038B5051D0446082128460EF0CCFD0849AF
:1099B00004F15700FBF750FE40B1082128460EF095
:1099C000AAFD044845210CF016FA082038BD00BF56
:1099D000738903000FE5030070B50B4605460D21A2
:1099E00004300EF06EFDF8B1DC68D5F8EC3003F110
:1099F0009006197A3246022001F02AFC48B9304616
:109A0000F9F788FA452102460A480CF0F4F90820D3
:109A100070BD224600F12A0304F1100152F8040B34
:109A200043F8040B8A42F9D1284609210EF08BFD38
:109A30000020EDE72DE5030070B50B4605460D212E
:109A400004300EF03EFDF8B1DC68D5F8EC3003F1DF
:109A50009006197A3246042001F0FAFB48B93046E4
:109A6000F9F758FA452102460A480CF0C4F90820D3
:109A700070BD224600F11A0304F1100152F8040BE4
:109A800043F8040B8A42F9D1284607210EF05BFD0A
:109A90000020EDE72DE5030073B5047A022C05469E
:109AA00023D844B190F8DC30D0F8D840DC4004F042
:109AB000010444F08004032128460EF058FD0646B8
:109AC000D0B110210C3002F055F800901248234616
:109AD000006805F1270205F157010EF0F0FF04467A
:109AE00078B1304601F03AFF06E0032C07D00B486E
:109AF000224645210CF07FF9082002B070BD0024F9
:109B0000D9E7024631462846FFF708FF281D2146BF
:109B10000EF001FD2046F0E7BC3400204CE50300C8
:109B2000F8B50446FFF78AFE251D06460E21284695
:109B30000EF0C7FC68B94B4B2022196804F157009E
:109B400010F029FC28B9484857210CF054F9082096
:109B500034E00C2120460EF00AFD07460028F6D01E
:109B600040210C3002F006F83E4B1B6802460146CD
:109B700003F1200053F804CB41F804CB8342F9D120
:109B8000203203F1200153F8040B42F8040B8B42FE
:109B9000F9D1002239462046FFF7C0FE227A052A75
:109BA00058D8DFE802F003380C035754042120464C
:109BB0000EF0C9FCFFF770FF00283BD0F8BD20462F
:109BC000D4F8EC70FFF73AFE0421064604F1D80001
:109BD00003F022FF0028BAD1D4F8D830234AB3FBCF
:109BE000F2F102FB1133C4F8D83084F8DC0056B12E
:109BF000336843B10B2128460EF0A5FC3368D4F836
:109C0000D81038469847032120460EF09CFC0E21C0
:109C10000EF099FC0EE0204603210EF094FC0E217C
:109C20000EF091FC28460A210EF08DFC7368D4F8E2
:109C3000EC009847284607210EF085FC0820FFF726
:109C4000EFFD60B92046BDE8F840FFF7A9BE04214A
:109C50002046DDE7064845210CF0CDF877E70020E7
:109C6000ACE700BFBC3400206DE5030040420F00AC
:109C70004CE5030038B50D460446FFF7DFFDEB6801
:109C800004F15700024603F1200153F8045B42F847
:109C9000045B8B42F9D104F1770203F1200153F800
:109CA000045B42F8045B8B42F9D1FBF73DFC40B901
:109CB000174B1D683DBB201D06210EF044FC2846B5
:109CC00020E0144849210CF096F80E21201D0EF0DA
:109CD0003AFCD4F8EC50D5F8C03033B9287A05F105
:109CE000900101F0C9F9C5F8C000D5F8C030002BCB
:109CF000DED0DA8902F02402002AD9D05B7B9B07F0
:109D0000D6D4032038BD2046BDE83840FFF708BF51
:109D1000BC3400208DE503002DE9F04790B00446E7
:109D20000CAD10220021284610F0D6FB227A052A1D
:109D300033D8DFE802F0060303063222D4F8D83025
:109D40000C93D4F8EC3004F1470204F1C707CDE9D5
:109D5000017204F1370803F19E0204F12709009211
:109D600097334A46414604F1970001F079FBE0B190
:109D7000454845210CF03FF813E0D4F8E430002BBF
:109D8000DFD02E4603F1100718685968324603C227
:109D90000833BB421646F7D1D3E73C4845210CF0C7
:109DA0002AF8082010B0BDE8F087D4F8EC3003F1B1
:109DB00097029E3308AE019304F1110302920093BF
:109DC00003962B464246494638460EF09DFE10B19A
:109DD0002F484521CEE7237A052B0ED1D4F8E01089
:109DE00019B30B46AC4601F1100E1868596862466B
:109DF00003C2083373459446F7D1D4F8EC3003F12D
:109E00009E0297330DF1100A019304F10A030292A6
:109E10000093CDF80CA02B464A46414638460EF03A
:109E200073FE38B11B484521A4E71022284610F0E4
:109E300053FBE2E71022514604F1B70010F0ABFAF1
:109E400000BB0D2120460EF092FB07460028A8D04B
:109E500010210C3001F08EFE32460346164603CE2A
:109E6000AE4218605960324603F10803F6D1002271
:109E700039462046FFF752FD201D01210EF063FBFD
:109E800000208FE70B208DE7B3E503004CE50300CE
:109E9000CDE50300F5E5030038B512490446A0F10D
:109EA000EC05343007F084FE28460EF00EFCBFF3BC
:109EB0005B8F0D4A04F1640353E8001F43E8002060
:109EC0000028F9D1BFF35B8FBFF35B8F68344FF08D
:109ED000FF3354E8002F44E800310029F9D1BFF3E3
:109EE0005B8F38BD35AE02000020002070B5061D26
:109EF000CD6804460B2130460EF00DFB2B4604F1D5
:109F0000170205F1100153F8040B42F8040B8B42C1
:109F1000F9D1052130460EF0D4FA20B92046BDE82B
:109F200070400EF050BC227A012A09D0022A13D1C7
:109F3000204604210EF007FBBDE87040FFF7ACBDE2
:109F40000A2130460EF0BDFA0028F1D0304600213B
:109F50000EF0F9FA002070BD024845210BF04BFFCE
:109F60000820F8E74CE503002DE9F0410E4688B0E3
:109F70000446FFF763FCF36804F1370805464246E0
:109F800003F1100153F8040B42F8040B8B42F9D192
:109F9000271D052138460EF094FA002847D1D4F841
:109FA000EC3004F1470603F19E0204AD97330192B1
:109FB0000093029504F1100304F109024146304672
:109FC0000EF0A6FBE0B91022294604F1170010F0AC
:109FD000E2F900286DD1D4F83700D8F804102B46E8
:109FE00003C3D4F82700D4F82B102A4603C329460C
:109FF00030460FF036F838B1594845210BF0FBFEDA
:10A00000082008B0BDE8F081334608AE2A4603CAEE
:10A01000B24218605960154603F10803F6D10121D8
:10A0200038460EF090FA20460EF0DAFAE9E7227A86
:10A03000052A00F28E80DFE802F0191F1F038C62F0
:10A0400004AB48490093096804F12703424604F130
:10A05000570001F06DFA0028D2D10A2138460EF0DF
:10A0600072FAAB680499D4F8EC0098470D212046A9
:10A070000EF069FA1021D3E794F8DC20D4F8D83038
:10A080003849D34004AD03F001030095096843F05B
:10A090008003424604F157000EF011FD10B1324822
:10A0A0004521ABE71022294604F1170010F073F99F
:10A0B00008B10420A5E7032120460EF044FA0EF073
:10A0C0008FFA00289DD194F8DC300133DBB2142BD9
:10A0D00084F8DC3009D10D2120460EF034FA10212D
:10A0E00038460EF030FA00208BE7102104F12700EB
:10A0F00003F092FC003818BF0120C00081E7102156
:10A1000004F1270003F088FC00287FF479AF2DB319
:10A11000EB681BB3154BE27A1B88ADF81030A37CBB
:10A12000D20703F0010312D4002B14BF0123032331
:10A130008DF811300023C4E9383338460C210EF075
:10A1400002FAEB68D4F8EC0004A99847CBE75B006F
:10A15000EEE7074845210BF04EFE51E7022050E79D
:10A160001EE60300BC34002038E6030088AC030080
:10A170004CE5030038B5174B1B78054623B301F0B7
:10A180000F042846FFF778FB134A03280CBF04F09E
:10A190000B0444F0040405F5AA731278BFF35B8F37
:10A1A00053E8001F013103D143E800200028F7D114
:10A1B000BFF35B8FBFF35B8FD5F85431BFF35B8F79
:10A1C0002BB144F0010038BD01F00704D9E704F0D9
:10A1D000FE00F8E7AE3B00206F0800202DE9F341B8
:10A1E0000D46D0F8EC600446FFF728FBD5F80C804C
:10A1F00098F80330073B092B074603D9062002B025
:10A20000BDE8F081D6F8C0305BB1251D0F2128468E
:10A210000EF057F980B92046FFF7A6FB60B1C0B237
:10A22000EDE7307A06F1900100F026FFC6F8C00095
:10A230000028EAD10820E2E701236372D8F8003051
:10A24000C4F80A30B8F80430E3810223237498F884
:10A2500002102046FFF78EFFE0742046FFF70CFB4C
:10A2600010236074237598F8043003F003036375BA
:10A2700098F8053003F00103A375E37C1B070DD5A7
:10A2800098F80230180709D5052128460EF05BF929
:10A29000637D03F0020363750023A375052128463F
:10A2A0000EF00FF9002851D0A14B1B78A374E37C6A
:10A2B000990607D598F802309A0603D51421284646
:10A2C0000EF041F9E37CDB0742D598F80230D8075D
:10A2D0003ED50D2128460EF036F9A37D84F8E830EE
:10A2E000637D84F8E930032128460EF02CF905211E
:10A2F00098F800800EF0E5F870BBB8F1040F4BD869
:10A30000E37AA27C1340D90744D4217BE37C194330
:10A3100011F0040111D02046FFF7AEFA854B08EB8F
:10A320008808984418F80010042906D1D4F8EC30B5
:10A33000DB78002B14BF012102212172D6F8C01056
:10A3400020460EF0C7F848BB032058E77A4BACE72D
:10A3500000236375A375C0E7237BE07C03EA00025A
:10A36000120706D5E27A94F812C042EA0C02D2072C
:10A37000E3D4B8F1040F0FD843EA000111F004014F
:10A38000DBD02046FFF778FA6C4B08EB8808434493
:10A39000195CD2E70621D0E70021CEE7D4F8EC30F3
:10A3A0009B7A032B37D025D8013B012B3FF642AFD8
:10A3B000052128460EF085F8002840F0A4802046AC
:10A3C000FFF73CFA07462046D4F8EC80FFF736FA50
:10A3D00008F19001064698F8080000F001FF227A83
:10A3E000E8B1437BDB071AD5CAB9554845210BF0C4
:10A3F00002FD1FE7042B7FF41DAF237D627B934298
:10A4000028BF1346102B7FF4F9AE052128460EF025
:10A4100058F8002898D0237A002BC9D194E7062A4F
:10A420005ED8DFE802F018552D5D5D5D0400002E5A
:10A430005BD0F368002B58D000230A212846ADF8E2
:10A4400004300EF080F8F368D4F8EC0001A99847C6
:10A45000237A002B4BD10F2128460EF032F800282A
:10A4600045D1002F43D07B69002B40D028460A21DC
:10A470000EF069F87B69D4F8EC0098470020BEE63E
:10A4800004210DEB010003F0C7FA00287FF4D2AEDF
:10A49000019B2C4AB3FBF2F102FB113301934EB145
:10A4A00033683BB10B2128460EF04DF83368019913
:10A4B00040469847019B84F84730C3F307221B0CA2
:10A4C00084F849301B0A84F8482084F84A30BFE7F2
:10A4D00028460A210EF037F8736840469847B7E7D8
:10A4E000194845210BF087FCA4E6022087E60321EA
:10A4F00020460EF028F80E210EF025F802B0BDE837
:10A50000F0410EF053B8237A73B90F2128460DF0AD
:10A51000D8FF48B947B17B6933B128460A210EF00C
:10A5200012F87B693046A8E70C212046E4E700BF1B
:10A53000B03B002087E90300AF3B00206EE9030039
:10A5400056E6030040420F004CE503002DE9F743B7
:10A55000C678012E044605D06FF01504204603B0DE
:10A56000BDE8F083FFF7AEF90546002800F0AC80A7
:10A57000071D042138460DF0A4FF002840F0A780F5
:10A58000032138460DF09DFF10B16FF00F04E5E791
:10A59000314638460DF095FF0028F6D12846FFF7E2
:10A5A0004DF9D5F8EC309B7A032B064642D032D8D1
:10A5B000013B012B48D90B21201D0DF082FF002803
:10A5C000CAD1D4F8C03083B904F19006217A32465A
:10A5D000202000F08BFDC4F8C00030B9217A32464B
:10A5E000042000F083FDC4F8C000D4F8C030002B74
:10A5F000B2D0DA8912F0240FAED0A17A022923D981
:10A60000587BC007A8D503291ED09206A4D51B7B72
:10A61000102BA1D118E0042BCDD12846FFF72CF93F
:10A62000032804D1002EC6D0F368002BC3D0294BD9
:10A630001B7807E02846FFF71FF9032804D1002EF6
:10A64000B9D0F368002BB6D0D4F8C0303BB128465F
:10A65000FFF78AF9804670B16FF068047EE7207AD0
:10A6600004F1900100F008FDC4F8C0000028EED10C
:10A670006FF00B0472E70B2128460DF078FF0646B9
:10A680000028E9D001210C3001F074FA092181463B
:10A690002846FFF76FFD434689F800003246204602
:10A6A000CDF8008006210CF064FF044618B1304656
:10A6B00001F054F952E738460F210DF044FF012113
:10A6C00028460DF040FF49E76FF07F0446E76FF042
:10A6D000040443E7AE3B0020F8B5D0F8EC40D4F8D2
:10A6E000C0300646051D002B31D157213F480BF0E5
:10A6F00082FB07213E4B5F5CD4F8C0304BB11B7B23
:10A70000002B5CD1D4F8C00000F0C4FD0023C4F8D5
:10A71000C030022128460DF0D4FE40B9072F96BF65
:10A72000344B1F21D95D3A462046FBF7F1FD03214A
:10A7300028460DF0C6FE68B32F4B1B6853B31D6847
:10A7400005B10C3D53F8083C002B41D143E081BBDF
:10A750000D2128460DF0B5FE074620B1D4F8C00003
:10A7600008B100F035FE244B1B689BB11D6805B194
:10A770000C3D53F80C3C13B13946204698474DB177
:10A780002B46ED681B681DB10C3D002BF4D1F7E79B
:10A79000002BF1D130460DF098FF637B072B24D1BD
:10A7A000627AA37A9A4220D02046BDE8F840FFF7AB
:10A7B000CDBE0139C9B20E299CD909279CE70221D7
:10A7C00028460DF07EFE00289CD1A2E70C3D23B167
:10A7D000394620469847002DDCD02B46ED685B6853
:10A7E000002DF3D1002BF3D1D4E7F8BD88E60300A8
:10A7F0005FE903004EE90300D8330020031DF7B5DD
:10A8000006460F46184602210DF05BFE044620B1B5
:10A81000B6F8E840B4FA84F46409032118460DF050
:10A8200050FE80B139463046FFF756FFC4B11A4892
:10A8300057210BF0E0FAD6F8EC000521FBF758FCA5
:10A84000002003B0F0BD012118460DF03AFE0028AB
:10A85000E8D10F2118460DF034FE0028E2D1E5E7DB
:10A86000052130460DF083FE054690B101210C30E4
:10A8700001F080F907700094D6F8EC0023462A46D0
:10A8800006210CF076FE0028DAD0284601F066F8A2
:10A89000D6E76FF06800D4E7B7E603002DE9F04192
:10A8A0000B8A04460E4633B92A4845210BF0A3FA19
:10A8B0000020BDE8F081012106F10C0001F040F913
:10A8C000A4F1EC05E83C0746042120460DF0F9FD13
:10A8D0003A7820B1204857210BF08DFAE8E70E2A8C
:10A8E00002D91E485721F7E7DFF8748058F8323054
:10A8F00043B957211B480BF07EFA07212846FFF782
:10A900007DFFD5E7114628460DF0B8FE3B7860B9CB
:10A91000154857211A460BF06EFA032120460DF018
:10A92000D0FD0028C4D00821E8E708EBC301328A33
:10A930000979914205D045210C480BF05CFA0A21B7
:10A94000DCE7314658F8333028469847014600285E
:10A95000AED0D3E714E7030034E703006AE703004F
:10A96000F4B3030091E70300B0E703006FDF0300D7
:10A970000F4B10B5186028B9BDE810400D4857219D
:10A980000BF039BA0C4C0D4806F008FDBFF35B8F95
:10A9900054F80439BFF35B8F5B0607D52046FFF7F9
:10A9A000BFF8014610B12046FFF728FF10BD00BFD9
:10A9B000BC340020D0E7030004200020280A002037
:10A9C0002DE9F34190F8E930CF68D0F8EC6023F03E
:10A9D000020380F8E9303B78044606F19008C3B1E1
:10A9E000BB7903F0C003C02B13D03846F8F792FAB6
:10A9F000452102464F480BF0FEF94046F8F78AFA27
:10AA0000452102464C480BF0F6F90A2002B0BDE899
:10AA1000F0810722394640460FF0BDFC68B1307A1C
:10AA2000394600F0DDFB054638B1014620460DF001
:10AA300051FDB8B1284600F02DFC0D21201D0DF070
:10AA400040FD002865D0317A4246022000F000FC2B
:10AA5000054648B94046F8F75DFA452102463748B1
:10AA60000BF0C9F90820D1E7F378ABBB06F19E03E0
:10AA70001878012821D19A7902F0C002402A1CD10D
:10AA8000D3F80120C5F83A20B3F80530EB8796F8E3
:10AA9000903093B196F8963003F0C003C02B0CD0E1
:10AAA00027496A46CDE90087FBF7BAFA681C3946A0
:10AAB0000DF040FD3046FBF7EDFB94F8E9309A07C6
:10AAC0000DD52049204840F6C9620AF028FF40F61B
:10AAD000C9611C480AF01CFF06F19703C8E7284625
:10AAE000F9F74AFF28B1194857210BF084F90320E0
:10AAF0008CE72846F9F740FF40B11249124840F66A
:10AB0000E5620AF00CFF40F6E561E2E72846F9F756
:10AB100043FF94F8E9305B0703D50A2120460DF086
:10AB200012FDB4F8E81009B100206FE72046FFF7E6
:10AB3000D3FDF9E7EEE7030007E803002DE5030086
:10AB4000A986030014E8030053B8030043E8030098
:10AB5000F8B50446D0F8EC700B4604300D210DF02A
:10AB6000B0FCD8B107F19006397ADD68324604208E
:10AB700000F06EFB48B93046F8F7CCF945210246A3
:10AB800013480BF038F90820F8BD2A4632F8023B8A
:10AB90000383D5F8023003615368436194F8E930C8
:10ABA00023F0010284F8E9209A0708D508212046FD
:10ABB0000DF0C9FCB4F8E81029B10020E4E75B0708
:10ABC000F8D50A21F3E72046FFF786FDF5E700BF39
:10ABD0002DE503002DE9F0410E460446D0F8EC8047
:10ABE000FEF72CFEF668452132780546271D0E48F3
:10ABF0000BF001F90A2138460DF040FD38B16DB96E
:10AC000020463178FFF768FD0020BDE8F0810B2178
:10AC100038460DF033FD0028F1D1F1E72B69002B08
:10AC2000EED040469847EBE783E803002DE9F04774
:10AC30000546A0F1E80688B004460F4630460121DB
:10AC400055F8EC890DF01AFD002800F08580D7B189
:10AC5000032130460DF035FC00287DD03846F9F749
:10AC6000C9F90138C0B208289ABF6C4B1C5C00249B
:10AC7000022130460DF067FC2146284608B0BDE8A9
:10AC8000F047FFF729BD98F80B30002B64D0032163
:10AC900030460DF016FC28B9284608B0BDE8F0474C
:10ACA0000DF013BD052130460DF00BFCB8B114F8C2
:10ACB000043C1B0707D514F8033C1F0703D51121DB
:10ACC00030460DF040FC14F8043C23F0080304F86F
:10ACD000043C14F8033C23F0080304F8033C14F884
:10ACE000033CD80717D5062128460DF02CFC02217D
:10ACF00030460DF028FC2368D3F8C0209AB903F140
:10AD00009000F8F707F902464548452108B0BDE82C
:10AD1000F0470BF070B8990701D50821E4E75A070E
:10AD2000E5D50A21E0E705210DF0CBFB80B914F849
:10AD3000043CDB070CD523681A2101A8D3F8C070A6
:10AD400002F06AFE814650B1364845210BF053F8B7
:10AD500034F8041C002990D008B0BDE8F087062123
:10AD600028460DF004FC804610B92F484521EDE738
:10AD700010210C3000F0FEFE3A7B01A982460FF054
:10AD800083FB387B0F2805D8C0F110024946504498
:10AD90000FF0A2FB414600222846FEF7BFFD072127
:10ADA00028460DF0E4FB804610B920484521CDE748
:10ADB0000A210C3000F0DEFE05AA034603CAC3F8E0
:10ADC0000200C3F80610BDF81C201A804146284630
:10ADD000174AFEF7A3FD30460D210DF072FB05AEBC
:10ADE0000028B5D00121384600F01CFA01AB07F16C
:10ADF0004A0C1A4603CAB242CCF80000CCF8041040
:10AE000013460CF1080CF4D1334603CBBDF81C30CB
:10AE100038647964A7F848309AE700BF56E9030020
:10AE2000AAE80300C4E80300E4E8030010E9030013
:10AE30005DAE020010B54521044607480AF0DBFF6D
:10AE4000A4F590700821FFF747FCA4F58E7004214B
:10AE5000BDE810400DF077BB3DE9030008B5FAB935
:10AE60008378012B1CD106210CF09CFB50B90D49B5
:10AE70000D4840F277220AF052FD0A4840F277214D
:10AE80000AF046FD10F8043C23F0010300F8043CEE
:10AE900030F8041C21B9BDE80840EC38FFF71CBCB1
:10AEA00008BD00BF14E8030053B80300F8B504461A
:10AEB000FEF708FD054600286CD0061D032130462C
:10AEC0000DF0FFFA002865D0D4F8C00008B100F0FA
:10AED000E1F904F19007207A394600F0CDF8C4F882
:10AEE000C00068B93846F8F715F8452102463448DD
:10AEF0000AF081FF28460821BDE8F840FFF77EBC34
:10AF00000E2130460DF0DDFA28B1D4F8C020537B75
:10AF100043F0020353732A7AD4F8C010032A4B7B00
:10AF200039D8002A3ED0D4F8C020537B43F0010327
:10AF300053736B7B297DD4F8C0208B4228BF0B460E
:10AF40001373052130460DF0BCFAD4F8C0305A7B9B
:10AF500088B342F010025A730D2130460DF0B1FA59
:10AF6000C0B1D4F8C000202100F05CF9D4F8C030A2
:10AF700005F147021A33573552F8041B43F8041BF6
:10AF8000AA42F9D1D4F8C020002313615361D4F848
:10AF9000C0201383F8BD053A012A03D843F02003EB
:10AFA0004B73C0E723F020034B73D4F8C020537BCE
:10AFB00023F00103BCE722F010025A73EAE700BF56
:10AFC0002DE5030008B5074B074893F8A23003F0BE
:10AFD00006039A1F53425341044A1370FAF7B0FA1A
:10AFE000002008BD2802002004060020AE3B0020FF
:10AFF00008B550B90749084840F2AF120AF08FFC73
:10B00000044840F2AF110AF083FCBDE80840F9F7AC
:10B01000C3BC00BFA7E9030053B803002DE9F0410A
:10B02000124F3E46054616F8013B83420C464FF050
:10B03000010804D1072230460FF0ADF988B1B8F10C
:10B04000000F05D00A49072230460FF0A4F958B97D
:10B050003D702268C7F80120064BA2889A80A27929
:10B060009A710248BDE8F0810020FBE7C03400205F
:10B07000FBC90300C134002008B541B9064907489F
:10B0800059220AF04CFC044859210AF041FCBDE861
:10B090000840FFF7C3BF00BFA7E9030053B8030090
:10B0A0000B4610B5114604465BB908490848B3225F
:10B0B0000AF035FC0548B3210AF02AFCBDE810402F
:10B0C00018470448C2892242F8D110BDA7E90300FD
:10B0D00053B80300C034002008B503490022022001
:10B0E000FFF7DEFF002008BDF1AF0200F8B50E4605
:10B0F0000546114652B10F4CE38920462B4010F80B
:10B10000012B4FF000070AD11846F8BD0A490B4839
:10B11000C0220AF004FC0848C0210AF0F9FB96425C
:10B1200003D107220FF037F908B13846EDE7204682
:10B13000EBE700BFC0340020A7E9030053B80300C9
:10B14000F8B506460C4641B920492148E9220AF0E3
:10B15000E6FB1E48E9210AF0DBFB0B78012B01D04E
:10B160000020F8BD8B7903F0C003402BF8D1194DB6
:10B17000EF892946BF0711F83A2B4FF0000304F17D
:10B18000010006D5B24204D106220FF004F9D0B175
:10B190000023EA89297802F00202002BE0D1002A7C
:10B1A000DED0B142DCD1671C0B4839460BF0E7FC1E
:10B1B00001230028EDD0D4F80130C5F83A30074B10
:10B1C000B4F805209A800348CBE700BFA7E9030045
:10B1D00053B80300C0340020EA340020FA340020C1
:10B1E00010B529B10C4C237883420CD0002010BD3F
:10B1F0000A490B484FF48D720AF091FB07484FF44F
:10B200008D710AF085FB0722601C0FF0C4F800283E
:10B210000CBF20460020EAE7C0340020A7E9030065
:10B2200053B8030008B550B9074908484FF4957260
:10B230000AF075FB04484FF495710AF069FBC38965
:10B240001943C18108BD00BFA7E9030053B803003B
:10B25000F8B506460F46154642B90C490C48D222AD
:10B260000AF05DFB0948D2210AF052FBFFF73EFFCE
:10B27000044640B929463846FFF7FEFE044610B1A1
:10B280003146FFF7CFFF2046F8BD00BFA7E9030016
:10B2900053B8030010B5044650B90E490E4840F2A9
:10B2A00031120AF03CFB0B4840F231110AF030FB3E
:10B2B000037A5B0701D5F9F723FC214611F8010B4E
:10B2C000F7F7F8FF20465C22BDE8104000210FF0A0
:10B2D00003B900BFA7E9030053B8030070B50546E2
:10B2E00098B01446184645B9324845210AF083FD06
:10B2F0006FF01506304618B070BD502204A9A04763
:10B30000041E05DA2C48224645210AF074FDEFE7B9
:10B3100002A928460BF046FC064618B127482A46E3
:10B320004521F2E701A928460AF099FE019840B1AB
:10B330000A22314609F04AFC024610B12048452154
:10B34000E3E79CB902AA21463F20FFF7CFFE20B1D8
:10B350005C2221460FF0C0F8CCE702A8F7F7DAFD2F
:10B360005721024617480AF046FDC3E702A900200C
:10B37000FFF754FE054650B902A8F7F7CBFD45216B
:10B38000024611480AF037FD6FF00B06B2E7502C69
:10B3900009D00E485023224645210AF02CFD2846AC
:10B3A000FFF778FFA4E7224604A90C300FF06CF8F1
:10B3B000A0E700BF26CA0300D7E90300ECE00300C2
:10B3C0000DE10300FBE9030023EA030047EA030061
:10B3D00010B5024650B90D490D484FF4A3720AF05A
:10B3E0009EFA0A484FF4A3710AF092FA01465023DC
:10B3F00011F8010B0C32F7F74FFF044620B102465B
:10B40000452104480AF0F7FC204610BDA7E90300D7
:10B4100053B803006AEA0300884210B500EB020348
:10B420000DD98C18A0420DD20B490C4840F26A226B
:10B430000AF075FA084840F26A210AF069FAF3D076
:10B440009942F0E7013A114411F8012900F8012B63
:10B450008342F9D110BD00BF9CEA030053B803003A
:10B460002DE9F0479AB01D46DDE923972E4B16468D
:10B470000CAA84468A4603F1300E90461868596833
:10B48000144603C4083373452246F7D118681B7964
:10B49000206023716146202204A8FFF7BDFF2348E6
:10B4A0006B46202204A90DF0ECFA0446C0BB102222
:10B4B00051460DF13500FFF7AFFF102231460DF177
:10B4C0004500FFF7A9FF2946062211F8013B8DF838
:10B4D00055300DF15600FFF79FFF2299062211F813
:10B4E000013B8DF85C300DF15D00FFF795FF4B4699
:10B4F0003522414668460DF0C4FA044680B94846F4
:10B500000DF0B1FA01238DF8303035223B4641462B
:10B5100068460DF0B6FA044610B938460DF0A3FAA5
:10B5200020461AB0BDE8F0878AAC0300CEEA0300DB
:10B5300070B598B00E4614460146202204A81D4658
:10B54000FFF76AFF202231460CA8FFF765FF1022A3
:10B55000294614A8FFF760FF102221466846FFF72E
:10B560005BFF6B46502204A918460DF08AFA40B9D9
:10B57000039B054A1BBAB3FBF2F102FB11331C9A81
:10B58000136018B070BD00BF40420F0070B5416934
:10B59000867A0B4D044659B1437ADB0706D434232F
:10B5A00003FB0653DB6A1B689B68984700236361B3
:10B5B0003420214606FB0050BDE870400EF02EBD41
:10B5C000780A0020024B342202FB0030704700BF93
:10B5D000780A0020827A074B342101FB02331A6B70
:10B5E00093F824301B33801A23F00303B0FBF3F0ED
:10B5F000704700BF780A002038B50A4B827A34249D
:10B6000004FB02330C68DB6A5B681A68944294BFDF
:10B610000C600A60D3E90054FFF7DCFF05FB004033
:10B6200038BD00BF780A002008B5437A43B10B4902
:10B630000B485A220AF073F95A2108480AF068F9AF
:10B64000436833B1054906485B220AF068F95B217B
:10B65000F3E703824369C36008BD00BFE8EA030063
:10B6600053B803002DE9FF4705466846039191460C
:10B670001C460EF091FDDDE900673DB9544955487F
:10B68000ED220AF04CF9ED21514814E005F11C08B7
:10B690004FF04003EFF3118A83F31288BFF36F8FEB
:10B6A000404605F025FC40B94B494A4888220AF03B
:10B6B00036F9882148480AF02BF9404605F036FC57
:10B6C0006B8C002B56D02A8C9A4233D9002200234F
:10B6D000284605F009FE044660B3404605F016FC16
:10B6E00040B93D493B4840F231120AF018F940F2A6
:10B6F0003111DFE78AF31188BFF36F8F039D002DAF
:10B700005AD032463B4668460EF06AFDA27A334B69
:10B71000342101FB02332046DB6A1B6803A91E6843
:10B72000DDE90023B0476061002839D12046FFF7EA
:10B730002DFF30E06C8C631E6B84404605F0E6FB09
:10B740000028CED08AF31188BFF36F8F95F824308C
:10B750002A8C1B33121B2C6B23F0030302FB0344C4
:10B760001E4B1F4AEB1A9B105343A37295F82430CB
:10B77000E372C3E7404605F0C9FB0028B1D08AF365
:10B780001188BFF36F8F23464A46284605F0ACFD6B
:10B7900004460028B2D10024204604B0BDE8F0875A
:10B7A000039B9D4209D90A490A484FF4A2720AF044
:10B7B000B6F84FF4A27167E7656100230122636068
:10B7C00022812382039A63696282E360E4E700BF17
:10B7D000E8EA030053B80300A4BA0300780A002083
:10B7E000C54EECC470B50C46054650B923492448F3
:10B7F0004FF4D1720AF093F84FF4D1711F480AF058
:10B8000087F841B91D491E4840F2A3120AF087F893
:10B8100040F2A311F2E74FF04003EFF3118683F3F8
:10B820001288BFF36F8F174805F062FB38B91649CD
:10B83000134888220AF073F888211348DFE711487B
:10B8400005F074FB002323606B6873B9C5E90044FD
:10B850000C4805F05BFB58B90B49094840F231121E
:10B860000AF05DF840F23111E7E71C606C60EFE729
:10B8700086F31188BFF36F8F70BD00BFE8EA030045
:10B8800053B803001C350020A4BA030070B5044669
:10B8900050B91E491E4840F2AF120AF040F81B484A
:10B8A00040F2AF110AF034F84FF04003EFF3118685
:10B8B00083F31288BFF36F8F164805F019FB38B970
:10B8C0001549134888220AF02AF888211248E9E726
:10B8D000104805F02BFB25682DB162682B682360AA
:10B8E000954208BF63600B4805F010FB40B90A4958
:10B8F000074840F231120AF012F840F23111E5E740
:10B9000086F31188BFF36F8F284670BDE8EA030005
:10B9100053B803001C350020A4BA030008B550B981
:10B920000C490D484FF4DE7209F0F9FF4FF4DE7157
:10B93000084809F0EDFF41B90649074840F2BD1239
:10B9400009F0EDFF40F2BD11F2E7BDE808400EF04E
:10B950005ABB00BFE8EA030053B8030070B50446C1
:10B9600098B1114D342620466468037A013BDBB25E
:10B9700003724BB9C3604360837A06FB03539B6A2F
:10B9800073B19847002CEED170BD084908484FF4B8
:10B99000E47209F0C4FF05484FF4E47109F0B8FF00
:10B9A000FFF7F4FDEEE700BF780A0020E8EA0300A5
:10B9B00053B8030008B550B9074908484FF4F97265
:10B9C00009F0ADFF04484FF4F97109F0A1FF027AC4
:10B9D0000132027208BD00BFE8EA030053B8030059
:10B9E00008B5034650B90849084840F2262209F034
:10B9F00096FF054840F2262109F08AFF18465B6849
:10BA0000002BFBD108BD00BFE8EA030053B80300D8
:10BA100070B50D46044650B90E490F4840F2312228
:10BA200009F07DFF40F231210A4809F071FF41B968
:10BA30000849094840F2322209F071FF40F23221F0
:10BA4000F2E746681EB10846FFF7CAFF4660656028
:10BA500070BD00BFE8EA030053B8030038B50546DF
:10BA60000C4651B90B490C4840F23D2209F057FFF2
:10BA7000084840F23D2109F04BFF20B9BDE83840AD
:10BA80000846FFF797BFFFF7ABFF2146FFF7C0FF60
:10BA9000284638BDE8EA030053B8030008B540B9AA
:10BAA0000A490B482B2209F03AFF2B21074809F0DD
:10BAB0002FFF838833B1054905482C2209F02FFF59
:10BAC0002C21F3E783680B44036008BD14EB0300EB
:10BAD00053B8030008B5034600689A68821A914279
:10BAE0000AD90849084840F22D1209F018FF054804
:10BAF00040F22D1109F00CFF9A88401A1144186089
:10BB0000998008BD14EB030053B8030008B5828880
:10BB10008A4203460AD20849084840F28D1209F0C9
:10BB2000FEFE054840F28D1109F0F2FE521A8280A5
:10BB300000680844186008BD14EB030053B8030004
:10BB400008B5034600689A888A420AD2074908481D
:10BB500040F2991209F0E3FE044840F2991109F00D
:10BB6000D7FE521A01449A80196008BD14EB0300F5
:10BB700053B80300F8B5858803680E4604465F197C
:10BB80000DF02AF8B04208D2064907483E2209F0D3
:10BB9000C6FE04483E2109F0BBFE3544A580384668
:10BBA000F8BD00BF14EB030053B8030037B50C46D3
:10BBB0000A490B4A411A402300934911054623467E
:10BBC00008480DF037F8011E05DA2846234603B071
:10BBD000BDE83040184703B030BD00BF3435002009
:10BBE0009F8C0300C4A50300C9B2012908B508D978
:10BBF000084909487A2209F092FE06487A2109F09C
:10BC000087FE03690C2201FB0233986C00F00700E9
:10BC100008BD00BF4EEB030053B8030070B5C9B2B6
:10BC2000012903690AD91849184840F25D1209F040
:10BC300076FE154840F25D1109F06AFE4FF04004AF
:10BC4000EFF3118584F31288BFF36F8F0C2606FB88
:10BC50000134A46C14F0C00408D0A24206D085F3CD
:10BC60001188BFF36F8F4FF0FF3070BD71430B44ED
:10BC700001229A6485F31188BFF36F8F43680B44E8
:10BC80005B6898470020F0E74EEB030053B80300D1
:10BC900070B50D460649411A04464911054840222F
:10BCA000FFF7BCFF2B4601462046BDE87040184711
:10BCB00034350020C4A50300002270B501210446DC
:10BCC0001046F5F753FB0F4802F090FB0E4B9842DD
:10BCD00015D10DF0FDFA26690C49304609F088FDB2
:10BCE00000280BDB0125B5642469084904F1200014
:10BCF00009F07EFD002801DB6565002070BD6FF056
:10BD00000400FBE745BD02000000AD0B78B4030062
:10BD100070B501460C2309484B43C418D4E91056AA
:10BD200048330022184422640CF071FF2DB13246D2
:10BD30002B460348BDE87040184770BD34350020DD
:10BD4000C4A50300012808B506D0042808D090B97E
:10BD50000E4B9B6C5B0717D1BDE80840FFF7D8BFBF
:10BD60000B490C4840F26E2209F0D9FD40F26E21D9
:10BD7000074809F0CDFD0649064840F2722209F055
:10BD8000CEFD40F27221F3E708BD00BF343500203C
:10BD90004EEB030053B8030008B54FF04003EFF338
:10BDA000118183F31288BFF36F8F124A136843F037
:10BDB00002001060DA0708D481F31188BFF36F8F97
:10BDC0000120BDE8084002F0DBBA4FF08043D3F811
:10BDD0000C24D3F80C34DB07EED507480CF017FF22
:10BDE00081F31188BFF36F8F0020BDE80840FFF793
:10BDF0008FBF00BF8C3500207C3500207FB500222E
:10BE00000123CDE9022304ABCDE90433094ACDF87F
:10BE100000D06B46CDF804D00CF03AFF002805DBCB
:10BE20004FF480420023684605F0F2FA07B05DF84F
:10BE300004FB00BFB18C030010B5074C23782BB96D
:10BE40004FF4A5700EF079F801232370BDE810407F
:10BE5000002002F095BA00BFB13B002010B54FF0B2
:10BE60004003EFF3118483F31288BFF36F8F074A07
:10BE7000136823F00201DB07116002D4012002F0F5
:10BE80009FFA84F31188BFF36F8F10BD8C350020AB
:10BE9000024BC0B203EB4010704700BF34350020A6
:10BEA000F8B53449BFF35B8F0646012251E8003FE5
:10BEB00041E800200028F9D1BFF35B8F9BB92E49E0
:10BEC0002E484B60CB608A60F3F7AEFC00280ADA9C
:10BED0002B492C484FF40C7209F021FD4FF40C71E2
:10BEE000274809F015FD06B3731E012B38D80EF054
:10BEF00055F80446D0B9244B1B78BBB14FF08043B2
:10BF00000222C3F8082305464FF08047D7F81824CB
:10BF1000D7F81834D20313D59B0701D0012E0FD1C7
:10BF2000C4B185F31188BFF36F8FF8BD4FF04003A4
:10BF3000EFF3118583F31288BFF36F8F0124E3E7DA
:10BF40001CB12846F5F7BAFAE0E70021212006F0F7
:10BF500049FFDBE74FF080430222C3F80423E4E704
:10BF60000749084840F2422209F0D9FC40F2422138
:10BF7000B6E700BF303500202035002054350020C2
:10BF80004EEB030053B803007E4100204FF0400306
:10BF9000EFF3118283F31288BFF36F8F094BD3F84D
:10BFA000001161B10021D3F80805C3F80011D3F8DE
:10BFB0000031C0B282F31188BFF36F8F70476FF00A
:10BFC0000A00F7E700D00040F0B5034610469C7821
:10BFD00093F803C04FF04005EFF3118285F3128808
:10BFE000BFF36F8F1F7893F801E0E41B04EA0C04A1
:10BFF000A04288BFA0B23E180CEA06063D461E705D
:10C0000082F31188BFF36F8F0A188A4217D17745E0
:10C010000DD14FF04001EFF3118281F31288BFF38D
:10C020006F8F1978597082F31188BFF36F8F1B7966
:10C03000241AA34222BF064B01221A60F0BD5E19EA
:10C040000135767901F8016B05EA0C05DDE700BFE3
:10C0500000D000402DE9F0472E4D0069A8420E4661
:10C0600014460AD02C492D484FF4817209F057FC30
:10C0700029484FF4817109F04BFCDB4313F00105B3
:10C0800004D03030FFF7A0FFBDE8F087A2B34FF037
:10C090004003EFF3118883F31288BFF36F8F0D20F5
:10C0A000F5F756F907460D20F5F73EF988F31188A4
:10C0B000BFF36F8FDFF868A0DFF86880CAF800511F
:10C0C000DAF800314FF400590123CAF80030254650
:10C0D000C8F88091DAF8003183B1FFF757FF031EEB
:10C0E000C8F88091F6DB013DADB27355002DF1D15A
:10C0F00017B10D20F5F70AF92046C5E74FF04003C8
:10C10000EFF3118083F31288BFF36F8FF5F7D6F941
:10C11000E0E700BF90350020B4EB030053B8030004
:10C1200000D0004000E100E02DE9F041184B076924
:10C130009F420D46144605D107F145085CB92046DB
:10C14000BDE8F08113491448E42209F0E8FB1148E6
:10C15000E42109F0DDFB4FF0FF334FF0FF323846AA
:10C1600005F056F9224629464046FFF72DFF0646C0
:10C17000384605F013F93EB94FF0FF324FF0FF3368
:10C18000064805F045F9E6E7A41BA4B23544D5E717
:10C1900090350020B4EB030053B80300A83500200D
:10C1A00038B5204B04699C420AD01F491F484FF400
:10C1B000A37209F0B4FB1C484FF4A37109F0A8FB6B
:10C1C0000122114620460DF037FF0122002104F123
:10C1D00018000DF031FF40F20743A4F848304FF04B
:10C1E000706323630C2384F834300025104B84F8EB
:10C1F0004550A4F84650D3F8042522F00102C3F8B4
:10C2000004250121C3F80051D3F80021C3F8041319
:10C210002A4619600D20F5F7A9F80D20F5F776F8F4
:10C22000284638BD90350020B4EB030053B8030016
:10C2300000D0004010B5FFF7A9FE002820DB174B07
:10C2400093F8322093F8314093F83310141B31EAFD
:10C250000404C0B20DD193F8472093F8464093F8F8
:10C260004810141B31EA04040BD10D4B01225A6013
:10C270000EE09C180132114084F8350083F832102A
:10C2800010BD9C180132114084F84A0083F8471011
:10C290000448BDE8104005F081B800BF903500208B
:10C2A00000D00040A8350020024B0B600123136032
:10C2B000704700BFE435002000487047DCB403003D
:10C2C00070B50D462846194616461C460CF02BFD47
:10C2D00040B9084823462A46452109F08CFD6FF0F5
:10C2E000150070BD24B12246294630460EF0CCF828
:10C2F0000020F6E705EC030010B5012211460748BF
:10C30000074C0DF099FE02F0D7F80DF09FF9206070
:10C310000DF098F96060002010BD00BFEC350020E2
:10C32000E4350020F0B587B00E4615460DF08AF9C9
:10C330002946074630460CF0F6FC58B3B6FBF7F337
:10C3400007FB136323B9B5FBF7F407FB145454B18F
:10C350001F482B463246452109F04DFD6FF015046C
:10C36000204607B0F0BDBD42FAD34FF0FF334FF087
:10C37000FF32184805F04CF80CF0ADFF02AB014657
:10C3800068B9102218460EF0A7F8CDE903650CF045
:10C39000A6FC17E010482B4632464521DCE7102268
:10C3A000214618460EF098F801228DF814200B4A09
:10C3B000CDE900200A48CDE9036502F085F868461A
:10C3C00002F088F80446034804F0E8FFC8E700BF1D
:10C3D00027EC0300EC35002005EC0300DF8C0300A4
:10C3E000645E010038B5037B04460BB10CF07FFF9F
:10C3F0000125A368032B06D8124AD2F80034DB07C4
:10C40000FBD5002038BD23686068196803F066FC1E
:10C41000636804336360236804332360A368043BC8
:10C42000A360237B0135002BE3D0284602F0FCF803
:10C430000028DED0034AD2F80034D907FBD501200A
:10C44000E0E700BF00E0014070B50D4686B0194638
:10C45000284616461C460CF066FC50B91D4823467B
:10C460002A46452109F0C7FC6FF01504204606B0A6
:10C4700070BD45EA04039B0704D0174823462A46AB
:10C480004521EFE7002CF1D04FF0FF334FF0FF32A2
:10C49000124804F0BDFF0CF01EFF0346CDE9026513
:10C4A00002A804948BB101238DF814300C4BCDE914
:10C4B000003041F64C5002F007F8684602F00AF8E6
:10C4C0000446064804F06AFFD0E78DF81430FFF701
:10C4D00089FFF5E705EC03004BEC0300EC35002089
:10C4E000E5C3020010B5036941B91C491C483A2252
:10C4F00009F015FA3A21194809F00AFA486830B9E2
:10C50000164917483B2209F00AFA3B21F3E758681D
:10C51000F8B1884219D19C6808685860A14200D1DE
:10C520009860002008602AB15A680A609A685960C9
:10C5300002B99960002010E0814206D108682060AD
:10C5400098688142EDD19C60EBE7044600680028C2
:10C55000F2D1002AE8D16FF0150010BD92EC030073
:10C5600053B8030038B545682B69B3B11035284678
:10C5700002F0D8FD044680B90146284602F094FD39
:10C58000084B98420BD108492246284602F060FD2C
:10C59000224605210620F4F7E9FE002038BD6FF0A1
:10C5A0000400FBE70000AD0BC9C6020008B5026835
:10C5B000530904D14FF0FF33D340DB070AD40749B6
:10C5C000074840F2453209F0AAF9044840F24531E3
:10C5D00009F09EF94FF0A04008BD00BFCEEC03006B
:10C5E00053B80300F0B54068057B01F01F0444EA2E
:10C5F0004514056987B0002D5BD0B2F5001F00F12E
:10C60000100506D1214628460CF0F1FF002007B0A6
:10C61000F0BD01AE0027B2F5800F0197776033D1EE
:10C62000B3F1007F14BF052304238DF804300023E9
:10C63000CDE9046303938368CB40D90716D4B2F1E4
:10C64000A07F13D168460094FFF7B0FF04F5E073B4
:10C6500050F82330DB0709D46A462146284602F009
:10C66000FDFC174B98421AD0CDF808D003AA2146FA
:10C67000284602F0C3FB134B98421DD101222146EC
:10C68000284602F065FDC1E7B3F1C06F05D0B3F1F4
:10C69000007F14BF01230223C7E70323C5E76946D0
:10C6A000284602F04FFD074B9842DDD06FF00B009B
:10C6B000ADE76FF08500AAE76FF01500A7E700BFB0
:10C6C0000400AD0B0000AD0B430970B507D1104B52
:10C6D000596821B101250C680E4E854001B970BD25
:10C6E0008A682A400CD04B6843B90B490B485D223D
:10C6F00009F015F908485D2109F00AF93046984714
:10C700001CB1236821461C46E8E72346FAE700BF30
:10C7100004360020DCA5030092EC030053B80300AC
:10C720002DE9F043466840F20635337BD00687B0EA
:10C7300001F01F0702EA050547EA431754BFC2F399
:10C7400040130323B5F5837F14468DF8033043D09F
:10C750000FD8062D18D007D8B5B1022D3ED06FF0F6
:10C76000150007B0BDE8F083B5F5807FF7D101254E
:10C770000AE040F20222954232D0B5F5407F31D036
:10C78000B5F5007FEBD1022522032DD57268012378
:10C790008B40C2F80835336973BB03A80397FFF7D2
:10C7A00005FF84F4803300EB8700C3F30043C4F338
:10C7B0004044D0F8002744EA43049DF8033022F4B3
:10C7C000E16244EA830422F0070244EA05231343AA
:10C7D000C0F800370020C4E70725D5E70425D3E7D4
:10C7E0000525D1E70325CFE7630341BF0123726825
:10C7F0008B40C2F80C35CEE710360DF102023946F7
:10C80000304602F02BFC14F4403F804616D13946E6
:10C8100030460CF0EAFE244B9845DBD19DF802101F
:10C82000304602F089FC4045D4D020492048AB2254
:10C8300009F075F81D48AB2109F06AF801AB4FF01B
:10C84000000903AA39463046CDE90439CDE90199FA
:10C85000CDF80C9002F0D2FA134B98427FF47FAFE0
:10C8600014F4003315D09DF803308DF80E3084F4A5
:10C870008034C4F300444B4603AA394630468DF851
:10C880000C508DF80D4002F067FB074B9842C2D068
:10C8900065E7CDE9043303AA0DF1030339463046B9
:10C8A000039302F0ABFAF0E70000AD0B01ED0300DB
:10C8B00053B8030008B50268530904D14FF0FF33A1
:10C8C000D340DB070AD40749074840F2453209F054
:10C8D00026F8044840F2453109F01AF84FF0A0401C
:10C8E00008BD00BFCEEC030053B803002DE9F74F9D
:10C8F000DFF8D0A01546804600EB81064FF0010915
:10C90000464503D1002003B0BDE8F08FD8F80020E1
:10C91000D004C2F3432102F07F044CD42A4B120C02
:10C920007F2CA2F1160213F801B008BF4FF0FF34BC
:10C93000032A43D8DFE802F002313437C5F86045F6
:10C94000D8F80020631CC2F3803223D009FA04F720
:10C95000019401A852BBFFF7ADFFC0F80C7501A808
:10C96000D8F800700194FFF7A5FF87F4005200EBA0
:10C970008400C2F34032D0F8001742F00202C7F33D
:10C98000C11742EA870201EA0A0142EA0B220A437E
:10C99000C0F8002708F10408B2E7C5F86445CFE7FE
:10C9A000C5F86845CCE7C5F86C45C9E7FFF782FFD5
:10C9B000C0F80875D3E76FF01500A4E76FF08500A5
:10C9C000A1E700BFF0F8FCFF3BED030002480021A7
:10C9D000C2E90001002070470024F40008B5026895
:10C9E000530904D14FF0FF33D340DB070AD4074982
:10C9F000074840F2453208F092FF044840F24531C2
:10CA000008F086FF4FF0A04008BD00BFCEEC030049
:10CA100053B80300F7B5BDF820C045680469032981
:10CA20000CF0010C05D94D480A46452109F0E3F9FF
:10CA300015E0A87F01284FF0010604BF5B085208EB
:10CA40008E40002B64D09A4233D92768207BBA42AB
:10CA500018D0B04307D04248452109F0CCF96FF017
:10CA6000150003B0F0BD1746B7F5004F19D222608C
:10CA700060732A6895F81EE0C2F80C05C2F804E558
:10CA8000C2F80875627BD3409BB2BCF1000F01D1A4
:10CA900043F4004304EB41018B80237B3343237336
:10CAA0002CE0013008284FEA5707DDD12D484521F9
:10CAB000BCE74B00234401F5AC71BCF1000F10D072
:10CAC00047F6FF729A802B6853F82170002F10DB15
:10CAD00001A80197FFF782FF0123BB40C0F80C3586
:10CAE00007E04FF6FF729A802B6853F82170002FF1
:10CAF0001BDA217B21EA06012173F9B1A37B23BB59
:10CB00000023012205F12801284603F0CDFA1AE09E
:10CB10004A00224401F5AC71BCF1000F01D09380B2
:10CB2000E2E74FF400439380CDE701A80197FFF7B8
:10CB300055FF0123BB40C0F80835DAE7284603F06B
:10CB400015FB0123A37300208BE70023A373284662
:10CB500003F042FB0028FAD0D2E700BF43ED030008
:10CB60005DED030077ED03002DE9F74345680669A5
:10CB700000210446A86B0CF087F90022074601212A
:10CB80001820F4F7F3FB002F3FDB0027B8462B6893
:10CB900007F5AC7253F82290B9F1000F11DB01A830
:10CBA000CDF80490FFF71AFFD0F8043523FA09F303
:10CBB00013F001031CBF0123BB4048EA03035FFAE3
:10CBC00083F80137042FE2D102360023012101FA54
:10CBD00003F212EA080F0CBF012200220133D20334
:10CBE000042B26F8022FF2D100231A4605F1080182
:10CBF000284603F0E9F9084B98420AD02268074812
:10CC0000452109F0F8F86FF00F07384603B0BDE88A
:10CC1000F0830027F9E700BF0000AD0BA6ED03008D
:10CC200070B40E49D1E90034D01AC31844F100049D
:10CC300022F07F46C1E90034A6F50013B3F5400F9A
:10CC400009D2074B1B681A0A1B069C19054B42F1B7
:10CC50000005C3E9004570BC06F0EEBA682100206B
:10CC600048360020702100200D4B1868010A00068C
:10CC7000BFF35F8F0B4BD3F80435181841F1000157
:10CC8000B3F5801F0AD2084BD3E90023904271EB21
:10CC9000030303D210F1807041F10001704700BF1F
:10CCA0004836002000100140702100202DE9F74394
:10CCB0002B4CD4F8043399070BD5D4F8043143B185
:10CCC000284A0023C4F80431D4F80431136801332E
:10CCD0001360D4F80433DA0323D5BFF35B8F224B00
:10CCE00053E8002F22F0010143E800100028F7D19B
:10CCF000BFF35B8FD30702D4D4F840318BB100254A
:10CD0000C4F84051D4F84031FFF7AEFFEFF3108282
:10CD100072B6164BD3E90267B042B94104D282F32E
:10CD2000108803B0BDE8F0834FF0FF384FF0FF39B3
:10CD3000C3E90289D3E900101D604FF48033C4F8C1
:10CD40004833C4F84051D4F8403182F310880029A8
:10CD5000E7D0009032463B4628468847E1E700BFCF
:10CD600000100140483600204036002058210020A5
:10CD70002DE9F84F4B4DBFF35B8F06460F4655E844
:10CD8000008F28F0010345E80032002AF7D1BFF3F5
:10CD90005B8F454C4FF48039C4F80893BFF35F8F25
:10CDA000BFF36F8FFFF760FFB04271EB070308F02E
:10CDB000010840D23D4B301A67EB0101984271F1F6
:10CDC00000014CD23A4BD3E902239F4208BF96425E
:10CDD0003ED04FF0000CC4F84893C4F840C126F090
:10CDE0007F40D4F84031DFF8CCA0834603216FF0B8
:10CDF000020E2BF07F43C4F84035C4F84493D4F8B6
:10CE00000425AEEB02035B4423F07F4353451FD957
:10CE1000D4F840315BB1D4F80425131A23F07F43D2
:10CE2000B3F5000F14D9C4F840C1D4F8403101EB78
:10CE3000020B0131DDE7204BBFF35B8F53E8001F8E
:10CE400041F0010143E80012002AF7D1BFF35B8FE4
:10CE5000174B1A4A1A60C3E9026700225A60B8F1F8
:10CE6000000F1CD0BFF35B8F55E8003F43F0010378
:10CE700045E80032002AF7D1BFF35B8F4FF48033CF
:10CE8000C4F804330C4BBFF35B8F1B68BFF35B8F9D
:10CE9000DB0742BF0A4B4FF40032C3F80021BDE864
:10CEA000F88F00BF443600200010014001008000D0
:10CEB00058210020FDFF7F004036002021CC0200D9
:10CEC00000E100E070B5194C194BC4F80833C4F800
:10CED0004833184B00254FF0FF304FF0FF31C4F8B6
:10CEE0000855C3E902014FF48033C4F80433124BF0
:10CEF00002264FF40032C4F804630121C3F88021F4
:10CF000011202A46F4F732FA1120F4F7FFF9012331
:10CF10000A4AA3600021236009481360FFF728FF35
:10CF20003046FEF7BDFF284670BD00BF001001402F
:10CF300003000F005821002000E100E044360020EB
:10CF4000FFFF7F00431C10B50F4C05D08442A8BFE3
:10CF50000446012CB8BF0124FFF786FE0B4AD2E934
:10CF60000031C01AB0F5000F074A0AD2204490429F
:10CF700028BF1046C018BDE8104041F10001FFF77E
:10CF8000F7BE1046F6E700BFFFFF7F0068210020D4
:10CF900008B5FFF769FE024B1B68C01A08BD00BF49
:10CFA0006821002010B5084C012363601120F4F7BC
:10CFB000BBF9064BC4F80833C4F84833044B4FF4AC
:10CFC0000032C3F8802110BD0010014003000F00A3
:10CFD00000E100E002460B46014804F043B800BF00
:10CFE000E8090020014803F0CBBF00BFE80900209A
:10CFF000034808B5452108F0FEFE0020F4F7C0F80C
:10D000000FEE030008B502460B460548452108F01F
:10D01000F2FE404080F311884FF0030002DF08BDAC
:10D0200031EE030010B52D492D488AB004F04CFCB8
:10D0300000F028FE05A8DFF71FFE2A4A2A484921EA
:10D0400008F0D9FE14220DEB02010320F3F7C4F817
:10D0500026480CF076FF40B92548452108F0CBFE64
:10D060006FF0120420460AB010BD0023CDE9023350
:10D0700002A8204B0493DFF76BFE024630B11E4836
:10D08000452108F0B8FE6FF01504EBE74FF0FF30D4
:10D090004FF0FF31FFF79EFF04460028E2D1174909
:10D0A0001748DFF7A9FD044610B1FFF79BFFD9E74A
:10D0B00041F64C5301A80193EBF72DFC20B1FFF78B
:10D0C00091FF6FF08504CDE7012368468DF80030AD
:10D0D000EBF719FC0028E8D0F1E700BFC58F03008B
:10D0E0004C3600205BEE030082EE0300F4A5030043
:10D0F0008AEE0300F5D10200AFEE03007821002094
:10D1000041D2020030B5374885B0F7F73BFA3648D0
:10D11000DFF7EEFCDFF7C2FD18B16FF0850005B058
:10D1200030BDDFF7CDFD0028F7D1DFF7DBFD0028AC
:10D13000F3D1DFF7E9FD0028EFD1DFF7F7FD044673
:10D140000028EAD1012501AA02218DF80450DFF759
:10D150000DFD0028E3DB082301AA07212046ADF8D6
:10D160000430DFF703FD0028D9DB204B019301AA2F
:10D1700003212046DFF7FAFC0028D0DB01AA0421B6
:10D1800020468DF80450DFF7F1FC0028C7DB1F2391
:10D1900001AA06212046ADF80430DFF7E7FC00289D
:10D1A000BDDBFB22ADF80C20ADF8062040F6B9320D
:10D1B000002390428DF80430ADF808308DF80A3025
:10D1C0000DDD034645210A4808F015FE404080F376
:10D1D00011884FF0040002DF6FF00B009FE7184644
:10D1E0009DE700BF90B6030005D00200FBFB0302E1
:10D1F000D8EE030010B503460A460D4881680C6856
:10D2000044B90C490C48592208F089FB09485921B6
:10D2100008F07EFB1946A04748B10849064840F28D
:10D220002F2208F07CFB054840F22F21F0E710BDCB
:10D23000F4A50300FFEE030053B8030033EF03002F
:10D24000014902480CF05CBF4C360020B82D00208C
:10D2500073B54FF0FF304FF0FF31FFF7BBFE0028F2
:10D2600060D1314D0DF10701284600F09BFB0446CB
:10D27000FFF7B8FE002C55D19DF80720042A2BD1CA
:10D2800028783E2814D0FF2819D04FF0FF324FF0F5
:10D29000FF332146F6F7BEF8064698B91CB9234875
:10D2A000452108F0A8FD02B0BDE87040FFF7C8BFF7
:10D2B000AB78022BE9D1002200230124E9E7AB7807
:10D2C000802BF7E76A78184902320C300BF08CFC9F
:10D2D0003046F7F731F9E6E7022A0BD14FF0FF327B
:10D2E0004FF0FF330320F6F751F8044660B91048B9
:10D2F0004521D6E7082A10D14FF0FF324FF0FF3317
:10D300000520F6F743F804466A882946043204F1FA
:10D310000C000BF069FC2046DBE70648452108F0CD
:10D320006AFDC0E702B070BDB23B00206CEF0300A5
:10D330008BEF0300A9EF0300F7B5774C237806467F
:10D34000002B40F0278304238DF80730734B0588AA
:10D350001F68B7B10DF106030DF10702611CB84754
:10D3600001280ED09DF80630002B40F091829DF8E8
:10D370000730A3700E2201236270E370A580A071B4
:10D380008FE2B5F5105F4FEA95230BD2002B00F02A
:10D39000E282013B072B08D8DFE803F00907347667
:10D3A000070707C63F2B00F01682012070E23046C7
:10D3B00040F2064230F9033B93420ED040F21D4248
:10D3C000934213D0012040F206439D4200F0608258
:10D3D00040F21D439D422BD15AE2EBF704FB42F28F
:10D3E00026039D4204D942F23203F3E7EBF7FDFA3C
:10D3F00042F20C039D42E6D9A5F500530D3B484A85
:10D400009BB2AFE2304640F6634230F9033B9342B1
:10D410002ED010DC40F6034293421DD040F62D4240
:10D4200093421CD040F601429342BED1EBF782F901
:10D4300001289CD1B9E740F67B4293421BD040F6CD
:10D440007C429342B1D19DF80730364902338DF8C2
:10D450000730EBF77DF9EBE7DFF750FDE8E79DF8E4
:10D460000730304903338DF80730EBF768F9DFE711
:10D47000EBF767F9DCE79DF807302A4904338DF8AC
:10D480000730EBF763F9D3E73388A3F58053013B0B
:10D49000082B8AD801A252F823F000BFC1D40200A1
:10D4A000D3D40200E7D40200ABD30200ABD3020016
:10D4B000ABD30200ABD30200ABD3020007D502000E
:10D4C0009DF80730174808338DF80730EBF73CFA22
:10D4D000AEE79DF80730134840338DF807300BF066
:10D4E00073FD002043E79DF8073008338DF80730BF
:10D4F0000C4B00221A605A60E37A23F0600343F079
:10D500006003E372EDE79DF80730064806338DF8B7
:10D510000730EBF71BFA8BE7B63C00205C360020A7
:10D5200041120003BD3C0020304642F25E0130F85B
:10D53000033B1AB28A4267DCB2F5005F68DDA3F5EF
:10D540000053013B5D2B63D8DFE813F064007100EA
:10D550007A006200840087008A0093009600990098
:10D5600062006200620062009F00A800AB00AE0093
:10D5700062006200B100BA00BD00C6006200CF00C8
:10D58000D800E10062006200620062006200EB000D
:10D59000F400FD000001030109010C010F0112015B
:10D5A000620062001B011E0121012A0133013601C4
:10D5B000620062006200620062006200620062005B
:10D5C000620062006200620062006200620062004B
:10D5D000620062006200620062006200620062003B
:10D5E0003901620062004201620062006200620072
:10D5F000620062006200620062006200620062001B
:10D60000620062006200060142F27C039A4239D055
:10D61000012001E0EBF79CF942F244039D4200F245
:10D62000A88142F242039D427FF6D9AE30E19DF8D7
:10D630000730BA4803338DF80730EBF78EF9EBE784
:10D640009DF80730B54808338DF807300BF0F9FC2A
:10D650000020E1E7EBF783F9DEE7EBF782F9DBE7A0
:10D660009DF80730AD4801338DF80730EBF77BF9B3
:10D67000D2E7EBF77AF9CFE7EBF779F9CCE7EBF7FD
:10D6800078F9C9E7EBF7ADF9C6E79DF80730A3488D
:10D6900001338DF80730EBF76EF9BDE7EBF76DF965
:10D6A000BAE7EBF76CF9B7E7EBF76BF9B4E79DF87E
:10D6B00007309A4907338DF80730EBF764F9ABE789
:10D6C000EBF763F9A8E79DF80730944910338DF81C
:10D6D0000730EBF75CF99FE79DF807308F48083378
:10D6E0008DF80730EBF755F996E79DF807308B4931
:10D6F00002338DF80730EBF74EF98DE79DF80730D0
:10D70000864902338DF80730EBF749F984E79DF835
:10D71000073008338DF807308F23E371C023E3729D
:10D7200096E79DF807307D4902338DF80730EBF717
:10D730003AF971E79DF80730784804338DF80730DF
:10D74000EBF733F968E7EBF732F965E700F0CAFA6F
:10D7500062E70BF0AAFC5FE70BF0AAFC5CE7EBF7D3
:10D7600028F959E7EBF727F956E7EBF726F953E7DE
:10D770009DF80730694801338DF80730EBF71FF942
:10D780004AE7EBF71EF947E7EBF71DF944E79DF889
:10D790000730624808338DF80730EBF716F93BE79E
:10D7A0009DF807305D4904338DF80730EBF70FF92A
:10D7B00032E7EBF70EF92FE7EBF70DF92CE79DF8C1
:10D7C0000730564802338DF80730EBF706F923E7A8
:10D7D000EBF705F920E730464FF60B4230F8033BF4
:10D7E000934211D8B3F57C4F7FF6DFADA3F57C43B0
:10D7F000013B0A2B00F2BC80DFE803F0212EBABA0D
:10D80000BA6ABABA58616D0003F5407292B2162A2C
:10D8100025F008023FF6C9ADA3F57D43162B00F2B3
:10D82000B780DFE803F06175787D8083B5B5B58694
:10D83000B5B589B5B5B5B5B5B5B58CB595009DF897
:10D84000073036480C338DF80730EAF783FF25F0B0
:10D8500008034FF6025299E09DF8073040338DF8E7
:10D8600007302E4B00221A80E37923F0230343F084
:10D870002303E371237A23F0070343F007032372A2
:10D880004FF6025225F0080393427FF42AAE00209F
:10D890000F2363700423A3700123E0702371A4F8A5
:10D8A000055001232370002003B0F0BD9DF8073020
:10D8B0001A4817338DF80730EAF768FFC7E79DF875
:10D8C0000730164820338DF80730EAF7B1FFBEE77E
:10D8D000EAF75AFFBBE79DF80730104801338DF88F
:10D8E0000730EAF7F6FFB2E79DF8073040338DF8CE
:10D8F00007300A4B00211980E37923F03F0343F0FE
:10D900003F03E3710A2363724FF602539A42BCE766
:10D91000EAF7F5FF9BE7EAF7F4FF98E7BD3C002044
:10D92000EAF7F1FF93E7EAF7F0FF90E7EAF7F3FF92
:10D930008DE7EAF7F2FF8AE7EAF7F3FF87E79DF85A
:10D940000730164904338DF80730EAF7ECFF7EE71D
:10D95000EAF7F8FF7BE701206AE5A5F50153283BCC
:10D960000F4A9BB222FA03F3DB077FF561AD8FE725
:10D97000012042F285039D423FF669AF42F2670300
:10D980009D42EAD825F0020342F26402934222E566
:10D9900001205CE74FF0FF3086E700BFBD3C002070
:10D9A0002F80002038B5094C23780D461BB9BDE8FF
:10D9B0003840EAF7AFBEA278611C02320CF064FD79
:10D9C0000020042320702B7038BD00BFB63C00201F
:10D9D000884208B501F110030CD998420FD20C49C6
:10D9E0000C4840F26A2207F09AFF094840F26A2187
:10D9F00007F08EFFF3D000F110029142EEE70138FC
:10DA000013F8012D00F8012F8B42F9D108BD00BF9A
:10DA10009CEA030053B8030070B506460C460D4D52
:10DA200028460CF08EFA88B1A2B2AB681B6843B9E5
:10DA300009490A48592207F072FF0748592107F09F
:10DA400067FF31462846BDE8704018476FF0120066
:10DA500070BD00BFF4A50300FFEE030053B8030040
:10DA6000884208B501F120030CD998420FD20C4925
:10DA70000C4840F26A2207F052FF094840F26A213E
:10DA800007F046FFF3D000F120029142EEE70138A3
:10DA900013F8012D00F8012F8B42F9D108BD00BF0A
:10DAA0009CEA030053B803001E4B1F4903F12002F8
:10DAB000002808BF194670B5104606F0EDF802467A
:10DAC00048B31A48452108F096F912244FF0FF3266
:10DAD0004FF0FF330120F5F759FC00F10C0602214D
:10DAE00005463046FEF746F83E2303702223437076
:10DAF00001213046FEF73EF809230370212130460C
:10DB0000FEF738F800F8014B3CB12022FF210CF061
:10DB1000E3FC284670BD0446D8E70549FFF7A0FF9F
:10DB2000F7E700BFFD3C002065F003001DF0030097
:10DB30001D3D0020F8B53D4CBFF35B8F2368BFF35C
:10DB40005B8F022B274659D0042B5CD0012B5CD174
:10DB5000374C384E20212046FFF75EFF002842D187
:10DB60002022314620460CF016FC0028F2D0324824
:10DB7000214606F07DF805460028EBD14FF0FF3234
:10DB80004FF0FF330120F5F701FC00F10C060221F4
:10DB900004463046FDF7EEFF3E23037042234370F8
:10DBA00001213046FDF7E6FF08230370412130468E
:10DBB000FDF7E0FF064600F8015BB5B14022002109
:10DBC0000CF08AFCBFF35B8F002357E8002F47E877
:10DBD00000310029F9D1BFF35B8F2CB32046BDE89B
:10DBE000F840F6F7A9BC1F25C8E71349FFF738FF2F
:10DBF000124906F12100FFF733FFE3E70020FFF7AA
:10DC000053FF0446DEE70120F9E70D48572108F0ED
:10DC1000F2F8BFF35B8F002354E8002F44E8003193
:10DC20000029F9D1BFF35B8FF8BD00BF703600202B
:10DC3000FD3C002065F003001D3D00203D3D00201F
:10DC400043F0030010B586B01022002101A80CF0AB
:10DC500043FC0B4C059401238DF811304FF0FF323B
:10DC60004FF0FF33012101A805F056FE20460CF0CD
:10DC700071FB049B6FF394330493FFF75BFFEDE7B5
:10DC80006036002010B588B00E480CF05EFB0E4CDC
:10DC90000E4900220023CDE9062300230A22CDE904
:10DCA0000323CDE9013300934FF46272084B204601
:10DCB00003F07AF80749204608B0BDE810400CF0A0
:10DCC00073B900BF60360020382D00204067002067
:10DCD00045DC020058F003000148F3F7A7BA00BF83
:10DCE000382D002008B50B4BBFF35B8F012253E8A2
:10DCF000001F002903D143E800200028F7D1BFF31B
:10DD00005B8F05D10448002105F0FAFE002008BD14
:10DD10000C20FCE7703600206036002010B500298A
:10DD2000114BBFF35B8F04460CBF0222042253E861
:10DD3000001F002903D143E800200028F7D1BFF3DA
:10DD40005B8F0ED121460948FFF78AFE084804F18F
:10DD50002001FFF785FE0748002105F0D1FE0020D5
:10DD600010BD0C20FCE700BF703600201D3D0020D8
:10DD70003D3D00206036002008B502460B460548B0
:10DD8000452108F038F8404080F311884FF0030037
:10DD900002DF08BD91F0030010B5E6F7DBFCBDE83B
:10DDA0001040034903484FF40032002303F026BF1C
:10DDB00098030020B82D0020014902480CF0A0B9BA
:10DDC000A4360020B82D002013B54FF4FA73ADF837
:10DDD000043000238DF806304FF48053ADF8003046
:10DDE000104A0223192168468DF80230E9F7A8FD90
:10DDF0000446A0B90C480121EEF783F8044670B937
:10DE0000014601220820F3F7B1FA012221460B2036
:10DE1000F3F7ACFA012221461046F3F7A7FA2046A1
:10DE200002B010BD79DD02007436002008B54FF055
:10DE3000FF304FF0FF31FFF7CDF840B107490848F8
:10DE4000A82207F06CFD0548A82107F061FDEEF758
:10DE500071F9BDE80840FFF7C5B800BFAAF003009C
:10DE600053B8030037B5114D1149002400946FF0E9
:10DE700009034FF48062284603F03AFE0D49284614
:10DE80000CF092F80C490D4803F01EFD22460421C7
:10DE90001920F3F76BFA0A494FF4003200232846A1
:10DEA00003F0ACFE204603B030BD00BFB82D00200B
:10DEB000406B0020D7F003002DDE0200A4360020C6
:10DEC0009803002010B5044696B0CDE90241042124
:10DED000ADF82810ADF824300F2101238DF8301053
:10DEE000ADF840301A498DF848301A4B0D91139314
:10DEF00019491A4B0E9100204FF0020C02A91493FD
:10DF000007ABCDE905C0CDF810D00B900F918DF87F
:10DF10001C0008921190159382B110A904A80BF06F
:10DF200032F998B964B9069B13B96FF015000DE08A
:10DF3000DDE9181204A80BF0EDF807E0002CF4D08E
:10DF40000AA904A80BF01FF90028ECD016B010BDE8
:10DF5000ECF00300EBF003005B92030081920300FE
:10DF600038B5044600200D46FDF792FF114B1860AE
:10DF700040B911491148722207F0D1FC0E487221B4
:10DF800007F0C6FC002201210520F3F7EFF91B2062
:10DF900000220121F3F7EAF901232B70204600F05B
:10DFA00091F928B10648452107F025FF054838BDFD
:10DFB0000548FCE7C4360020FBF0030053B803001B
:10DFC00025F103000900AD0B0000AD0B30B580B3A7
:10DFD0000A2930D84FF49263CB40DB072BD54FF0A2
:10DFE00080520429D2F85044D2F85434D2F858243C
:10DFF00004704FEA14254FEA14448470DCB2457073
:10E00000C47001D10D4830BD1D0A05710A294FEABF
:10E0100013454FEA13634571837105D1130AC27129
:10E02000120C03724272EDE7882CEBD19923C37076
:10E03000E8E70348E7E70348E5E700BF0000AD0B6A
:10E040000400AD0B0600AD0B102808B508D9054932
:10E050000548DF2207F063FC0248DF2107F058FC87
:10E06000024808BDFBF0030053B803005D3D0020EB
:10E0700010B50368022B02D0042B16D010BD164930
:10E080000023CB60154B4B6003238B60144B186847
:10E09000F1F7CAFB0028F1DA12491348F92207F018
:10E0A0003EFCF9210F4807F033FC0D4B0A491C6870
:10E0B0002046F1F795FC10F1780F02D12046F1F7D8
:10E0C00037FC0028DADA0749074840F2071207F060
:10E0D00026FC40F20711E5E7B4360020B1920300B8
:10E0E000C4360020FBF0030053B8030008B50A4B08
:10E0F0001A699B689A420DD003F08EFC30F002033F
:10E1000008D006490648362207F009FC03483621A4
:10E1100007F0FEFB08BD00BF4C0600207FF10300A6
:10E1200053B8030070B586B0064604224A484A4CEC
:10E130006946F1F703FD0428054611D00346474818
:10E140000422452107F057FE4548452107F053FEBC
:10E150000023C4E90233C4E905336360236164E04A
:10E160009DF80020102A08D93E493F48742207F044
:10E17000D6FB74213B4807F0CBFB02A92046F1F700
:10E18000DDFC9DF800208242034603D0374801227F
:10E190004521D7E79DF80130DA070BD42A4601A9BB
:10E1A0002046F1F7CBFC0428034627D030482A4606
:10E1B0004521C7E7BDF8025001A92A46204607F0CD
:10E1C00072FB85421AD90021204607F08CFB0246DB
:10E1D00078B928460CF0C8F82A4601460190204636
:10E1E000F1F7ACFC854214D901980CF0B6F86FF049
:10E1F0004C022048452107F0FEFDA5E700241E4BF8
:10E200001B6843B9174918488B2207F088FB8B21FC
:10E21000B0E70124F3E7019902A898479DF801307F
:10E22000DB0704D43046FFF761FF06B070BD1CB1B8
:10E2300001980CF092F8F5E7BDF80210064807F0D7
:10E2400052FB03460028EDD0BDF802200B484521C3
:10E2500007F0D1FDE6E700BF4C060020B9F103004E
:10E260009FF203007FF1030053B80300E7F10300BE
:10E2700012F2030046F20300C83600206CF20300DD
:10E28000684620F007018D4601B50A4B1B7843B163
:10E2900009490A48B72207F042FB0748B72107F0AF
:10E2A00037FB074803F0B8FBF2F7E2FCBDE801409A
:10E2B000854670476D3D00207FF1030053B8030091
:10E2C0003C06002010B5044658B10022012115205B
:10E2D000F3F74CF81520F3F719F8034B00201C60F6
:10E2E00010BD6FF01500FBE7C8360020F0B585B013
:10E2F00006469DF8287001928DF80C101A488DF88A
:10E300000D70042203A91D46ADF80E30F1F7E8FBAD
:10E310000428044609D0154B01221A70144B4FF4FF
:10E320000012C3F8002105B0F0BD9DF80C200E4886
:10E330003146F1F7D5FB9DF80C308342EBD15FB14C
:10E3400055B1BDF80E2001990748F1F7C9FBBDF89A
:10E350000E40A042DFD1E1E704220DEB02010248AA
:10E36000F1F7BEFBF5E700BF4C0600206D3D002035
:10E3700000E100E0014B00201B681847CC3600206C
:10E3800010B530B101280AD1BDE810400848E6F7C1
:10E3900079B9084BBDE810401B68012018470649B1
:10E3A00006481C2207F0BBFA03481C2107F0B0FA0C
:10E3B00075E30200CC360020DBF2030053B8030003
:10E3C00008B570B1012803D1BDE80840E6F7ACB943
:10E3D000044905482A2207F0A2FA02482A2107F038
:10E3E00097FA08BDDBF2030053B80300014B186035
:10E3F00001487047CC3600200000AD0B10B5284C0A
:10E40000237E834208D027492748552207F087FA00
:10E410005521244807F07CFABFF35B8F236CBFF3D0
:10E420005B8F13BB092934D8DFE801F005333333A0
:10E430003321211C331F236AD3E900209047012890
:10E4400005D00223E06384F8343018480EE047F228
:10E4500030532363032384F83430154B84F82900A8
:10E46000A363F2E70E4802F099FF002010BD0023DD
:10E4700084F829300E490F4B207E2363EDF782FD8F
:10E480000028F2D0074908484D2207F048FA4D21EC
:10E49000BFE704490448812207F041FA8121B8E727
:10E4A000D036002018F3030053B8030004370020CF
:10E4B000F4360020FF3F420F0248012200210BF0FA
:10E4C000BBBD00BFD0360020014BD861704700BFF4
:10E4D000D036002070B54FF0FF3106464FF0FF30C8
:10E4E000FEF778FD054640B147494848AE2207F09F
:10E4F00016FAAE21444807F00BFA45494548E5F7BE
:10E50000E5FE0446FEF76EFD002C07DA424822467F
:10E51000452107F070FC6FF00B0070BD3F4C40F2DE
:10E5200001132385E36926626433E36247F23053C3
:10E5300023636FF0730384F82450E36304F140060F
:10E54000BFF35B8F56E8003F46E80052002AF9D13E
:10E55000BFF35B8FA36833B12B492C48C42207F06B
:10E56000DEF9C421C6E74FF0FF304FF0FF31FEF770
:10E5700031FD30B124492548C72207F0D0F9C72121
:10E58000B8E7207E04F12401EDF7FCFC30B11E4910
:10E590001E48C92207F0C3F9C921ABE7FEF722FDE7
:10E5A0001F4A0023204602F033FF00280EDA1D48E0
:10E5B000452107F020FCBFF35B8F012356E8002FB5
:10E5C00046E800310029F9D1BFF35B8F4FF0FF30EF
:10E5D0004FF0FF31FEF7FEFC30B10B490B48D4225F
:10E5E00007F09DF9D42185E7207EEDF7ADFCFEF71D
:10E5F000F9FCBFF35B8F236CBFF35B8F13B107484C
:10E6000002F068FFE06B88E718F3030053B80300DB
:10E61000E8360020FDE3020052F30300D03600206C
:10E62000447B0B007DF30300074B01221A64D3F8EF
:10E630004035B3FBF0F01844044BDB69984234BF1B
:10E6400000200120704700BF00800040D03600202D
:10E65000F0B5816885B01039054621F0070407F050
:10E660001FFC0B4B6E4603F1100C324618685968BC
:10E67000374603C7083363453E46F7D1102321468A
:10E68000284607F0DBFB003818BF012005B0F0BDBD
:10E6900012B8030030B50D46816887B0102302AA76
:10E6A0001039044607F0B5FB002802DA012007B054
:10E6B00030BD102202A920460AF02EFE00283AD1D1
:10E6C0001E49102202A80BF066FE00280CBF012391
:10E6D00002232B7020460AF00BFE012301460DF1A8
:10E6E0000702204607F095FB0028DFDB9DF8073086
:10E6F00003F00F021B096A702B7101220DF1070153
:10E7000020460AF009FE10B96B78042B03D90123C7
:10E710006B7000232B71A268183A22F00702083AA6
:10E72000A91C20460AF00BFE0028BFD1E91C204698
:10E730000AF05FFEBBE70323CBE700BF12B803007C
:10E74000F0B5354F460085B00546694657F82600B6
:10E750000AF055FE044610B1FF2005B0F0BD0136A9
:10E7600002A957F826000AF04AFE012837D12B48A3
:10E770002A46492107F03FFB294B02938DF80C40B4
:10E780009DF800609DF80870264C002220783146E4
:10E790000AF0B4FD50B3607839460AF0AFFD28B3F3
:10E7A000A378042B03D09DF8031099421ED1E3787F
:10E7B000042B03D09DF80B10994217D12379042B19
:10E7C00010D16279022A1DD1174B18482A464921D7
:10E7D00007F011FB6079831E022BBED9BCE700282D
:10E7E000CED0B9E79DF802109942EAD00132032A4F
:10E7F00004F10604CAD10E482A46492107F0FBFA63
:10E800000120AAE7032A05D00A4B0B49042A08BFB6
:10E810000B46DAE7094BD8E7A8B60300BDF30300BF
:10E820000301030352F403009FF3030008F4030001
:10E830002CF40300A4F30300B6F303009AF30300DF
:10E840004FF0704393F8E02F062A09D1D3F8E83F40
:10E85000C3F30313033B042B02D8024AD05C704776
:10E860000020704780F40300024AD2F80034002BE5
:10E87000FBD0704700E0014010B50AF028FE40B11F
:10E880004FF080538E4AD3F82433C3F30423C2F8E5
:10E890004035FFF7D5FF10B18A4B8B4A5A670AF013
:10E8A00016FE48B14FF080534FF08042D3F8443207
:10E8B000C3F34233C2F83C35FFF7C2FF30B1834A9D
:10E8C000D2F8FC3023F08073C2F8FC300AF0FFFD70
:10E8D00040B14FF080430022C3F80C21C3F810214F
:10E8E000C3F83825FFF7ACFF20B14FF08043032277
:10E8F000C3F8A025FFF7A4FF60B1754B0522C3F84C
:10E9000010260122C3F888260022C3F818263F22C9
:10E91000C3F814264FF08053D3F83021511C09BF9F
:10E920004FF07043D3F8343193F8E02FD3F8E83F39
:10E9300008BFC3F30313062A4DD1033B042B03D8AE
:10E94000644AD35C002B46D04FF08052624BD2F821
:10E950000414C3F82015D2F80814C3F82415D2F80B
:10E960000C14C3F82815D2F81014C3F82C15D2F8DB
:10E970001414C3F83015D2F81814C3F83415D2F8AB
:10E980001C14C3F84015D2F82014C3F84415D2F86B
:10E990002414C3F84815D2F82814C3F84C15D2F83B
:10E9A0002C14C3F85015D2F83014C3F85415D2F80B
:10E9B0003414C3F86015D2F83814C3F86415D2F8CB
:10E9C0003C14C3F86815D2F84014C3F86C15D2F89B
:10E9D0004424C3F870250AF07AFD48B14FF0805303
:10E9E0004FF08042D3F8583203F04F03C2F8E43EB0
:10E9F0000AF06DFD48B14FF08043D3F80024D207F0
:10EA000044BF6FF00102C3F800244FF08053D3F8E5
:10EA10003021062A26D1D3F83431033B042B02D807
:10EA20002E4AD35C63B12E4AD2F83C3743F480635C
:10EA3000C2F83C374FF08053D3F83031062B11D158
:10EA40004FF08053D3F83431033B042B02D8254ACE
:10EA5000D35C3BB14FF01023D3F808224FF0804332
:10EA6000C3F858254FF01023D3F80022002A03DB07
:10EA7000D3F80432002B22DA1B4901234FF0102077
:10EA8000C1F804351524FFF7EFFEC0F80042FFF788
:10EA9000EBFEC0F80442FFF7E7FE0023C1F804359F
:10EAA000FFF7E2FEBFF34F8F0849104BCA6802F42C
:10EAB000E0621343CB60BFF34F8F00BFFDE710BD93
:10EAC0000030014000C007400DF0ADBA00ED00E09D
:10EAD000005000407BF4030000C0004076F40300C7
:10EAE0000010004071F4030000E001400400FA054A
:10EAF00030B50468CCB1BFF35B8FB4FA84F3C3F1D3
:10EB00001F03DBB201229A4024EA020250E8005FB0
:10EB1000A54204D140E8002CBCF1000FF6D1BFF3B0
:10EB20005B8FE6D102480B7030BD0248FCE700BFA6
:10EB30000000AD0B0200AD0B10B50368CB40DB0746
:10EB400014D401238B400268BFF35B8F43EA0201B8
:10EB500050E8004F944204D140E8001CBCF1000F83
:10EB6000F6D1BFF35B8FEED1014810BD0148FCE741
:10EB70000000AD0B0400AD0B08B50268014610465D
:10EB80000AF0B4FC50B90E490E4840F2453206F086
:10EB9000C6FE40F245310A4806F0BAFE02F01F03F5
:10EBA00052090B6008D00649064840F24E3206F082
:10EBB000B6FE40F24E31EEE74FF0A04008BD00BF78
:10EBC000CEEC030053B80300072808B50AD907495B
:10EBD00007484FF43D7206F0A2FE04484FF43D7121
:10EBE00006F096FE800000F5807008BD85F40300F5
:10EBF00053B8030070B500F108030C4C34F813301F
:10EC0000DA0505460E4607D5C3F3432304EBC302DA
:10EC100054F8333052689847A3682BB1E268314604
:10EC20002846BDE87040184770BD00BF6C06002044
:10EC3000C0B2034B083033F81000C0F340007047F7
:10EC40006C060020C0B2034B083033F81000C0F34C
:10EC5000401070476C06002010B5C0B2174A08304B
:10EC600032F81030D9051DD5C3F3432123F4F853EE
:10EC700022F8103002F10E04002034F8023F13F4A1
:10EC8000807F03D0C3F3432399420BD00130202867
:10EC9000F3D100230A4842F83130FFF74DFF094B0A
:10ECA000984200D110BD084908484FF4DC7206F0C4
:10ECB00036FE05484FF4DC7106F02AFE6C06002093
:10ECC000C40600200000AD0BBAF4030053B80300E3
:10ECD0002DE9F843002407460E4625464FF001086B
:10ECE000A146B5420DD1124BD3F87C2132B100229E
:10ECF000C3F87C21D3F87C3144F000442046BDE8C1
:10ED0000F883E8B2FFF760FFA0F58072920808FA76
:10ED100002F2174209D000F1804303F5C04319689D
:10ED200019B1C3F800901B6814430135D9E700BF3F
:10ED30000060004010B5044608460A46FFF782FF0F
:10ED4000C0B10846FFF774FFA0B9CAB20C4B2168E6
:10ED5000083233F812200123520B9340C1F80833D4
:10ED6000236803EB8203D3F8102522F00302C3F8D3
:10ED7000102510BDBDE81040002110460AF00DBC62
:10ED80006C060020F7B5CDB2184E0835074636F8A8
:10ED90001530DB070C4626D5FFF7CCFF2046FFF7E2
:10EDA00051FF40B136F815303A685B0B03F5A2739A
:10EDB000002142F823102046FFF74EFF002301A850
:10EDC00026F815300194FFF7D7FE019B00EB830076
:10EDD000074BD0F80027134043F00203C0F8003778
:10EDE000044803B0F0BD0448FBE700BF6C060020F8
:10EDF000F0F8FCFF0000AD0B0400AD0BF0B50C46C5
:10EE0000116885B007461546E1B120460AF0E2FBDD
:10EE100008BB0B46CDE900008DF80E008DF80F0001
:10EE20000DF10F020DF10E0120460AF069FBE3B26D
:10EE30004549083331F8132022F0020242F0010262
:10EE400021F813206B685BB320461A785968FFF7E6
:10EE5000EFFE10B1C9B13D4825E0E6B2DFF8E8C0E9
:10EE600008363CF8163023F02003DB04DB0C2CF8CA
:10EE7000163051B1032AEED86968496808783968B4
:10EE80009AB900F5A27041F82020E3B22E48083369
:10EE900030F8131021F01C0141EA820220F81320FF
:10EEA000AB683BBB2A4805B0F0BD01EB800143EAEB
:10EEB0004033D1F810E52EF0030EC1F810E53F689D
:10EEC00007EB800743F02003D7F810152CF8163015
:10EED00021F4473121F44071C7F810152102D7F809
:10EEE00010E501F4F85141EA024141EA0E01C7F888
:10EEF0001015CAE7D3E900672046FFF7ADFE002EE4
:10EF0000D0D0114DD5E90023964203D19F4201D1C3
:10EF1000002209E00F480DF10F01FFF7E9FD0C4B4E
:10EF20009842C0D19DF80F2045F83260E4B205EB5D
:10EF3000C20308345F6035F8143043EA422343F4D7
:10EF4000807325F81430ADE76C0600200400AD0B8B
:10EF50000000AD0BC40600202DE9FF4107460C461A
:10EF60001E4632B30846FFF763FE18B90846FFF79E
:10EF700069FE20BBE5B2DFF8CC80083538F81530E3
:10EF800013F01C0F02D05378012B18D001238DF8F9
:10EF90000F300023CDE900230DF10F01931C204613
:10EFA00001320AF0ADFA38F8153043F0030328F8BF
:10EFB0001530002E43D02046FFF73AFE18B92248FC
:10EFC00004B0BDE8F08196F800E03B681D4D0EF5F9
:10EFD000A272002143F82210E1B2083135F8112065
:10EFE00022F02002D204D20C25F8112096F801C09C
:10EFF000BCF1000F23D03868B67800EB8E004FEAE2
:10F000000C4CD0F8103523F4981323F4F853C0F8BF
:10F010001035230203F4F8530CF4403C3605D0F8C5
:10F02000107543EA0C0306F4801642EA4E3233436D
:10F0300042F020023B4325F81120C0F81035034868
:10F04000BEE700BF6C0600200400AD0B0000AD0B56
:10F05000014BC3E9021270476C06002008B552B993
:10F060000C490D4840F20D3206F059FC094840F2B7
:10F070000D3106F04DFC0846FFF7E4FD40B1C9B282
:10F08000064B0748083133F811305B0B137008BD8D
:10F090000448FCE7BAF4030053B803006C060020F0
:10F0A0000000AD0B0400AD0B2DE9F0411A4E96F8AF
:10F0B000604005466CBB4022214606F110000BF073
:10F0C0000BFA2D68376DA046A74213D10023C5F86F
:10F0D0007C3145F30730D5F87C31F2F717F94FF062
:10F0E0000043C5F804330D48012386F86030B3654A
:10F0F000BDE8F081E0B2FFF767FDA0F580739B08E3
:10F100001F2B08BF45F8008004F1010408BF2B58ED
:10F11000DAE70348ECE700BF6C0600200000AD0B07
:10F120000C00AD0B034B93F86000003818BF0120B2
:10F13000704700BF6C0600200148FFF7FDBC00BF10
:10F14000C00600200148FFF7D3BC00BFC006002066
:10F150002DE9F341CBB2164608332E4A32F813207C
:10F1600012F01C0F0C460546C2F382010AD12A494F
:10F170002A4840F2FA3206F0D2FB40F2FA31264831
:10F1800006F0C6FB2046FFF75DFD00B32046FFF703
:10F190004FFD0746D8B9540B2046FFF715FDD5F8AB
:10F1A000008048F8007058F800302B6803EB8403A7
:10F1B000D3F8102542F00102C3F8102526B12A68C1
:10F1C0000123A340C2F8043302B0BDE8F08146B980
:10F1D0001149124840F2094206F0A1FB40F20941F0
:10F1E000CDE7042912D0052912D001A80194FFF718
:10F1F000C3FC019AD0F81035D34003F00103991CE9
:10F20000204602B0BDE8F0410AF0C7B90321F7E794
:10F210000221F5E76C060020BAF4030053B803009E
:10F220002DE9F74F554B564FD3F80403396DC0B253
:10F2300040F00040FFF74CFD051E18DA0023F96D81
:10F24000009368460AF0B8F94FF0010897F85C306F
:10F25000DB075BD4396D4FF00040FFF739FDF96DE6
:10F2600068460AF0A9F90028F0D125F000450124EC
:10F27000002D6AD103B0BDE8F08F94FAA4F4B4FA7B
:10F2800084F4E10804F1080304F0070237F813904E
:10F290001DF80130019408FA02F223EA020301A8E2
:10F2A0000DF80130FFF768FC019B03F5E0734FEAAE
:10F2B000990B50F82360C9F3820A1BF0040FD14662
:10F2C000C6F3014626D051462046FFF793FC01A81D
:10F2D0000194FFF751FC019B03F5E073F6B250F87F
:10F2E0002330C3F301439E4207D1002120460AF098
:10F2F00054F9314620460AF050F901A80194FFF76D
:10F300003BFC019B08FA03F3C0F82035009C002C5D
:10F31000B3D19FE7022E0CD1032120460AF03DF91C
:10F320000AF00503012BE8D149462046FFF762FCAD
:10F33000E3E7022120460AF030F9BAF1030FF3D0D7
:10F34000032EDAD1BAF1020FEDE795FAA5F3B3FA7D
:10F3500083F304FA03F29B0003F1804303F5C043F7
:10F3600025EA0205D3F81005D3F81015C0F30420E0
:10F37000C1F30141FFF73EFC7AE700BF00600040A7
:10F380006C060020C02910B525D0B9B180290AD15A
:10F390004378047882781B0243EA044313430F4AFC
:10F3A0000330C2F89835437802781B0243EA0243DF
:10F3B00082781343094A0330C2F894350368074A38
:10F3C0001BBAC2F89035D2F8A03523F0C0030B4326
:10F3D000C2F8A03510BD4021E5E700BF0050004055
:10F3E000A0F58072920801239340084A13420BD083
:10F3F00000F1804000F5A04002682AB100220260BE
:10F4000002680A681A430A60704700BFFE040800D9
:10F4100070B5044686B050B9464947484FF4E0728B
:10F4200006F07DFA43484FF4E07106F071FA434D5F
:10F430002E7B002E7BD107C885E80700404A0323B6
:10F44000C2F80C35D2F8A03523F01F0343F00403B3
:10F45000C2F8A03520684FF480710AF0CAF84FF462
:10F4600082710AF0C6F84FF484710AF0C2F84FF4C2
:10F4700086710AF0BEF84FF488710AF0BAF84FF4BA
:10F480008A710AF0B6F84FF48C710AF0B2F84FF4B2
:10F490008E710AF0AEF84FF494710AF0AAF84FF4A6
:10F4A00096710AF0A6F84FF498710AF0A2F84FF49A
:10F4B0009C710AF09EF84FF4A4710AF09AF84FF488
:10F4C000A6710AF096F84FF4A8710AF092F81D4B55
:10F4D0002022C3F880210520F1F718FF1A4A247A68
:10F4E00007CA03AB83E807001946184A18488DF885
:10F4F000124000F015FF174B984204460AD16421D0
:10F5000013480AF016F901230246009310483146C9
:10F5100000F0DEFF01232B7300236B734FF4805246
:10F520004FF49063C5E90423204606B070BD0A4C31
:10F53000FAE700BFF8F4030053B8030014370020C3
:10F540000050004000E100E098AA0300E5F5020049
:10F55000D00600200000AD0B0C00AD0B08B50C4B25
:10F560001A7B012A0AD00B490B4840F2092206F007
:10F57000D6F9084840F2092106F0CAF9074B0D21D7
:10F58000C3F804149A60064AC3F8042308BD00BFF8
:10F5900014370020F8F4030053B803000050004073
:10F5A0008200080008B50B4B1B7B012B0AD00A49CF
:10F5B0000A4840F2232206F0B2F9074840F223211C
:10F5C00006F0A6F9064BD3F83C0410F0030018BF70
:10F5D000012008BD14370020F8F4030053B80300DD
:10F5E0000050004030B5B0F5A07FA9B040F0898050
:10F5F000FFF7D8FF04464648002C40F08680836819
:10F600000133072B83607CD90423CDE901440394A3
:10F610000093404D00F0F0FE3F4B6C734FF480526E
:10F62000C3F80825D3F8082592B20492D3F804252C
:10F6300092B20592D3F89045D3F8A02512F0C002FB
:10F6400061D0802AD3F8940501BFD3F898358DF89E
:10F650001E30190C8DF81C1005BF190A8DF81D10ED
:10F6600007A90DF11F01030C0B70030A4B70887082
:10F67000CB1C210E1970210C5970DC70210A264C0C
:10F6800099708DF89C20D4F8A435C3F341138DF8FC
:10F690009D30D4F8043306930023C4F8FC3FD4F81B
:10F6A000FC3F0123C4F8FC3FBDF81030C4F8083516
:10F6B000BDF81430C4F804359DF89C1007A8FFF776
:10F6C00061FED4F8A4359DF89D2023F0600343EA41
:10F6D0004213C4F8A4350323C4F80C35D4F8A0357C
:10F6E00023F01F0343F00403C4F8A035069BC4F8BD
:10F6F00004334FF48F63C4F808336B680BB168466A
:10F70000984729B030BD07ABB3E700238360F8E723
:10F71000D0060020143700200050004038B5184CA7
:10F72000217B01290AD01749174840F2352206F0FB
:10F73000F6F840F23521134806F0EAF840B91149CD
:10F74000114840F2362206F0EAF840F23621F2E79C
:10F75000456805F06043B3F1005F0FD102880B4BA1
:10F760000B48C3F81055C2F30802C3F814252268E9
:10F7700002F48C62C3F80423D96138BD0548FCE764
:10F7800014370020F8F4030053B803000050004081
:10F790000000AD0B0A00AD0BF8B5324C237B012BFA
:10F7A0000AD03149314840F25A2206F0B8F840F206
:10F7B0005A212D4806F0ACF840B92B492B4840F2AD
:10F7C0005B2206F0ACF840F25B21F2E7436843B9F4
:10F7D000254926484FF4177206F0A1F84FF4177127
:10F7E000E7E70268002A38D003F06043B3F1005F16
:10F7F00035D14FF04003EFF3118583F31288BFF347
:10F800006F8F1B4BD3F80C211AB1D3F804231207C6
:10F8100021D401261E6102884768C3F81075C2F31F
:10F820000802C3F8142502681248D200C2F30B0282
:10F8300092B2C3F81C25C3F80C15228AC3F8082518
:10F84000226802F01802C3F80423DE6085F31188F1
:10F85000BFF36F8FF8BD0848F8E70848FAE7084893
:10F86000F8E700BF14370020F8F4030053B8030092
:10F87000005000400000AD0B0B00AD0B0600AD0BBF
:10F880000A00AD0B08B50A4B1B7B012B0AD00949B6
:10F8900009484FF43B7206F042F806484FF43B71BA
:10F8A00006F036F800F1804000F5A040036008BD86
:10F8B00014370020F8F4030053B8030008B5134BC5
:10F8C0001A7B012A0AD0124912484FF43F7206F0FF
:10F8D00026F80F484FF43F7106F01AF829280E4B0E
:10F8E0000ED1D3F82014C9074CBF9A625A624FF464
:10F8F0008052C3F808254FF48F62C3F8082308BD6F
:10F9000000F1804000F5A0400260F0E714370020CD
:10F91000F8F4030053B803000050004008B550B994
:10F92000244925484FF4477205F0F9FF21484FF468
:10F93000477105F0EDFF0378032B0ED8DFE803F0E5
:10F94000020F1E2B42684FF6FF73934228BF1346E7
:10F950001A4A516999422BD81361194808BD426867
:10F960004FF6FF73934228BF1346144A1169994218
:10F970001ED35361134AC2F80435EEE70179032917
:10F9800016D8104AD2F8A43523F0600343EA411395
:10F99000C2F8A435E1E7037A042B07D00A2B0CBF89
:10F9A000802140214068FFF7EDFCD6E70021F9E710
:10F9B0000548D3E7F8F4030053B8030014370020D8
:10F9C0000000AD0B005000400400AD0B2DE9F043EA
:10F9D00085B0002369464FF480700093FFF700FD67
:10F9E0004FF48270FFF7FCFC4FF48470FFF7F8FCD3
:10F9F0004FF48670FFF7F4FC4FF48870FFF7F0FCCB
:10FA00004FF48A70FFF7ECFC4FF48C70FFF7E8FCC2
:10FA10004FF48E70FFF7E4FC4FF49470FFF7E0FCB6
:10FA20004FF49670FFF7DCFC4FF49870FFF7D8FCAA
:10FA30004FF49C70FFF7D4FC4FF4A470FFF7D0FC98
:10FA40004FF4A670FFF7CCFC4FF4A870FFF7C8FC8A
:10FA5000009C14F0400804F0020204F0200540F07D
:10FA60008E80002A40F0C280002D76D1210328D557
:10FA7000774BD3F80423120323D50022C3F81821AF
:10FA8000D3F81811C3F82821D3F82811C3F80C2192
:10FA9000D3F80C11C3F81021D3F810116D49088A5E
:10FAA000C3F808050D20C3F80C04C3F804044FF490
:10FAB000002300934B680392CDE901220BB1684605
:10FAC000984727061BD5624BD3F80423160616D594
:10FAD000D3F804140022CDE901220392CD074FF0A0
:10FAE0008002009207D50122C3F80424594B5B68B9
:10FAF0000BB168469847564B0D22C3F804242007E3
:10FB000013D5534BD3F8042311070ED5514A52682D
:10FB10005AB108210091D3F810150291D3F81C3581
:10FB2000C3F3C803019368469047E20612D5484ADA
:10FB3000D2F80433DB060DD50023CDE9013303935E
:10FB4000102300931823C2F80833424B5B680BB1B3
:10FB50006846984705B0BDE8F0833D4BD3F80433C1
:10FB60009D0683D50023CDE9013303932023009321
:10FB7000384B5B68002B46D06846984743E0344BCF
:10FB8000D3F81015D3F82415002A41D11DB1D3F8AC
:10FB900004339E06E6D42E4AD2F8043359067FF584
:10FBA00065AF40230025CDE90035D2F81035039329
:10FBB000D2F82435C3F30B03103BC3F3CC03660523
:10FBC00002930BD5D2F80433580507D5D2F80C347C
:10FBD00003F00D0301930D23C2F80C341D4B5B6839
:10FBE000002B3FF443AF684698473FE7184BD3F8E4
:10FBF00004339B0713D4002D3FF438AF144BD3F8D4
:10FC000004339806AED4B8F1000F3FF42FAFC2E72B
:10FC1000D3F804339F0702D4002DEFD1BBE70D4E7C
:10FC2000737B03F0FF0983B90B4F384600F004FCE7
:10FC3000384600F0C1FB01237373022300937368FD
:10FC4000C7F808900BB168469847002DD6D1DAE77F
:10FC50000050004014370020D0060020044AD2F89B
:10FC60000034DB07FBD50160BFF35F8F704700BF37
:10FC700000E0014008B54FF080531A6959694A43C2
:10FC8000904207D21A69B0FBF2F302FB130363B18F
:10FC90000D4818E00D490E4840F2071205F03FFEEE
:10FCA0000A4840F2071105F033FE0A4B0222C3F85E
:10FCB0000425C3F80805D3F80024D207FBD5002299
:10FCC0000548C3F8042508BD0A00AD0B34F5030050
:10FCD00053B8030000E001400000AD0BF8B50D463D
:10FCE0000121044609F094FC50B91149114840F231
:10FCF000951205F014FE40F295110D4805F008FE2E
:10FD000014F0030708D00A490A484FF4CB7205F0F3
:10FD100006FE4FF4CB71F0E7074E0123C6F8043519
:10FD200029462046FFF79AFFC6F80475F8BD00BFC4
:10FD300034F5030053B8030000E0014010B552B998
:10FD400029492A4840F2FB2205F0E9FD40F2FB2157
:10FD5000254805F0DDFD136843B92349234840F2E7
:10FD60000A3205F0DCFD40F20A31F1E700EB411404
:10FD7000C4F82035938843B91B491C484FF4467298
:10FD800005F0CDFD4FF44671E2E713F4004F08D0C3
:10FD90001549164840F2193205F0C1FD40F21931FB
:10FDA000D6E7C4F824359368B3F1807F08D30E49B1
:10FDB0000E4840F2233205F0B2FD40F22331C7E78E
:10FDC00000EB4110C0F82835D368B3F1807F08D329
:10FDD000054906484FF44B7205F0A1FD4FF44B71F5
:10FDE000B6E7C0F82C3510BD70F5030053B803001A
:10FDF00008B50268530904D14FF0FF33D340DB0745
:10FE00000AD40749074840F2453205F088FD044806
:10FE100040F2453105F07CFD4FF0A04008BD00BF29
:10FE2000CEEC030053B8030070B50B4C06791825CF
:10FE300005FB06456B6833B90068022109F01BFC1D
:10FE400008B101232B73182303FB0644207B0238DF
:10FE500018BF012070BD00BF2C37002030B504460C
:10FE6000022008730A6120680125C0F800554D681A
:10FE70002068FDB112F0100F0CBFB2253225C0F87A
:10FE800000539B0012F08000256803F108034FF037
:10FE9000010211D01D440D6023799A40074B92B2A4
:10FEA000C3F8042320798000C0B200F1804000F53F
:10FEB000C03030BD3025E2E7EA50FAE7008001406B
:10FEC0002DE9F74F0B7F05460C461BB394F81DC078
:10FED000218B677DA67DA27EE07E2B68BCF1000FA2
:10FEE0000BD1D4E9008ED4E902C4C3F86085C3F80D
:10FEF00064E5C3F868C5C3F86C450C043ED53049C9
:10FF000030484FF43C7205F00AFD2D484FF43C7127
:10FF100005F0FEFC0E1F01F1100701F10C094FF076
:10FF2000010A56F804BFBBF1FF3F1DD03A78CDF867
:10FF300004B00AFA0BF801A8DAB1FFF759FFC0F8CC
:10FF4000088501A8CDF804B0FFF752FF00EB8B0045
:10FF5000D0F8003723F4413323F4437323F0030331
:10FF600043F00303C0F80037B14507F10107D8D1CA
:10FF7000ACE7FFF73DFFC0F80C85E2E742EA00225C
:10FF8000C3F80C75C3F80465C3F80815C3F8102549
:10FF900028680023C0F81031D0F81021C0F80831CB
:10FFA000D0F80821C0F80C31D0F80C3140F30730FC
:10FFB000F1F7ACF9182003B0BDE8F04FF1F7A6B99E
:10FFC00070F5030053B80300F8B50D4D07791824F8
:10FFD00004FB075494F80CC0BCF1000F0DD1C4E928
:10FFE000012319B10B7F2375FFF76AFF182303FB69
:10FFF0000755044801232B73F8BD0348FCE700BFF5
:020000040003F7
:100000002C3700200000AD0B0C00AD0B2DE9F743A1
:10001000214D0679182707FB06548046237B43B9F8
:100020001E491F48F82205F07AFC1C48F82105F00B
:100030006FFC006840F30730F1F776F93846F1F7C6
:1000400073F9D8F80030247D0022C3F80025D4B914
:10005000DFF85090D8F8003004F5AC7253F82270F5
:100060007B1C0DD001A80197FFF7C2FE00EB8702B1
:10007000D2F8003703EA090343F00203C2F800375D
:100080000134042CE6D1182303FB065500232B73FF
:1000900003B0BDE8F08300BF2C370020A2F50300B9
:1000A00053B80300F0F8FCFF2DE9F0411F46037937
:1000B00004462B4803EB43061546182200EBC60600
:1000C00002FB03008846037B53B9264926484FF4B8
:1000D000B07205F024FC4FF4B071224805F018FC12
:1000E00045B92049204840F2611205F018FC40F261
:1000F0006111F2E70B6803F06043B3F1005F08D0D1
:10010000184919484FF4B17205F009FC4FF4B17168
:10011000E3E70A4620680021FFF710FE4246206808
:100120000121FFF70BFE226805F0010303EB5505E3
:10013000C2F81455FA0710D417F0020203D0002BAE
:1001400014BF082204222168C1F8002220463A4642
:100150003146BDE8F041FFF781BE1022F3E700BF52
:100160002C370020A2F5030053B8030070B5174DDB
:100170000679182303FB065304461B7B53B9144925
:1001800014484FF4DC7205F0CAFB11484FF4DC71DF
:1001900005F0BEFB03680022C3F8002203680122B9
:1001A0005A6069B12046FFF73FFE0028FAD0236865
:1001B0000022C3F80025182303FB065501232B73E7
:1001C0002046BDE87040FFF72FBE00BF2C3700204F
:1001D000A2F5030053B8030008B50B4B02791821B0
:1001E00001FB02331B7B53B9084909484FF4EB72FA
:1001F00005F095FB05484FF4EB7105F089FBBDE870
:100200000840FFF711BE00BF2C370020A2F5030005
:1002100053B80300134BD3F8002142B10022C3F8B6
:100220000021D3F80021104A126801211160D3F88F
:10023000042142B10022C3F80421D3F804310A4B4F
:100240009B6901221A60074BD3F8082142B10022B2
:10025000C3F80821D3F80831034B1B6B01221A6045
:10026000704700BF008001402C3700200149024840
:1002700009F02BBA2C37002000C001400149024888
:1002800009F023BA44370020001002400149024817
:1002900009F01BBA5C3700200020024070B51D4AEF
:1002A0000C68B2FBF4F304FB13258DBB94422FD8EA
:1002B0005C1E1C402CD1B3F5007F29D802684D7913
:1002C000D2F80465097926F0030601F003013143F1
:1002D000C2F80415D2F8081593FAA3F321F003012C
:1002E00005F00305B3FA83F32943C2F80815C2F8F1
:1002F00010350068402300F58072D450D158043383
:10030000582BFAD140F30730F1F700F8024870BDDE
:100310000248FCE70024F4000000AD0B0400AD0B24
:10032000F8B541B91E491F487C2205F0F8FA7C2136
:100330001B4805F0EDFA05791B4C0C236B43E618BE
:10034000377A5FBBE2508B68184A73600368934248
:100350000FD002F5805293420BD002F580529342A7
:1003600007D002F58032934203D002F580529342C7
:1003700002D14B79032B06D909490A48942205F08A
:10038000CEFA9421D4E7FFF789FF0C2303FB054441
:10039000074BC21A534253412372F8BD0548FCE78C
:1003A000DDF5030053B803007437002000800040DF
:1003B0000000AD0B0C00AD0B10B50C4B02790C21FD
:1003C00001FB0232127A012A08D009490948D222D7
:1003D00005F0A5FA0648D22105F09AFA04682260D1
:1003E000027901FB023302221A7210BD7437002019
:1003F000DDF5030053B8030010B50C4B02790C2156
:1004000001FB0232127A42B909490A48DB2205F09F
:1004100086FA0748DB2105F07BFA04680122226195
:10042000007901FB00331A7210BD00BF7437002041
:10043000DDF5030053B8030008B50A4B02790C211F
:1004400001FB02331B7A43B907490848FB2205F038
:1004500066FA0548FB2105F05BFA03680122DA60C1
:1004600008BD00BF74370020DDF5030053B803005A
:1004700070B5144C05790C2606FB0544247A54B952
:100480001149124840F2251205F049FA0E4840F28F
:10049000251105F03DFA4FF4803405688C4073B1A6
:1004A0008B0003F5A0730026EE50EB580368C3F8E9
:1004B0000443036801F5A87143F8212070BDC5F815
:1004C0000843F6E774370020DDF5030053B8030056
:1004D0002DE9F041154C07794FF00C0E0EFB074447
:1004E0001D46247A9DF81830012C0AD01049114875
:1004F0004FF4A07205F013FA0D484FF4A07105F007
:1005000007FAD0F800E044F48074DEF800728C4002
:1005100027EA0404CEF800420668D6F800422C43CD
:10052000C6F80042BDE8F041FFF7A2BF74370020D3
:10053000DDF5030053B803002DE9F041154A00250D
:10054000402328460124995829B198509958990870
:1005500004FA01F10D430433582BF4D10E4B0F4F25
:10056000D3F80463402406F47C164FF00108A30876
:1005700008FA03F31E4208D02B4206D03B6823B191
:1005800004F58070796880B298470434582CEED115
:10059000BDE8F08100B1014000B001407437002097
:1005A00008B5144BA8220021184609F095FF032234
:1005B000026111494261114A8161C2614FF4806256
:1005C0000262002282624262C26201660C49416696
:1005D0001021816603460267C2664267BFF35F8FE0
:1005E000084911F8010D98540132102AF9D1BFF3CE
:1005F0005F8F08BD803700201AF603007E3D002083
:100600006E3D002033F6030070B516461D465A1C99
:1006100003681344C2689A42044605D2006A08215E
:1006200009F09BFB002070BD32783DB1AB1E062B5C
:100630009ABF0C4AD35C00231833DAB2204609F083
:100640008FFB0028EED03544B54203D1A3680133B7
:10065000A360E8E723685A1C226015F8012D1A7080
:10066000F2E700BF34F6030008B5084A084B93428E
:100670000AD908490848172205F051F905481721F9
:1006800005F046F91833F2E7FCD308BD84A6030051
:10069000C4A503003BF6030053B80300F7B50446B6
:1006A0000D464FF04003EFF3118783F31288BFF339
:1006B0006F8F204A042898BF1F4B9668127C94BF06
:1006C00053F820301D4B0092452102461C4805F08E
:1006D00092FB3DB1EB69C3F308031BB119484521F7
:1006E00005F089FB36B1304609F061FC034608B1DC
:1006F000027802B9144B15483246452105F07BFBC0
:1007000029462046FCF774FC042C08D110491148F6
:100710008A2205F004F90E488A2105F0F9F887F3DA
:100720001188BFF36F8F304603B0BDE8F040F0F79B
:100730007DBD00BF2C380020B0B603005EF603007C
:100740006CF6030099F603000BD00300BFF603001C
:10075000DCF6030053B80300104B70B553F820408B
:10076000013053F82060A64200D870BDD4E90035AE
:1007700095B153B12846984738B10028B8BF4042D8
:10078000EB68FF28A8BFFF201870EA68537843F091
:10079000010353700834E6E79847FBE7C4B603004B
:1007A00008B50A4B012203201A70FFF7D5FF03F0AA
:1007B00059FA0420FFF7D0FF00F034FBEDF7C4F93D
:1007C000034A137B23F00103137308BD7E4100200D
:1007D000D82E002008B50348034A0021121A09F058
:1007E000BBFB08BDE80B00208441002070B500234E
:1007F00086B00122CDE90423194E1A4D01930F2230
:10080000CDE902321849142303FB005506EBC0164C
:1008100004464FF4C070154B00954FF4A07200FBD6
:100820000411304600F064FA737B114AEE6023F045
:10083000040373734FF4046304FB033313446B60CA
:100840000C4B2C74BFF35B8F53E8001F013143E85E
:100850000012002AF8D1BFF35B8F06B070BD00BF55
:10086000582E00202C380020C07700203D0F0300B8
:10087000806F00202838002080B50020A6B0FFF748
:100880006BFF2E4B83F308882D4C2E4E63692E4F41
:1008900043F400736361E02384F8223000252023B1
:1008A000E37725766576A57684F82050636A43F46D
:1008B000E023636284F82350F0F726FCF0F7EAFDAA
:1008C0004FF0FF33A362E36206ACF0F7E9FEF0F706
:1008D00021FE40F201132046ADF82430CDE91F552A
:1008E00003F0A2F9B460FFF7BFFE0120FFF734FF69
:1008F0000220164CFFF730FF02F06AF9144B7461C6
:100900000593012313490095CDE903534FF49062F9
:100910003B46CDE90155204600F0EAF9627B0646E8
:1009200022F004022046627301F0DAFB2846FFF74A
:100930005DFF3A4631462046F0F790FDC077002033
:1009400000ED00E02C380020A1070300D82E002085
:1009500048F703004079002038B50B4C0B4DAC42F2
:100960000FD90B490B48192204F0D9FF0848192167
:1009700004F0CEFFD4E90112204609F0F1FA183450
:10098000EDE7F7D3002038BDD0090020E8090020AA
:1009900050F7030053B803002DE9F04F87B091469C
:1009A000DDE91023064604A89A468846174609F052
:1009B000F3FBDDE9043406F11405CDE902344FF010
:1009C0004003EFF3118483F31288BFF36F8F28463F
:1009D00000F08EFA38B92F492F48882204F09FFF83
:1009E00088212C4828E0284600F0A0FAEFF3058380
:1009F000C3B906F10C0B4A4641463046EEF742FCBD
:100A00000346D8B12846029300F080FA029B0028E2
:100A100038D12049204840F2311204F080FF40F2E2
:100A20003111DEE757EA0A03E3D01C491A484B228A
:100A300004F075FF19484B2104F06AFF57EA0A07D2
:100A4000E0D0DDE9022304A809F0CAFBDDE90423B4
:100A50002146CDE90023174628465A469A4601F01A
:100A6000FDFD4FF04003EFF3118483F31288BFF3D1
:100A70006F8F284600F03CFA0028ACD0284600F0E2
:100A800055FAB8E784F31188BFF36F8F184607B0A3
:100A9000BDE8F08FA4BA030053B8030050F7030079
:100AA000F8B504460E4600F114054FF04003EFF38D
:100AB000118783F31288BFF36F8F284600F018FA6E
:100AC00040B916491648882204F029FF88211348A6
:100AD00004F01EFF284600F029FA20463146EEF7C2
:100AE00097FB04F10C0009F041FB28B13946284678
:100AF000BDE8F84001F062BB284600F007FA40B9B3
:100B00000649074840F2311204F009FF40F2311162
:100B1000DDE787F31188BFF36F8FF8BDA4BA030038
:100B200053B8030038B50B4C0B4D0020AC420FD925
:100B30000A490B48952204F0F2FE0848952104F07A
:100B4000E7FE204609F014FA002802DB2034EDE726
:100B5000F7D338BD70090020D009002072F70300D8
:100B600053B803002DE9F74304460D4690461F464F
:100B700000F108064FF04003EFF3118983F3128868
:100B8000BFF36F8F304600F0B3F940B91F492048DA
:100B9000882204F0C4FE88211C4804F0B9FE3046C7
:100BA00000F0C4F923699BB12B601B682361E369E2
:100BB0000133E3610024304600F0A8F900BB13497B
:100BC000134840F2311204F0AAFE40F23111E3E77B
:100BD00058EA070203D12B606FF00B04EBE72246C3
:100BE000CDE900874946304601F038FD044618B982
:100BF000084B9B685B692B60204603B0BDE8F0831F
:100C000089F31188BFF36F8FF6E700BFA4BA030022
:100C100053B803002C3800202DE9F04104460D465E
:100C200000F108064FF04003EFF3118783F31288B9
:100C3000BFF36F8F304600F05BF938B929492A4875
:100C4000882204F06CFE882126481BE0304600F024
:100C50006DF9E368AB420CD8A169EA1AB2FBF1F076
:100C600001FB10222AB96269013A01FB02339D425D
:100C70000AD91E491C4840F2011204F050FE1B48DC
:100C800040F2011104F044FED4F81080B8F1000FD6
:100C90000ED1204601F09AFE50B1C0F87C8045612B
:100CA00001F01EFA39463046BDE8F04101F086BA3F
:100CB00023692B60E3692561013BE361304600F065
:100CC00025F940B90749084840F2311204F027FEDF
:100CD00040F23111B8E787F31188BFF36F8FBDE899
:100CE000F08100BFA4BA030053B8030072F70300F9
:100CF0002DE9F04385B098460F9B0F2B04460E4616
:100D00003AD1254988453BD1073222F0070504F145
:100D10005801C4E9161105F1400910992173002703
:100D20000421B1446173A3734946C4E90677A760FF
:100D3000E7732046EFF76EFF06F140030730C4E982
:100D4000193520F007000E9BE06602930D9B01937E
:100D5000A9EB00090C9B00934A46434631462046C6
:100D6000F0F74AFB0D4B67659B6803B11B6F236768
:100D7000484605B0BDE8F08303F110011E29C3D930
:100D80000749084840F2592204F0C9FD044840F2DE
:100D9000592104F0BDFD00BF3D0F03002C38002099
:100DA00097F7030053B80300F0B587B0DDE912767A
:100DB0000446EFF3058555B1174918484FF43672CC
:100DC00004F0ADFD14484FF4367104F0A1FD059513
:100DD000109D04950F9D03950E9D02950D9D019507
:100DE0000C9D0095FFF784FFB6F1FF3F08BFB7F1F8
:100DF000FF3F05D056EA070305D1204601F016FA59
:100E0000204607B0F0BD06493A46334604F11800C3
:100E100002F02EF9F4E700BF97F7030053B8030080
:100E200065A1030070B52D4C2D4D86B0AC42264611
:100E300026D92C492C4840F23F3204F070FD40F294
:100E40003F31284804F064FD54F80C3C059354F8F5
:100E5000103C049354F8143C039354F8183C029348
:100E600054F81C3C019354F8203C009354E90A23A5
:100E700054E90C01FFF73CFF54F8303C5E65D5E7C0
:100E8000AE4204F13004DFD301F012FA134C174ED6
:100E9000AC421DD91349144840F25E3204F03FFDC4
:100EA00040F25E31CDE7D4E90A23B3F1FF3F08BF3A
:100EB000B2F1FF3F05D052EA0301206803D101F0EF
:100EC000B5F93034E4E73146183002F0D1F8F8E7EC
:100ED000E9D306B0BDE8704001F03ABABCA7030000
:100EE000BCA7030097F7030053B8030065A10300F4
:100EF000006838B1044B1B7C00F00300C01A18BF17
:100F000001207047012070472C380020064A117CD0
:100F100092680A430168034691424FF0000004BF03
:100F200018600120704700BF2C380020024B1A7C4B
:100F30009B681343036070472C38002008B50D4BA5
:100F40009B6893F90E30002B08DA0B490B482A22D4
:100F500004F0E5FC08482A2104F0DAFC4FF04002D6
:100F6000EFF3118382F31288BFF36F8FF0F798FAD3
:100F7000F4E700BF2C380020BAF7030053B8030091
:100F800070B50446EFF3058646B131493148D722A2
:100F900004F0C5FCD7212E4804F0BAFC8368002B6E
:100FA00050D02D4A926893424FD1C36833B9284933
:100FB0002848EF2204F0B3FCEF21ECE7012B03D02B
:100FC000013BC360002070BD4FF04003EFF311857B
:100FD00083F31288BFF36F8F2048FFF789FF38B97A
:100FE0001F491C48882204F09AFC88211C48D3E73A
:100FF0001A48FFF79BFF2169A06808F0DCFF204634
:1010000001F0E4FCA06050B190F90E202261C667A7
:1010100001F066F81148294601F0D0F8D2E7E06007
:101020000E48FFF773FF40B90D490A4840F23112EC
:1010300004F075FC40F23111D8E785F31188BFF355
:101040006F8FBFE76FF01500BDE74FF0FF30BAE7D5
:10105000DBF7030053B803002C3800204C38002085
:10106000A4BA03002DE9F341044617461E46EFF3E8
:10107000058545B1524953486E2204F050FC504852
:101080006E2104F045FC4FF04003EFF3118883F329
:101090001288BFF36F8F4C48FFF72AFF38B94B49CE
:1010A0004848882204F03BFC88214848E9E7464844
:1010B000FFF73CFFE368464A9BB1A068916888420D
:1010C00024D057EA060329D13F48FFF71FFFA0B1FC
:1010D00088F31188BFF36F8F6FF00F0002B0BDE887
:1010E000F081916891F90E10374821610133E36076
:1010F0009368A360FFF70AFF50B93449314840F2C2
:10110000311204F00CFC40F23111CEE72169EBE71B
:1011100088F31188BFF36F8F0020DFE791F90E107D
:1011200090F90E309942A8BF19466FF07E029142A5
:10113000B8BF11468B4202DD08F03DFF0546CDE900
:10114000007621482246414601F088FA0028E3D083
:101150004FF04003EFF3118683F31288BFF36F8FD4
:101160001948FFF7C5FE002899D01748FFF7DEFEA3
:10117000A068C0B1236821699C420AD04BB193F9A1
:101180000E309942A8BF19466FF07E039942B8BF4E
:10119000194608F010FF30B10B48314601F00EF847
:1011A0006FF00A009AE7002DF6D10748FFF7AEFE70
:1011B0000028A2D086F31188BFF36F8FF0E700BF3D
:1011C000DBF7030053B803004C380020A4BA030037
:1011D0002C3800202DE9F04704469DF820A00D464C
:1011E0009046994600F108064FF04003EFF311874F
:1011F00083F31288BFF36F8F3046FFF779FE40B953
:1012000037493848882204F08AFB8821344804F0A2
:101210007FFB3046FFF78AFEBAF1000F00D0656809
:1012200004F10C0001F0D2FB58B10023C367C0F8F1
:10123000148000F055FF3046394600F0BFFF002013
:1012400019E0B9F1000F28D0082102F0F3FCA0B991
:101250003046FFF75BFE40B92149224840F2311287
:1012600004F05DFB40F23111D0E787F31188BFF342
:101270006F8F6FF00B00BDE8F0870122C0F804808B
:101280000260016801F003015DB922680A4302604F
:10129000626820606AB960600BE0C8F80090404660
:1012A000EFE72A68032A10D80160616839B9C4E9F8
:1012B0000000042104F1140002F0E2FBBBE70A681D
:1012C00002F0030202430A60E5E722F003020A4348
:1012D00002602A6802F0030240EA02032B60E8E79A
:1012E000A4BA030053B803002DE9F743054691461D
:1012F0001F4600F108064FF04003EFF3118883F317
:101300001288BFF36F8F3046FFF7F2FD40B92049D6
:101310002048882204F003FB88211D4804F0F8FAD5
:101320003046FFF703FE2C68CCB123686A6823F0CF
:101330000303944220462B6008BF6B60012108F034
:1013400049FE04463046FFF7E1FDC0B91049114897
:1013500040F2311204F0E3FA40F23111DDE759EACC
:101360000703EFD0CDE9009705F10C024146304666
:1013700001F074F938B9084B9B685C6903E088F3A5
:101380001188BFF36F8F204603B0BDE8F08300BF24
:10139000A4BA030053B803002C38002038B5044623
:1013A0004FF04003EFF3118583F31288BFF36F8F83
:1013B0001448FFF79DFD40B913491448882204F0F2
:1013C000AEFA1148882104F0A3FA0E48FFF7AEFDEB
:1013D000204601F0FBFA48B10022C26700F080FE0F
:1013E00029460848BDE8384000F0E8BED4E902329A
:1013F0009A4218BF0133A360022104F1100002F0E9
:101400003FFBEDE750380020A4BA030053B80300B7
:10141000F7B5044616461D46EFF305835BB152EA65
:10142000050308D027492848882204F078FA25487F
:10143000882104F06DFA4FF04003EFF3118783F336
:101440001288BFF36F8F2148FFF752FD38B920494A
:101450001D48882204F063FA88211D48E9E71B48EB
:10146000FFF764FDA368ABB1013B1848A360FFF729
:101470004DFD40B91649144840F2311204F04FFABC
:1014800040F23111E9E787F31188BFF36F8F002035
:1014900003B0F0BD56EA05030BD10C48FFF736FD4B
:1014A0000028E7D087F31188BFF36F8F6FF00F002C
:1014B000EEE7CDE9006522463946044801F0CEF852
:1014C000E6E700BFFDF7030053B8030050380020E3
:1014D000A4BA030070B504464FF04003EFF3118542
:1014E00083F31288BFF36F8F1248FFF701FD40B9F5
:1014F00011491248882204F012FA0F48882104F09A
:1015000007FA0C48FFF712FD6FF00A06204601F0BB
:101510005DFA18B1C66700F0E3FDF7E7A0600221AD
:1015200004F1100002F0ACFA29460248BDE8704010
:1015300000F044BE50380020A4BA030053B80300A2
:101540001FB5094B029302AB0024009307490848DA
:101550008DF80C404FF0FF334FF4805200F0C8FA82
:10156000204604B010BD00BF1DF80300007E00201F
:10157000582F00202DE9F04F694E6A4F85B0044680
:101580004FF04003EFF3118883F31288BFF36F8F9E
:101590003046FFF7ADFC40B963496448882204F047
:1015A000BEF98821604804F0B3F93046FFF7BEFC6D
:1015B000D4F88050A5B9022104F1980008F04CFD40
:1015C00090BB002302934FF0FF324FF0FF33CDE981
:1015D0000023414604F18802304601F0D7FCCFE7F2
:1015E000D4F884202B68C4F88030954208BFC4F832
:1015F0008430D4F8983043F00203C4F89830EB6894
:10160000D5F8049023F0040343F00103EB60304667
:10161000FFF77CFC90B94449444840F2311204F091
:101620007EF940F23111BDE704F19005002201215D
:10163000284601F05DFC0028F8D1C2E788F3118844
:10164000BFF36F8FB9F1000F09D13949374840F224
:101650009F2204F064F9364840F29F21A3E7284610
:10166000C8474FF04003EFF3118A83F31288BFF3AA
:101670006F8F3046FFF73CFC00288DD03046FFF7D7
:1016800055FCEB68990723F0010217D4EA60D4F8FF
:10169000983023F00203C4F898303046C3F3002595
:1016A000FFF734FC0028B6D08AF31188BFF36F8FA0
:1016B000002D7FF465AF01F093FA61E7386823F0FD
:1016C0000303EB600028E2D04FF00008D0F8009050
:1016D000C3460028DBD043689D4202460DD1026814
:1016E000B8F1000F12D17B683A60834200D17A6072
:1016F00040F808BBFFF752FE4246B9F1000F0DD08B
:10170000D9F80030484690469946E2E7C8F80020EC
:101710007B68834208BFC7F80480E9E74B46F1E7DE
:101720005C38002054380020A4BA030053B80300EA
:1017300026F8030070B5C368C3F340069B0705464F
:101740000C460DD50122002104F1080008F074FCBC
:1017500000232360054B65605A681AB9C3E9004449
:10176000304670BD14605C60FAE700BF543800205A
:10177000F8B5C3689A0704460F46C3F3400638D449
:101780005B0724D40B680BB983680B60E368DD0743
:1017900020D5A36853B9284928484FF4A77204F00C
:1017A000BEF825484FF4A77104F0B2F83B6002265A
:1017B0003D68002D3CD0224B9B68AB420CD0D5F845
:1017C0009830D807C3F3800216D46FF012060023B6
:1017D0003B6027E00126EBE708F0E0FBD5F8983006
:1017E0000028EED1D907C3F3C002EED552B15B0792
:1017F00008D46FF00F06EAE7002AFAD1C3F3C0035A
:10180000002BF6D100232360D5F8843063B9C5E9F5
:101810002044284608F03AFCE36843F00403E36000
:101820003B68A3603046F8BD1C60C5F88440F0E713
:101830006FF01506CBE700BF26F8030053B803008E
:101840002C38002073B504464FF04003EFF31185A8
:1018500083F31288BFF36F8F1848FFF749FB40B935
:1018600017491848882204F05AF88821144804F0CF
:101870004FF81248FFF75AFB00230321201F019362
:10188000A4F1100608F0E8FB28B1A369019301A9AF
:101890003046FFF76DFF0948FFF738FB40B90849AC
:1018A000084840F2311204F03AF840F23111DDE715
:1018B00085F31188BFF36F8F02B070BD5C380020D4
:1018C000A4BA030053B8030038B50D46044640B926
:1018D0000B490C48892204F022F88921084804F0B9
:1018E00017F831B9064907488A2204F018F88A2106
:1018F000F4E71022002108F0EFFD656038BD00BF5D
:1019000026F8030053B8030038B504464FF04003EF
:10191000EFF3118583F31288BFF36F8F1248FFF73F
:10192000E7FA40B911491248882203F0F8FF8821EC
:101930000E4803F0EDFF0C48FFF7F8FAE4680A4898
:1019400004F00F04FFF7E2FA40B90849084840F2F2
:10195000311203F0E4FF40F23111E9E785F3118819
:10196000BFF36F8F204638BD5C380020A4BA030057
:1019700053B8030037B50C46019051B922492348AA
:101980004FF4BA7203F0CBFF4FF4BA711E4803F064
:10199000BFFF4B6843B91C491C4840F2751203F065
:1019A000BEFF40F27511F1E74FF04003EFF31185F0
:1019B00083F31288BFF36F8F1548FFF799FA38B990
:1019C00014491248882203F0AAFF88211148DEE753
:1019D0000F48FFF7ABFA204601A9FFF7C9FE0446FE
:1019E0000B48FFF793FA40B90A49084840F2311210
:1019F00003F095FF40F23111E8E785F31188BFF35A
:101A00006F8F204603B030BD26F8030053B80300A3
:101A10005C380020A4BA03000146014808F070BBFE
:101A2000582F002038B5044650B92249224840F2C8
:101A3000222203F074FF40F222211E4803F068FFC7
:101A4000C368DB0508D51B491B4840F2232203F07D
:101A500066FF40F22321F0E74FF04003EFF31185DA
:101A600083F31288BFF36F8F1448FFF741FA38B938
:101A700013491148882203F052FF88211048DDE7FE
:101A80000E48FFF753FA204608F007FB04460B48C0
:101A9000FFF73CFA40B90A49074840F2311203F017
:101AA0003EFF40F23111E9E785F31188BFF36F8FF4
:101AB000204638BD26F8030053B803005C380020E8
:101AC000A4BA030008B550B90749084840F2BD223E
:101AD00003F025FF044840F2BD2103F019FFA022C6
:101AE000002108F0F9FC08BD26F8030053B80300F4
:101AF000F0B589B004460E9D50B92A492A484FF4E2
:101B0000337203F00CFF4FF43371264803F000FFEB
:101B100041B92449244840F2CD2203F000FF40F2AD
:101B2000CD21F2E7D0F8980010F0010008D01D494F
:101B30001D4840F2CE2203F0F2FE40F2CE21E4E74F
:101B4000C4E9200004F18800C4E9220004F19000F7
:101B5000C4E924001DB32879002840F2011008BF11
:101B60000120C4F8980000204FF0FF364FF0FF37F7
:101B7000CDE90330CDE90100CDE906670B4B0094B8
:101B80002046FFF711F925B1296811B1204608F068
:101B90000BFA204609B0BDE8F04008F00ABA01206F
:101BA000DFE700BF26F8030053B8030075150300F4
:101BB00038B50D46044650B90E490F484FF45172DE
:101BC00003F0ADFE4FF451710A4803F0A1FE41B994
:101BD0000849094840F2453203F0A1FE40F2453180
:101BE000F2E73022002108F077FC4FF48073656043
:101BF000E36038BD26F8030053B80300F7B5164676
:101C000001901D460C4651B92849294840F2BE3280
:101C100003F085FE254840F2BE3103F079FE4FF017
:101C20004003EFF3118783F31288BFF36F8F2148CE
:101C3000FFF75EF938B920491D48882203F06FFE8E
:101C400088211D48E9E71B48FFF770F9E36813F0A6
:101C50000E0F22D155EA060211D1204601A9FFF745
:101C600087FD04461348FFF751F9C0B912491048DF
:101C700040F2311203F053FE40F23111E1E743F03C
:101C80000803E360019BA36204F110000B49324694
:101C90002B4601F0EDF90124E4E70024E2E787F3A5
:101CA0001188BFF36F8F204603B0F0BD26F8030004
:101CB00053B803005C380020A4BA030045180300A1
:101CC00001460148FFF79ABF582F0020F7B5164686
:101CD00001901D460C4651B92749284840F2E2328E
:101CE00003F01DFE244840F2E23103F011FE4FF0F4
:101CF0004003EFF3118783F31288BFF36F8F2048FF
:101D0000FFF7F6F838B91F491C48882203F007FE90
:101D100088211C48E9E71A48FFF708F9204608F02F
:101D2000A6F955EA060311D1204601A9FFF720FDC7
:101D300004461348FFF7EAF8B8B912490F4840F2D1
:101D4000311203F0ECFD40F23111E2E7E3680E4995
:101D500043F00803E360019BA36204F110003246E4
:101D60002B4601F085F90124E3E787F31188BFF3DF
:101D70006F8F204603B0F0BD26F8030053B8030070
:101D80005C380020A4BA030045180300014601484E
:101D9000FFF79CBF582F002038B5044650B91E49A4
:101DA0001E4840F2044203F0BAFD1B4840F20441D1
:101DB00003F0AEFD4FF04003EFF3118583F312887B
:101DC000BFF36F8F1648FFF793F838B915491348DA
:101DD000882203F0A4FD88211248E9E71048FFF7A4
:101DE000A5F8204608F043F9204608F056F90446C5
:101DF0000B48FFF78BF840B90A49084840F2311206
:101E000003F08DFD40F23111E6E785F31188BFF351
:101E10006F8F204638BD00BF26F8030053B803007B
:101E20005C380020A4BA03002DE9F0410E460546B7
:101E300050B93449344840F2154203F070FD40F285
:101E40001541304803F064FD41B92E492E4840F257
:101E5000164203F064FD40F21641F2E708F09EF8E6
:101E6000044640B12749284840F2174203F057FD85
:101E700040F21741E5E74FF04003EFF3118883F399
:101E80001288BFF36F8F2148FFF732F838B9204925
:101E90001D48882203F043FD88211D48D2E71B48D6
:101EA000FFF744F8EB6803F00F03002B14BF012782
:101EB00000270AD0284608F0DAF8284608F0EDF89E
:101EC00031462846FFF736FC04461048FFF71EF857
:101ED00040B90F490C4840F2311203F020FD40F2A6
:101EE0003111DAE788F31188BFF36F8F3CB14FF0FF
:101EF000FF324FF0FF3306F10800FFF789FA38464A
:101F0000BDE8F08126F8030053B803005C380020D8
:101F1000A4BA0300C3897F2B12D80A4B1B6863B194
:101F2000094B90F90E201B689A4209DB437BDB06C4
:101F300006D1064BC31A18BF012303F001007047F6
:101F40000023FAE76838002064380020582E00206B
:101F500008B568B10F4B98420AD303F118029042BA
:101F600006D2C01A1822B0FBF2F302FB130353B1DE
:101F700009490A4840F2E71203F0D1FC064840F252
:101F8000E71103F0C5FC064BC0105843054B012276
:101F90001A5408BDF82F002047F8030053B8030077
:101FA000ABAAAAAA7F41002070B50E4B0E4C1E7C36
:101FB00006EB460304EBC3040546204601F000F996
:101FC0000A4B002228469A55FFF7A4FF48B1084B58
:101FD00008491A68013A2046D317BDE8704001F05D
:101FE00047B870BD2C380020F82F00207F4100201A
:101FF00068380020511F030038B5124D2B4653F8A6
:10200000184F9C4200D004B9EC68AB6888B943B95A
:102010000D490E48912203F082FC0B48912103F0F8
:1020200077FC5A7BD20604D1A26912B9DA897F2AD9
:1020300005D89C4202D02046FFF7B6FF23466B61CD
:1020400038BD00BF2C38002047F8030053B8030008
:1020500070B590F90D30427B002B37DBD30635D1BC
:102060008369002B32D162F07F024273184A90429A
:1020700008D118491848C32203F051FC1548C32160
:1020800003F046FC15490A4652F8184F944218BF0F
:102090002346CC6923B9C0E900242060C8610CE064
:1020A00090F90E5093F90E60B5420BD0AE4209DDA7
:1020B0005A68C0E9003210605860BDE870400020E6
:1020C000FFF79ABFA342E6D01B68E3E770BD00BFED
:1020D000582E002047F8030053B803002C38002086
:1020E00038B504464FF04003EFF3118583F31288AF
:1020F000BFF36F8F1248FEF7FBFE40B9114912483B
:10210000882203F00CFC88210E4803F001FC0C48E7
:10211000FEF70CFF2046FFF79BFF0948FEF7F6FE8F
:1021200040B90849084840F2311203F0F8FB40F288
:102130003111E9E785F31188BFF36F8F38BD00BF18
:102140006C380020A4BA030053B8030038B5044625
:102150004FF04003EFF3118583F31288BFF36F8FC5
:102160001348FEF7C5FE40B912491348882203F010
:10217000D6FB88210F4803F0CBFB0D48FEF7D6FEB7
:10218000A36813B1204600F043FB0948FEF7BEFEEA
:1021900040B90849084840F2311203F0C0FB40F250
:1021A0003111E7E785F31188BFF36F8F38BD00BFAA
:1021B0006C380020A4BA030053B8030038B50346B6
:1021C0000C46D1B9EFF30585BDB9154A516992683E
:1021D000914212D0FEF79AFE50B91249124840F2CD
:1021E0006B1203F09CFB40F26B110E4803F090FB66
:1021F0002846BDE83840EFF72FB81846FEF786FEB0
:1022000040B90849084840F2311203F088FB40F217
:102210003111EAE784F31188BFF36F8F38BD00BF37
:102220002C380020A4BA030053B8030038B5044684
:102230004FF04003EFF3118583F31288BFF36F8FE4
:102240001848FEF755FE40B917491848882203F090
:1022500066FB8821144803F05BFB1248FEF766FE1C
:10226000637B5A0711D40F48FEF750FE40B90E4960
:102270000E4840F2311203F052FB40F23111E9E70F
:1022800085F31188BFF36F8F38BD23F00403204618
:102290006373FFF7DDFE29460248BDE83840FFF7CB
:1022A0008DBF00BF6C380020A4BA030053B80300F0
:1022B00010B54FF04003EFF3118483F31288BFF39E
:1022C0006F8F1E48FEF714FE38B91D491D4888223D
:1022D00003F025FB88211A480CE01848FEF726FE7B
:1022E000EFF3058343B118491648FF2203F017FBAB
:1022F000FF21154803F00CFB144B9A68D37B012B8C
:1023000008D111490F484FF4807203F008FB4FF4D5
:102310008071EEE7013BD3730848FEF7F7FD40B943
:102320000749084840F2311203F0F9FA40F231113E
:10233000D1E784F31188BFF36F8F10BD6C38002094
:10234000A4BA030053B8030069F803002C38002036
:1023500010B54FF04003EFF3118483F31288BFF3FD
:102360006F8F2148FEF7C4FD38B9204920488822E4
:1023700003F0D5FA88211D480FE01B48FEF7D6FD73
:102380001C4B9A68D37B53B91B49194840F25D42F4
:1023900003F0C5FA40F25D41174803F0B9FAEFF3D4
:1023A000058040B11449124840F25E4203F0B7FA8A
:1023B00040F25E41F0E70133D373FFF71DFE0A4898
:1023C000FEF7A4FD40B90949094840F2311203F073
:1023D000A6FA40F23111CEE784F31188BFF36F8F74
:1023E000BDE8104007F0B4BE6C380020A4BA03006A
:1023F00053B803002C38002047F8030008B50B4BF6
:1024000099420AD10A490B4840F2EB4203F087FA9D
:10241000074840F2EB4103F07BFAD1E90032136048
:102420005A600023C1E9003308BD00BF582E0020C8
:1024300047F8030053B8030070B590F90D20437BB3
:10244000002A044606DA03F07F03437301461D4861
:10245000FFF7D4FF637B63F07F0363731A4B9C42E7
:1024600008D11A491A48C32203F059FA1748C32160
:1024700003F04EFA174A1146D06951F8183F8B42C3
:1024800008BF002323B9C4E900100460D4610CE044
:1024900094F90E5093F90E60B5420ED0AE420CDDA9
:1024A0005968C4E900310C605C609068031B5842B5
:1024B000BDE870405841FFF79FBD9842E3D01B68CC
:1024C000E0E700BF44380020582E002047F8030002
:1024D00053B803002C38002038B54FF04003EFF319
:1024E000118583F31288BFF36F8F1F48FEF700FD3D
:1024F00040B91E491E48882203F011FA88211B4862
:1025000003F006FA1848FEF711FD1A4B1A4A9C68A8
:102510001068A0420ED1FFF747FD1348FEF7F6FC06
:10252000E0B91249124840F2311203F0F8F940F2D2
:102530003111E4E700211B7C1160104AD35C002BB1
:10254000EBD02046FFF7E6FC0028E6D0637BDB06F5
:1025500002D12046FFF770FF2046DCE785F31188A3
:10256000BFF36F8F38BD00BF6C380020A4BA0300E2
:1025700053B803002C380020603800207F41002031
:1025800010B590F90D20437B002A044606DA03F0CB
:102590007F03437301460648FFF730FF054B9868F9
:1025A000031B5842BDE810405841FFF725BD00BF4E
:1025B000443800202C38002038B504460D46FFF77B
:1025C000DFFF637B43F00203637345B3144BA560E5
:1025D0009C4208D113491448C32203F0A0F91148C2
:1025E000C32103F095F92B689D4209D16B68C4E9BA
:1025F00000531C606C6012E06A689342F6D01B685E
:10260000002BF3D094F90E2093F90E108A42F3D0E8
:102610009142F1DD5A68C4E9003214605C6038BD53
:10262000582E002047F8030053B8030070B5154634
:102630001C460646FFF7C0FFB4F1FF3F08BFB5F1E7
:10264000FF3F08D02A46234606F118000249BDE89C
:10265000704000F00DBD70BD65A103002DE9F0478D
:10266000DFF898A0264C274B1746A042DAF808203E
:102670001A60DDE9088905460E460AD12249234839
:102680004FF4717203F04BF91F484FF4717103F06E
:102690003FF94FF04002EFF3118382F31288BFF34A
:1026A0006F8F2046FEF724FC38B919491748882255
:1026B00003F035F988211648E9E72046FEF736FC95
:1026C000DAF8080042464B463946FFF7AFFF284686
:1026D000FEF71CFC40B90E490C4840F26B1203F0A7
:1026E0001EF940F26B11E6E72046FEF70FFC0028CA
:1026F000F1D03046BDE8F047EEF7AEBD2C380020F3
:102700006C3800206038002047F8030053B80300FD
:10271000A4BA03002DE9F84304460E464FF04003E7
:10272000EFF3118983F31288BFF36F8F3248FEF7FE
:10273000DFFB074638B931493148882203F0EFF80A
:1027400088212E4820E02C48FEF7F0FB637BDA0658
:1027500076B21BD1A569CDB9DFF8A88003F07F035D
:10276000637321464046FFF749FE637BA67363F01F
:102770007F036373244B9C4217D124492048C32212
:1027800003F0CDF82148C32103F0C2F8A673002757
:102790001948FEF7BBFB40BB1849194840F23112FB
:1027A00003F0BDF840F23111CBE7434653F8182946
:1027B000424518BF1546DA6925B9C4E9008214609C
:1027C000DC610AE095F90E108E420AD0B14208DDB4
:1027D0006B68C4E900531C606C600120FFF70CFCBF
:1027E000D6E7AA42E9D02D68E6E789F31188BFF35E
:1027F0006F8F3846BDE8F8836C380020A4BA030018
:1028000053B8030044380020582E002047F8030036
:1028100010B50446806850B90A490B4840F2373277
:1028200003F07DF8074840F2373103F071F8214694
:10283000FFF7E4FD637B23F0020363730023A360CF
:1028400010BD00BF47F8030053B8030038B5044675
:102850004FF04003EFF3118583F31288BFF36F8FBE
:102860001548FEF745FB40B914491548882203F086
:1028700056F88821114803F04BF80F48FEF756FB35
:10288000A36813B12046FFF7C3FF0B48FEF73EFBDA
:1028900040B90A490A4840F2311203F040F840F2C8
:1028A0003111E7E785F31188BFF36F8F04F118004A
:1028B000BDE8384000F084BC6C380020A4BA0300A6
:1028C00053B8030070B504460D464FF04003EFF3D4
:1028D000118683F31288BFF36F8F1B48FEF708FB46
:1028E00040B91A491A48882203F019F88821174874
:1028F00003F00EF81448FEF719FB637B13F0280F62
:102900000CD1A36813B12046FFF782FF637B95B912
:1029100003F0FB0363732046FFF79AFB0A48FEF7B8
:10292000F5FA58B909490A4840F2311202F0F7FFA6
:1029300040F23111DBE703F0EB03EBE786F311889C
:10294000BFF36F8F70BD00BF6C380020A4BA0300C6
:1029500053B8030070B505464FF04003EFF31186FE
:1029600083F31288BFF36F8F1548FEF7C1FA40B9A1
:1029700014491548882202F0D2FF8821114802F03C
:10298000C7FF0F48FEF7D2FA2C68A54210D014B149
:102990002046FFF73DFF0A48FEF7B8FA50B909494B
:1029A000094840F2311202F0BAFF40F23111E5E776
:1029B0000024F0E786F31188BFF36F8F204670BDC7
:1029C0006C380020A4BA030053B8030070B5054664
:1029D0004FF04003EFF3118683F31288BFF36F8F3C
:1029E0001748FEF785FA40B916491748882202F0C1
:1029F00096FF8821134802F08BFF1148FEF796FAE4
:102A00002C68A54214D034B12046FFF701FF04F131
:102A1000180000F0D5FB0A48FEF778FA50B90949CA
:102A2000094840F2311202F07AFF40F23111E1E739
:102A30000024F0E786F31188BFF36F8F204670BD46
:102A40006C380020A4BA030053B803002DE9F84302
:102A5000171E437B14BF082510251D4204460E4651
:102A60000AD12B43D90903F09F021BD14273082DD1
:102A700020D00120FFF7C0FA2F4B9B68A34247D11B
:102A8000EFF30583002B43D12C48FEF73FFA80BBC0
:102A90002B492C4840F26B1202F041FF40F26B11BF
:102AA000274833E003F01F03437301462648FFF72E
:102AB000A5FCDCE7A36813B12046FFF7A9FE04F1EB
:102AC000180000F07DFB04F158084FF00009A56DD7
:102AD0004545CED0002DCCD02846FFF799FE05F114
:102AE000180000F06DFBC5F87C902846FFF7B0FA9F
:102AF000EDE73046EEF7B0FBDFB1144911484FF473
:102B00003D7202F00CFF11484FF43D7102F000FFDE
:102B10000A48FEF7FBF940B909490A4840F2311268
:102B200002F0FDFE40F23111BAE786F31188BFF3DF
:102B30006F8FBDE8F88300BF2C3800206C38002070
:102B4000A4BA030053B803004438002047F8030038
:102B500038B50446183000F033FB4FF04003EFF374
:102B6000118583F31288BFF36F8F1648FEF7C0F903
:102B700040B915491548882202F0D1FE8821124833
:102B800002F0C6FE0F48FEF7D1F9627B12F0100288
:102B900011D00C48FEF7BAF940B90B490B4840F286
:102BA000311202F0BCFE40F23111E8E785F31188E2
:102BB000BFF36F8F38BD29462046BDE83840FFF788
:102BC00045BF00BF6C380020A4BA030053B803000F
:102BD000024B03F11802C3E9062270472C3800208B
:102BE000F8B5EFF305834BB13649374840F2E1526F
:102BF00002F095FE40F2E151324812E04FF04003FE
:102C0000EFF3118683F31288BFF36F8F2F48FEF71F
:102C10006FF940B92E492C48882202F080FE8821A5
:102C20002B4802F075FE2B4C2848FEF77FF9A1686F
:102C30004B7B04F1180503F07F034B732846FFF725
:102C4000DDFBA3685A7B62F07F025A73224A9342EB
:102C500006D11C491C48C32202F061FEC321CBE708
:102C6000A269E169AA4208BF002222B9C3E9005162
:102C70000B60E3610CE093F90E0092F90E70B8421C
:102C800016D0874214DD5168C3E900210B60536000
:102C90000120FFF7B1F90D48FEF738F960B90C498A
:102CA000094840F26B1202F03AFE40F26B11B7E7AE
:102CB0008A42DBD01268D8E73046BDE8F840EEF72C
:102CC000CBBA00BF47F8030053B803006C380020AC
:102CD000A4BA03002C380020582E00202DE9F04122
:102CE00005460E46EFF305834BB13749374840F2AE
:102CF000FD5202F014FE40F2FD51334820E050EA4C
:102D0000010303D1FFF76CFF00205AE0821C71F130
:102D1000FF3317DB07F03AFA2C184FF04003EFF3BC
:102D2000118883F31288BFF36F8F2948FEF7E0F80C
:102D300060B928492548882202F0F1FD88212548FC
:102D400002F0E6FD6FF00104241AE6E7224F204866
:102D5000FEF7ECF8214BB8681860FFF711FCB86873
:102D60001F492A463346183000F082F9BA681848DD
:102D7000537B43F010035373FEF7C8F840B915496D
:102D8000124840F26B1202F0CAFD40F26B11D6E716
:102D90004046EEF761FABB685B7BDB0608D50A4963
:102DA0000A4840F2196202F0BAFD40F21961A4E744
:102DB00007F0ECF9201A63EB0303012873F1000319
:102DC000A2DBBDE8F08100BF47F8030053B8030061
:102DD0006C380020A4BA03002C3800206038002092
:102DE00065A1030008B5EFF3058353B110491148FD
:102DF0004FF4C56202F093FD0D484FF4C56102F037
:102E000087FDB1F1FF3F08BFB0F1FF3F06D10A4B8C
:102E10009868FFF79DFE4FF0FF3008BDFFF75EFF9B
:102E20004FF47A7380FB0303C00B40EA4340F4E79E
:102E300047F8030053B803002C380020014B986872
:102E4000704700BF2C38002038B504464FF04003CF
:102E5000EFF3118583F31288BFF36F8F2048FEF7DD
:102E600047F840B91F492048882202F058FD8821C0
:102E70001C4802F04DFD1A48FEF758F8237BDA078C
:102E80001AD51748FEF742F840B91649164840F2DD
:102E9000311202F044FD40F23111E9E785F3118867
:102EA000BFF36F8F1149104840F2577202F037FD9F
:102EB0000E4840F25771DCE7637B1B0709D50848D1
:102EC000FEF724F80028E0D085F31188BFF36F8F58
:102ED00038BD294620460122BDE83840FFF7B6BD7F
:102EE0006C380020A4BA030053B8030047F803006D
:102EF0002DE9F8430646884617464FF04003EFF3A6
:102F0000118983F31288BFF36F8F1D48FDF7F0FF1F
:102F1000054640B91B491C48882202F000FD882163
:102F2000184802F0F5FC1648FEF700F83468A6428F
:102F30001AD0DCB12046C4F87C806761FFF768FCDA
:102F400004F1180000F03CF92046FFF781F80C4826
:102F5000FDF7DCFF60B90B490B4840F2311202F07B
:102F6000DEFC40F23111DBE70025F0E72546EEE715
:102F700089F31188BFF36F8F2846BDE8F88300BF3F
:102F80006C380020A4BA030053B80300D3B5DDE9C0
:102F90000667089CCDE90067FFF760FB1CB1034B97
:102FA0009B685B69236002B0D0BD00BF2C38002055
:102FB00008B50648064A0749121A06F0CFFFBDE8D1
:102FC0000840054A0549064806F0C8BF0000002031
:102FD000E40B00209CF90300000000009CF90300B2
:102FE00000000020034B1B680BB9F9F7D1BF00208C
:102FF000704700BF7038002010B50E4B1C689C4213
:1030000004D1FFF7EFFF6FF0004010BDFFF7EAFFBC
:10301000002CF8D0D4E904321B1A62EBE072B3F151
:10302000004F72F10001EEDA002AACBF1846002012
:10303000EBE700BFDC06002030B570B10B4B5B68DE
:1030400098420AD0036843B1D3E90421D0E904458A
:10305000121941EB0501C3E90421D0E900321360E4
:103060005A600023C0E9003330BD00BFDC060020F9
:10307000B3F1FF3F08BFB2F1FF3F2DE9F04704462F
:1030800092461D4600F08D80066846B14649474885
:103090006E2202F044FC44486E2102F039FC81604B
:1030A0004FF04003EFF3118783F31288BFF36F8F64
:1030B0003F48FDF71DFF38B93E493C48882202F0E1
:1030C0002EFC88213B48E8E73948FDF72FFFBAF18D
:1030D000FF3F75F1FF3323DA3749D1E900206FF064
:1030E00001039B1A4FF0FF3262EB0000B3EB0A03BF
:1030F00060EB0500012B70F1000201DA012330467C
:10310000C4E904302D4B1A68D3F804C09A4218BFA2
:10311000164686B9C4E9003CCCF800405C601CE06F
:10312000FFF760FF1AF1010845F1000518EB0003F5
:1031300045EBE070E4E7D6E90415D4E904208A42BF
:1031400070EB050E20DA891A726865EB0005C6E996
:103150000415C4E90062146074601A689A4206D0CB
:10316000944204D1FFF748FF0021F9F7EBFE104825
:10317000FDF7CCFE88B90F490C4840F2311202F03D
:10318000CEFB40F231119DE7521A60EB0500664517
:10319000C4E90420BED03668BBE787F31188BFF3CB
:1031A0006F8FBDE8F08700BF94F8030053B80300A9
:1031B00074380020A4BA030010300020DC06002080
:1031C00038B504464FF04003EFF3118583F31288BE
:1031D000BFF36F8F1548FDF78BFE40B914491548B2
:1031E000882202F09CFB8821114802F091FB0F48D5
:1031F000FDF79CFE236883B12046FFF71DFF0024E6
:103200000A48FDF783FE58B909490A4840F23112CD
:1032100002F085FB40F23111E6E76FF01504EFE7AD
:1032200085F31188BFF36F8F204638BD74380020B6
:10323000A4BA030053B803002DE9F84F04464FF039
:103240004003EFF3118883F31288BFF36F8F434875
:10325000FDF74EFE40B942494248882202F05FFB2A
:1032600088213F4802F054FBDFF8FC90DFF8FCB007
:103270003A48DFF8FCA0FDF759FECBF80040D9F83A
:10328000004000264C4508BF00240027DAE9002151
:10329000DBF80030002C46D0D4E904504FEAE37C40
:1032A000AB427CEB000E05DAED1A60EB0C00C4E9D2
:1032B000045038E0AA1841EBE5712046C4E90467E0
:1032C000CAE90021FFF7B8FE2448FDF71FFE40B908
:1032D0002349244840F2311202F021FB40F231111F
:1032E000BFE788F31188BFF36F8FA3682046984724
:1032F0004FF04003EFF3118883F31288BFF36F8F11
:103300001648FDF7F5FD0028A5D01448FDF70EFE80
:10331000DBF80030D9F800405B1B4C45CBF800309F
:10332000B4D1DAE900219A1841EBE3710024CAE92B
:103330000021CBF80040FFF75FFE2146F9F702FEBF
:103340000648FDF7E3FD0028C2D088F31188BFF3DB
:103350006F8FBDE8F84FFFF7BFB800BF743800208B
:10336000A4BA030053B80300DC0600207038002024
:103370001030002070B54FF04003EFF3118683F357
:103380001288BFF36F8F1648FDF7B2FD40B915499B
:103390001548882202F0C3FA8821124802F0B8FAD0
:1033A0000F48FDF7C3FDFFF71DFE104AD2E90045A7
:1033B000041945EBE0750A48FDF7A8FD40B9094935
:1033C000094840F2311202F0AAFA40F23111E4E762
:1033D00086F31188BFF36F8F2046294670BD00BF6A
:1033E00074380020A4BA030053B803001030002042
:1033F000F8B504464FF04003EFF3118783F31288CA
:10340000BFF36F8F4A48FDF773FD40B949494A48F9
:10341000882202F084FA8821464802F079FA44486A
:10342000FDF784FD22686AB14148FDF76FFD002871
:1034300078D14049404840F2311202F070FA40F22F
:103440003111E9E7D4E90A36581C46F10001022897
:1034500071F1000127D3012B76F10001BCBF0123DC
:1034600016465D1E46F1FF3606F094FE013041F12E
:103470000001401946EB0101012871F100014CDB0C
:1034800006F088FE013041F100016FF001024019A1
:1034900046EB0103121A4FF0FF3161EB030327499A
:1034A0002046FFF7E5FD236B01332363236ADBB17D
:1034B0001F48FDF72BFD0028BBD087F31188BFF311
:1034C0006F8F236A204698474FF04003EFF3118730
:1034D00083F31288BFF36F8F1548FDF709FD0028AD
:1034E00094D01348FDF722FD54F8185FA5429BD0F5
:1034F000002D99D02846FEF729FE00230C48EB67E3
:10350000FDF704FD002894D087F31188BFF36F8F77
:103510002846BDE8F840FEF7E3BD6FF001024FF02A
:10352000FF33BCE787F31188BFF36F8FF8BD00BF8F
:1035300078380020A4BA030053B80300F133030025
:103540002DE9F843064614461D46914698464FF02D
:103550004003EFF3118783F31288BFF36F8F244882
:10356000FDF7C6FC40B923492348882202F0D7F969
:103570008821204802F0CCF91D48FDF7D7FCB5F1B1
:10358000FF3F08BFB4F1FF3F0CD11948FDF7BEFC67
:1035900038BB1849184840F2311202F0C0F940F225
:1035A0003111E6E7631C75F1FF330ADB012C75F17D
:1035B00000032246BCBF0122002512F1FF3945F16C
:1035C000FF383046FFF7FCFDDDE90823C6E90A2392
:1035D0000023336309494A4643463046FFF748FD16
:1035E000D3E787F31188BFF36F8FBDE8F88300BF7F
:1035F00078380020A4BA030053B80300F133030065
:103600002DE9F04114233F4F15460C4603FB010002
:1036100000260CB9BDE8F08110F8073C40F80C6CAE
:1036200003F03F03A0F11408082B30D8DFE803F0C3
:103630003F1B052F112F2F2F250050F8043C6BBB8B
:1036400031493248B72202F06AF9B7212E4802F018
:103650005FF950F8043C0BBB2B492C48BB2202F00D
:103660005EF9BB21F2E750F8043CBBB92649274874
:10367000BF2202F054F9BF21E8E750F8043C6BB9CF
:1036800021492248C32202F04AF9C321DEE71E493C
:103690001E48D02202F043F9D021D7E750F8143C5D
:1036A0002BB150F8102C13605A6040E9056638467B
:1036B000FDF72CFC48B91649144840F2311202F0CB
:1036C0002EF940F231111248C1E785F31188BFF39A
:1036D0006F8F4FF04003EFF3118583F31288BFF330
:1036E0006F8F3846FDF704FC013C30B908490748A4
:1036F000882202F014F98821E5E73846FDF716FC28
:10370000404686E77C380020B8F8030053B8030031
:10371000A4BA03002DE9F74F0025DFF89891019333
:103720000F46144680462E46AA46BD4203DB30466D
:1037300003B0BDE8F08F4FF04003EFF3118B83F33C
:103740001288BFF36F8F4846FDF7D2FB38B95A494C
:103750005A48882202F0E3F8882157485DE048463D
:10376000FDF7E4FB98F80D3003F03F03082B4DD82C
:10377000DFE803F02B3E054C274C4C4C4500D8F8B5
:1037800010309B680BB30223D8F80C20C8F808A0AF
:10379000C2F38630034363F39432C8F80C2084F8F4
:1037A00000A04846FDF7B2FB08F1140800287BD1C1
:1037B0004149424840F2311202F0B1F840F2311171
:1037C000CBE7D8F810301B684BBB019B002BE8D12E
:1037D0002378002BE5D098F80D3003F03F03082B39
:1037E0005BD8DFE803F02D3F1E5A315A5A5A4C007D
:1037F000D8F810309B68002BE7D00123C4E7D8F835
:1038000010305B6A002BE0D01023BDE72C492B4819
:10381000642202F084F86421294802F079F8042334
:10382000B2E7D8F8100030B9254924488E2202F0BA
:1038300076F88E21F0E722464146103006F00EFD64
:10384000C8F808400136ACE7D8F8100030B91C4978
:103850001A48922202F063F89221DDE7224641469F
:103860001430EBE7D8F8100030B915491348962208
:1038700002F055F89621CFE722464146DEE7D8F818
:10388000100030B90E490D489A2202F048F89A21EA
:10389000C2E7224641462830D0E709490748A72217
:1038A00002F03DF8A721B7E78BF31188BFF36F8FC4
:1038B00001353AE77C380020A4BA030053B803006E
:1038C000B8F8030008B542B1114912482E2202F09F
:1038D00026F82E210E4802F01BF83F2906D90C4984
:1038E0000C48302202F01BF83021F3E733B90849C5
:1038F0000848312202F013F83121EBE78260090217
:10390000027B01F47C511143C0E9031308BD00BFE1
:10391000B8F8030053B803002DE9F74F1E46524B89
:10392000D3F8088001231746054608F1600288F89D
:10393000603088F86130EFF3058BBBF1000F0AD0DF
:103940004A494B484FF4957201F0E9FF4FF49571E5
:10395000464801F0DDFF40B94449454840F22B128A
:1039600001F0DDFF40F22B11F2E7002908DA3F49B0
:103970003F484FF4967201F0D2FF4FF49671E7E79B
:1039800057EA06030CBF01230023FFF7C3FE81465D
:103990004FF04003EFF3118A83F31288BFF36F8F68
:1039A0003448FDF7A5FA38B933493148882201F087
:1039B000B6FF88213048CCE72E48FDF7B7FA98F8D3
:1039C0006040CCB9284652464946FFF719FE2948BF
:1039D000FDF79CFA40B92849254840F2311201F020
:1039E0009EFF40F23111E5E78AF31188BFF36F8F34
:1039F000204603B0BDE8F08F57EA060388F860B0B0
:103A00000BD11C48FDF782FA0028E4D08AF3118814
:103A1000BFF36F8F6FF00A04EAE7CDE90076174A2B
:103A200014485146FEF71AFE04464FF04003EFF3E8
:103A3000118683F31288BFF36F8F0E48FDF758FA93
:103A40000028B1D00B48FDF771FA284632464946A6
:103A5000FFF7D6FD0748FDF759FA0028BBD086F3DB
:103A60001188BFF36F8FC3E72C380020B8F803002C
:103A700053B803007C380020A4BA0300E4060020F9
:103A800070B504460D464FF04003EFF3118683F303
:103A90001288BFF36F8F1748FDF72AFA40B916490D
:103AA0001648882201F03BFF8821134801F030FFBF
:103AB0001048FDF73BFA2068844209D0D0E9003273
:103AC00013605A600023C0E90033294606F0F7FB73
:103AD0000848FDF71BFA40B90749084840F231127F
:103AE00001F01DFF40F23111DFE786F31188BFF3CB
:103AF0006F8F70BD7C380020A4BA030053B8030058
:103B000070B504460D464FF04003EFF3118683F382
:103B10001288BFF36F8F1C48FDF7EAF940B91B49C3
:103B20001B48882201F0FBFE8821184801F0F0FEB6
:103B30001548FDF7FBF92068E56001218442A1608A
:103B40000CD11148FDF7E2F9C0B91049104840F214
:103B5000311201F0E4FE40F23111E6E7D0E9003223
:103B600013605A600023C0E9003306F0A8FB314619
:103B700004460548FEF722FB204670BD86F31188F7
:103B8000BFF36F8F0024F7E77C380020A4BA03004E
:103B900053B80300F7B5043205460C4617D2002689
:103BA0000027CDE9006741F00401FCF7F5FE70B194
:103BB00040F8045B64B1013C204209D00549064845
:103BC000252201F0ACFE0348252101F0A1FE0020D2
:103BD00003B0F0BDD9F8030053B80300032808B5BB
:103BE0000A4601D9830708D00C490D48422201F04A
:103BF00096FE4221094801F08BFE431E034206D087
:103C000006490748462201F08AFE4621F2E70146AE
:103C1000BDE808400348FFF7BDBF00BFD9F8030067
:103C200053B80300D0090020014B0367704700BF61
:103C3000D009002038B504460D4606F0AFF920B98A
:103C4000064B9B681B6F0BB938BD054B2A462146B6
:103C50001846BDE83840FFF79DBF00BF2C38002054
:103C6000D0090020014801F088BB00BFFDF8030027
:103C700030B599B00546684600F028F86946044614
:103C800008A800F053FA08A90443284600F08AF96E
:103C9000204619B030BD00BF70B598B005466846E3
:103CA000164600F013F83146044608A800F046F91D
:103CB00008A96A460443084600F082F908A90443AB
:103CC000284600F06DF9204618B070BD70B50B683D
:103CD000124E1BBAC3614B681BBA83618B681BBA57
:103CE0004361CB681BBA03610B691BBAC3604B69A4
:103CF0001BBA83608B691BBA4360CB691BBA32461F
:103D0000036001460446D8F725FB314605460246C6
:103D10002046D8F73FFB681E70BD00BFDCB603002D
:103D20002DE9F04188B00C46064602F120016846B4
:103D300006F120079046D8F707FE6A4669466846AE
:103D4000D8F724FD69463846D8F7FEFD3A4639468D
:103D5000384604F12005D8F719FD6A4669466846D9
:103D6000D8F714FD41462846D8F7EEFD6A4641468D
:103D70003046D8F7D1FD2A4629466846D8F706FDD1
:103D80002A4669466846D8F701FD124A69466846E0
:103D9000D8F7FCFC69462046D8F7D6FD32462146C6
:103DA0002046D8F731FD324621462046D8F72CFD73
:103DB000224631462846D8F727FD6A462946284636
:103DC000D8F7AAFD3A4629462846D8F71DFD08B07F
:103DD000BDE8F081BCB70300F0B599B004460D46CC
:103DE0000A4601466846D8F70FFD69466846D8F787
:103DF000ABFD6A46214608A805F1200604F120071C
:103E0000D8F78AFD6A4629466846D8F785FD3246C6
:103E1000394610A8D8F7BAFC324639463046D8F7AA
:103E2000F3FC31462846D8F78FFD6A4608A920469C
:103E3000D8F7ACFC224629462846D8F7E5FC6A4666
:103E400008A96846D8F7E0FC6A4639463846D8F7EC
:103E500063FD2A4608A96846D8F7D6FC6A4631466B
:103E60003046D8F759FD3A4631463046D8F7CCFCB3
:103E700010A96846D8F768FD224669462046D8F75B
:103E8000C3FC08A922460846D8F7BEFC10A908AA18
:103E90000846D8F741FD3A4610A93846D8F7B4FC91
:103EA00019B0F0BD2DE9F04188B00C4605469046AA
:103EB0000A4601466846D8F7A7FC69466846D8F71F
:103EC00043FD6A462946284604F12006D8F724FD1A
:103ED00005F120076A4621466846D8F71DFD32469F
:103EE00039463046D8F790FC31462046D8F72CFDAD
:103EF0002A4621462046D8F787FC6A4621462046B6
:103F0000D8F782FC6A4629464046D8F77DFC4246EF
:103F100039463846D8F700FD224629466846D8F784
:103F200073FC6A4631463046D8F7F6FC3A463146CD
:103F30003046D8F769FC08B0BDE8F08170B500F1F3
:103F4000200690B00D46044600F014F905F120015A
:103F5000304600F00FF9214608A8D8F7F5FC08A96B
:103F600008460D4AD8F712FC08A922460846D8F799
:103F7000D3FC08A9094A0846D8F708FC3146684628
:103F8000D8F7E2FC202269460DEB0200D8F7D0FBFF
:103F9000013810B070BD00BFBCB703009CB7030070
:103FA00000F002B938B504460D4600F0FDF805F101
:103FB000200104F12000BDE8384000F0F5B800BF52
:103FC0002DE9F0471346B8B0544A89468046194651
:103FD00010A8D8F7BFF95249024610A8D8F7DAF965
:103FE000179E4E4900EAD6760746C6F1010210A890
:103FF000D8F7D0F9179B4A466FEA030A28A918A8F0
:10400000FFF78EFE4FEADA7A20A9CAF101020846CC
:1040100000F092F8C7F10107FE246A4618A928A803
:10402000FFF740FF631138AA02EB830304F01F027D
:1040300053F8A03CD340554603F0010A8AEA05052F
:104040002A4628A918A8D8F701FA2A4630A920A894
:10405000D8F7FCF9013C28A918A8FFF7BDFE631C9E
:10406000DBD1CAF1010220A908A800F065F886EAB0
:104070000A066A4618A928A8FFF714FF28A932469D
:1040800018A8D8F7E3F9324630A920A8D8F7DEF906
:1040900008A96A460846D8F73FFC08A9084600F078
:1040A0009DF808A908F1200409F120020846D8F774
:1040B00033FC20A908AA2046D8F72EFC08AA18A984
:1040C0006846D8F729FC69466846D8F73DFC18AA27
:1040D000694608A8D8F720FC21466846D8F734FC82
:1040E00008AA69461046D8F78FFB0E4A08A9684609
:1040F000D8F78AFB20462021D8F72EFB08A90246D4
:1041000044426846D8F7A2F94046074A6946D8F7BC
:1041100003FC3C43204638B0BDE8F0871CB70300E1
:104120003CB703009CB70300FCB603000A460149F4
:10413000FFF746BF5CB7030070B588B004460D4674
:10414000164600212022684606F0C6F900232946BB
:1041500020222046009306F097F92A4669466846D1
:10416000D8F752FB324669462046D8F76FF908B0B7
:1041700070BD00BF0B681BBAC3614B681BBA83617B
:104180008B681BBA4361CB681BBA03610B691BBA0E
:10419000C3604B691BBA83608B691BBA4360CB69F0
:1041A0001BBA0360704700BFCB691BBA03608B6901
:1041B0001BBA43604B691BBA83600B691BBAC360AF
:1041C000CB681BBA03618B681BBA43614B681BBA8F
:1041D00083610B681BBAC361704700BF70B598B0AC
:1041E0000D46064610A8D8F7AFFB2A4610A9684628
:1041F000D8F792FB694610A8D8F7A6FB10A9084685
:10420000D8F7A2FB6A4610A908A8D8F785FB08A929
:1042100010A8D8F799FB10A90846D8F795FB10A964
:104220000846D8F791FB10A90846D8F78DFB10A9CE
:1042300008AA0846D8F770FB10A90846D8F784FBEF
:1042400010A90846D8F780FB10A96A4608A8D8F735
:1042500063FB052408A910A8D8F776FB10A9084627
:10426000D8F772FB013C10A9F5D108AA0846D8F787
:1042700053FB052410A90846D8F766FB10A9084689
:10428000D8F762FB013CF5D110A908AA0846D8F777
:1042900043FB10A908A8D8F757FB08A90846D8F788
:1042A00053FB08A96A466846D8F736FB10246946CE
:1042B00010A8D8F749FB10A90846D8F745FB013CE0
:1042C00010A9F5D12A460846D8F726FB402410A9A4
:1042D0000846D8F739FB10A90846D8F735FB013C4A
:1042E000F5D110A96A460846D8F716FB102410A984
:1042F0000846D8F729FB10A90846D8F725FB013C4A
:10430000F5D110A96A460846D8F706FB102410A973
:104310000846D8F719FB10A90846D8F715FB013C49
:10432000F5D110A908AA0846D8F7F6FA2A4610A926
:104330003046D8F7F1FA18B070BD00BF2DE9F0474C
:10434000BE4C844201D0BDE8F0870329FBD8DFE8EA
:1043500011F0ED00C0001B0004002378052BF2D102
:1043600094F8542094F8553004219A422170EAD1EF
:1043700094F85620002AE6D11146032000F0E4FB11
:10438000012384F85630DEE7002BDCD0002ADAD097
:1043900011783029D7D1022BD5D12378042BD2D153
:1043A000D4F830805678052310220021404623702F
:1043B00006F092F8E568B146B600AE42C0F0DC8087
:1043C000454610272369B34200F23E812369B34278
:1043D00000F01F816369B34200F20A81A369B3420E
:1043E00000F2EC803A462846002106F075F84FEAC4
:1043F000D9061021404600F097FBA9EBC60CB9F195
:10440000030F94F854203346CCF1070040F2C580E6
:10441000A719012101FA00F597F8340010EA050EFA
:1044200040F0BD8071460A44D2B20127DCF1060596
:1044300009F1010144BF731C072511F0FF0100F0D1
:10444000988003290DD9E718012197F8340001FA63
:1044500005F610EA060C40F0AC8061460A44D2B280
:1044600001276E1E0DB90133072609F1020111F073
:10447000FF017ED003290DD9E718012197F83400F8
:1044800001FA06F510EA050C40F08E8061460A44F8
:10449000D2B20127701E0EB90133072009F10305BE
:1044A00015F0FF0565D0032D63D02344012793F851
:1044B000346007FA00F016EA00011BBF26EA00008C
:1044C00083F834000B463B461A44D2B284F8542099
:1044D00039E72378042B36D0052B41D094F855507A
:1044E000002D3FD0012D40D0012102224FF0000CC1
:1044F00008238E460EFA02F0013A0343501C01F1E4
:104500000101DBB207D104EB0C020CF1010C82F8C3
:10451000343007220023A942ECD1A44400228CF8B5
:10452000343084F8542084F856200CE72378032B89
:104530007FF409AF0022042323701146BDE8F04741
:10454000012000F001BB01233D4A03EB4303134468
:1045500000229B7823701146022000F0F5FABDE797
:104560000423F1E7AC462B46D7E74FF0000C0823B5
:10457000D3E7002FAAD1E6E6AD1B102D314928BFA5
:10458000102531442A46404605F07EFFD5F110073C
:104590003FF42DAF2E44454414E7002746E720EAB8
:1045A000050087F834003EE720EA050087F834006C
:1045B0006DE720EA060087F834004FE79B1BBB42FB
:1045C00028BF3B461A46FF2128469A4605F084FF3D
:1045D00063690E339E1BBE429CBF3F23AB55B7EBB6
:1045E0000A073FF404AF5544FCE6B3427FF6FAAE47
:1045F0009B1BBB4228BF3B469A4628461A460021D1
:104600001E441D4405F068FFB7EB0A077FF4E6AED1
:10461000EDE6D4E90532002AE7D0B3423FF4DEAE3E
:1046200028460122FE2105F057FF013F06F1010651
:1046300005F101057FF4CEAED9E600BF8038002039
:10464000E8B703009C380020D4E90231CA18921B55
:10465000BA42636828BF3A46711A924628461944FE
:104660001644154405F010FFB7EB0A077FF4AEAE11
:10467000BDE600BF70B548B3164E33781BB16FF07E
:104680002C04204670BD04463046012300F81C3B34
:104690000D460A22104905F0F7FE1049C6F826100B
:1046A00040F67C73738522460D482B46314600F058
:1046B000E1F904460028E4D1102000F02BFA00288C
:1046C00008BF6FF00B043063204670BD6FF0150417
:1046D000D7E700BF80380020DCB70300FFFFE11000
:1046E0003D430300B1F5777F79D830B53D4C227852
:1046F000012A04D0022A49D06FF02C0030BD0923D2
:10470000394A03EB430313449B78237000283FD0BE
:104710000323FE29C4E9010184F82C30CAB249D927
:1047200001F11403CD1D48BAFF221421C4E903137B
:1047300084F82D204FF480634FF47C72C4E9052384
:10474000AD08E08584F8555001210222002008239D
:104750008E460EFA02FC013A4CEA0303B2F1FF3F27
:1047600001F10101DBB206D104EB000C07228CF849
:10477000343001300023A942EBD12218002082F806
:10478000343084F8540084F8560030BD0C23B7E769
:1047900012230322C4E903334FF47C710123A28561
:1047A0004FF4806284F85530C4E90100C4E9051271
:1047B0000823E2E74D1D1220AD08014484F82D20A6
:1047C000E0604FF480624FF47C70012DC4E9041066
:1047D000A26184F85550B7D100200823CDE76FF0CF
:1047E0001500704780380020E8B7030010B5044674
:1047F00040B10A290A460CD12146074805F044FE7B
:10480000002010BD054904480A2205F03DFE20465F
:1048100010BD6FF0150010BD9C380020DCB7030000
:1048200008B5064B1A78022A02D06FF02C0008BD9A
:1048300003221A7000F076F9002008BD80380020AD
:1048400010B4044B1C6883680A46A446017910BC66
:1048500000686047EC38002070B50A46012A86B02F
:10486000014651D00A2A04D96FF01504204606B03B
:1048700070BD4FF49263D340DB07F5D5394E3A480B
:10488000327005F001FE3378374D8DF81430032275
:1048900003A88DF80C200495FBF740F8ECF77AF9A3
:1048A00004460028E2D131780A2956D02B7895F8B1
:1048B00001C0A878EE788DF8003007293AD143403E
:1048C0008CEA03032A79A9798DF8046083F08803C0
:1048D0008DF803306B798DF8052056405E404E40D0
:1048E000FF228DF802008DF801C08DF807108DF8B9
:1048F00006308DF808608DF809200A216846FFF718
:1049000075FF204606B070BD03780A2BACD84FF473
:104910009262DA40D207A7D5124E134833700A21AB
:10492000F9F754FBECF736F904460028ABD02046E3
:1049300006B070BD83EA0C034340052273408DF836
:104940000200FF210DEB02008DF804308DF801C04C
:104950008DF8036005F0C0FDCFE72846FFF746FF5E
:1049600084E700BF80410020F438002030B50446C1
:1049700083B0F9F77DFB2368402B44D01BD9802BF3
:104980002FD0B3F5002F32D1364B1B68102268466A
:10499000CDE90023FAF7C2FEECF7FCF8324B1C68B5
:1049A0002CB3324A0023106819461A46A44603B0B5
:1049B000BDE830406047042B1BD0102B17D1294A8B
:1049C00012686846CDE90032FAF7A8FEECF7E2F883
:1049D000254B1C685CB1254A0023106803211A4648
:1049E000E4E723791BB9224A117801B1137003B0AF
:1049F00030BD1D4B1C68002CF9D01C4A00231068E8
:104A000001211A46D2E7636853B9164B1A68137826
:104A1000302B1CD01378A22B08D01378502B11D038
:104A2000292003B0BDE83040FAF748BFA368062B41
:104A3000F3D110236846CDE90032FAF76FFEECF7A8
:104A4000A9F8D4E70A4B012228201A70E9E7064B9F
:104A50001D68002DCBD00549A3680868AC4602212B
:104A6000A5E700BF00390020E4380020E838002026
:104A70008141002030B51F4C054625601E4C216049
:104A80001E491F4C0B6087B000201E4B05908DF80F
:104A900004002260049302224FF48A6368468DF872
:104AA00000200393FAF73AFFECF774F878B9164848
:104AB00003782BB9072301210370FFF7CDFE30B92E
:104AC00005A91248F9F74CFAECF764F808B107B0F9
:104AD00030BD1020F9F7B8FA0D4B186030B103A8BB
:104AE000FAF796FCECF756F807B030BD6FF00B0004
:104AF000EDE700BFE4380020E8380020F03800205F
:104B0000EC3800206D49030080410020414803003B
:104B10000039002010289ABF014B18680020704708
:104B200000390020FAF71ABD00B583B003460A46E3
:104B300068460321CDE90023FAF72EFEECF72AF8A8
:104B400003B05DF804FB00BF30B5084D084C83B0DE
:104B500013460A46296821600021009120710C212A
:104B60002046A360F9F7C2FB03B030BDF038002047
:104B7000D83800200CB430B589B005460C461C224C
:104B8000002101A805F0A8FC02238DF806300E4B89
:104B90000293059523462CB1B4F1004F28BF4FF086
:104BA0000043013B1D440DAA0C99069501A80092F3
:104BB00000F072F814B1059B00221A7009B0BDE82C
:104BC000304002B0704700BFE9A40300242AF0B5CA
:104BD000044601D8012A40D105F08EFC2D4B162247
:104BE0001A5001B10C600020F0BD2F463D4615F86B
:104BF000010B2028F9D0A0F10906042E0346F4D9B0
:104C00002B282CD02D282CD101267B78BD1C302BB5
:104C10002DD1287840F02000782824D132F01000DF
:104C200021D16B782C46102202350020392B82BF0F
:104C300003F1FF3343F02003263B303B9A421AD95D
:104C4000A0FB02040CB9C01801D346F002062F469F
:104C50002C4617F8013B3D46E8E70746C6E7002625
:104C6000D3E70026D3E7002A08BF0822DDE7002AA1
:104C700008BF0A22D9E701B10C60F20748BF4042E1
:104C8000B307B1D505F038FC024B22221A504FF081
:104C9000FF30A9E70C0000002DE9F04F8DB043680C
:104CA0000293837815469A07804640F10D810024CF
:104CB0000E78002E00F00A81252E0BD04B1C03939A
:104CC0000134029B4146304698470028C0F2F680E6
:104CD0000399EDE74E788B1C252E0393F0D0002727
:104CE000B946BB46BBF11F0F38D8A6F12003102BE5
:104CF0000AD8DFE803F02A0909300909092109095E
:104D00000928092D09091F00A6F13003092B33D901
:104D10002A2E37D11BF0400F55F8043B40F082801B
:104D2000002BA7BF4BF0200B9946C3F100094BF0B5
:104D3000280B01E04BF0010B039B13F8016B03936D
:104D4000002ECFD130E04BF0020B4BF0040BF3E719
:104D50004BF0080BF0E74BF0100BEDE7BBF17F0FCA
:104D600019D8A6F13003092BD2D81BF0400F03D07D
:104D70000A2101FB0737DFE70A2101FB09394BF064
:104D8000200BD9E72E2E06D11BF0400F40F09E805D
:104D90004BF0400BD0E76C2E31D02BD8682E36D09C
:104DA0006A2E3CD04C2E3AD0002F46F02003B8BFDC
:104DB0002BF04002A3F16501BCBF1FFA82FB002764
:104DC000022901D9612B2FD1073525F00705DFF81E
:104DD000ACA2083507271BF0080F66D00AEB070BBB
:104DE00056465E4563D1A4EB0A0A06EB0A02A9EB1C
:104DF00007096FE1742E9FD07A2E9DD0D4E71BF067
:104E0000800F18BF4BF4007B4BF0800B94E71BF432
:104E1000807F18BF4BF4007B4BF4807B8CE74BF416
:104E2000207B89E71F4687E7A6F16301122900F27C
:104E3000F080DFE811F013004F00EE00EE00EE000E
:104E4000EE004F00EE00EE00EE00EE00EE00FE0081
:104E5000E900EE00EE001B00EE00AF0055F8043B49
:104E60008DF8183001270DF1180AB4E755F804AB96
:104E7000834BBAF1000F08BF9A461BF0400F14BFD6
:104E800039464FF0FF31504604F02DFD0746A2E7AA
:104E9000029B41462020984700280FDB013EB74285
:104EA000F6D34C44A41BB14698E74E46F7E716F8F4
:104EB000010B029B41469847002892DA98F802308D
:104EC00043F0040388F802304FF0FF3420460DB061
:104ED000BDE8F08F1BF0800F34D01BF4007F2CD086
:104EE000073525F00705AA4669685AF8080B2BF024
:104EF00010050029ADB237DA404261EB410145F4BB
:104F000080650DF1180B0A235A4605F066FAA0EBEE
:104F10000B0301936B0662D5019B25F001019F42B3
:104F200089B240F3A180002E00F0998015F01002A4
:104F300040F09C80BB460D4623E0AA465AF8040B7D
:104F4000C117D4E7AA461BF4807F5AF8041B01D18D
:104F50000846F5E71BF4007F15BF48B208B241F3DD
:104F6000C01141F3C031C2E750EA0103C9D11BF0BF
:104F7000400FC6D0002FC4D12BF0110295B2BB4612
:104F8000019740F2064115EA01021CBF0BF1010B2B
:104F900000222CE02BF010021FFA82FB0A231BF0E8
:104FA000800C49D01BF400711DBF073525F00705A3
:104FB000AA46AA461ABF5AF8080B69685AF8040BA1
:104FC00050EA010545D12BF016051BF0400FADB29C
:104FD00042D0002F40D12BF0170295B2019715F067
:104FE000100248D0019B002E42D103F1010B29078A
:104FF0005AD4EB0706D5D9456FDD0199A9EB0B0310
:105000005F18CB465B4649E04BF0100B1023782627
:10501000C5E7782B04D1C6F1780343F01003BEE74F
:10502000029B4146252098470028FFF647AF0234EF
:1050300047E608230026B2E7AA461BF480715AF817
:10504000040BBDD01BF400711ABFC0B2614680B220
:10505000B6E72BF0060295B20DF1180B54E725F0D8
:105060001105ADB2BB468CE70D46B8E73B460D4691
:1050700003F1020BBBE7DDF804B082E794F903000B
:105080008DF90300CDE904324146029B2020984768
:105090000028FFF613AF049B059A01339945F1DC14
:1050A000A4EB0B01CC189B460AB3029B414630206F
:1050B00098470028FFF602AF8EB901342744019BC0
:1050C000391B994224DC1D465DBB019AA9EB0B09F3
:1050D000224455461446914435E0019F92E702343C
:1050E00041463046029B98470028E7DAE6E640F260
:1050F00006410D42E2D015F0020F14BF2B202020F4
:1051000015F4806F04F10104414618BF2D20E9E732
:10511000029B414630209847002804F10104CEDA72
:10512000CCE606AB013D4146585D029B98470028FE
:10513000CADAC3E6029B414620209847002804F1C2
:105140000104FFF6BBAEA9EB0403002BF2DCBFE5C4
:105150007047704737B50C4615468DF804008DF83A
:105160000510022201A90020EBF748FC002814BF1B
:105170002846204603B030BDFDF734BE08B50146D1
:1051800040F2E730002300EBC1304FF47A7249144B
:10519000D7F7A6F8BDE80840FFF7EEBF07B5002334
:1051A0001A46194618460093E7F7D8FE00930120E7
:1051B000E7F7D4FE00930220E7F7D0FE0093032028
:1051C000E7F7CCFE00930420E7F7C8FE0093052024
:1051D000E7F7C4FE03B05DF804FB73B54225D7239F
:1051E000F5220C460646010900950020E7F78EFEE1
:1051F00006F00F0100950120E7F788FE21090095D0
:105200000220E7F783FE04F00F0100950320E7F783
:105210007DFE00231A46194600930420E7F776FE28
:10522000009319460520E7F771FE02B070BD07B57F
:105230000022FF23104600923F21E7F78FFE0092E5
:1052400073210120E7F78AFE009279210220E7F717
:1052500085FE009254210320E7F780FE1346114695
:1052600000920420E7F77AFE00920520E7F776FE29
:1052700003B05DF804FB08B54FF400400021FFF7D0
:105280007BFFF9E7F0B564230546042600200A27D2
:1052900069B9F0BD9A42B2FBF3F40CD2012B0AD0EB
:1052A00048B903FB1422D2B20A24B3FBF4F3013E43
:1052B000F0D12E70EDE7303405F8014BB2FBF3F47A
:1052C000013903FB14220130B3FBF7F3C9B2C0B2BA
:1052D000D2B2DBB2DCE7A0F13003DBB2092B02D89B
:1052E0000B7000207047A0F16103052B02D85738DE
:1052F000C3B2F5E7A0F14103052B01D83738F7E732
:105300006FF015007047F7B5054601F0010000EB9E
:1053100051069E424FEA510703D90026304603B09A
:10532000F0BD58B128780DF10701FFF7D4FF002830
:10533000F3DB9DF8073002F8013B013501351744D6
:10534000BA42EBD015F8010C0DF10701FFF7C3FFCE
:105350000028E2DB9DF807402401E4B2147015F840
:10536000020BFFF7B8FF0028D7DB9DF807301C447D
:1053700002F8014BE4E7002070470FB407B504A919
:1053800051F8040B0191E9F711FF03B05DF804EB4C
:1053900004B07047836800EBC101B3F5004F2CBF28
:1053A00051F8220031F81200704700EBC10180680B
:1053B000B0F5004F2CBF41F8223021F81230704771
:1053C00008B50122FFF7E6FFD04008BD8368B3F5BA
:1053D000004F00EBC10108D34B681AB143F0010341
:1053E0004B60704723F00103FAE74B881AB143F092
:1053F00001034B80704723F00103FAE753000122B9
:10540000FFF7D3BF8368B3F5004F34BF04230823ED
:10541000C91A081AC0087047B0F5004F34BF0423FA
:1054200008230731C818C008704708B50A4601218B
:10543000FFF7F2FF0132121AB2FA82F0C0F11F0038
:1054400008BD2DE9F041174603220E460446FFF73A
:10545000A1FF8642054607F104080AD1E36801224C
:10546000BA4023EA0203E360002344F82830BDE891
:10547000F081314602222046FFF78CFF2B4606467C
:10548000014644F8285020460322FFF78EFF33469A
:10549000294620460222BDE8F041FFF786BF70B5DD
:1054A0000D4686680446FFF78BFFB6F5004F0146B0
:1054B00001D3012809D03046FFF7B7FF294602463D
:1054C0002046BDE87040FFF7BCBF70BD2DE9F04736
:1054D000054680688846FFF7A8FF05EB800A064668
:1054E000DAF81090B9F1000F1BD00327DAF810405A
:1054F00028462146FFF764FF404507D33246214640
:105500002846FFF79EFF2046BDE8F087032221468C
:105510002846FFF73FFF013FCAF8100001D0814540
:10552000E4D1EB6801364FF0FF34B4401C40EAD0C0
:1055300094FAA4F2B2FA82F2131D55F82340DEE782
:105540002DE9F041144605460E46FFF739FFA4EB5E
:105550000608371B0744424631462846FFF74EFFF0
:105560003A4621462846FFF749FF43460022214696
:105570002846FFF71AFF21462846FFF721FF3B4642
:10558000211800222846BDE8F041FFF70EBF2DE9A3
:10559000F041164604460F46FFF712FF3146054616
:1055A0002046FFF70DFF05442A4639462046FFF7FF
:1055B00025FF31462046FFF703FF2B463118002216
:1055C0002046BDE8F041FFF7F0BE2DE9F0410D4661
:1055D00086680446FFF7F4FEB6F5004F014601D396
:1055E000012832D03046FFF720FF04EB80010E691E
:1055F00096B9E368012282401343E36002220D6101
:105600002B4629462046FFF7D0FE03222946204696
:10561000BDE8F041FFF7C9BE022231462046FFF740
:10562000B9FE2946034607462046FFF7BEFE032281
:10563000334629462046FFF7B8FE39462B4620461A
:10564000FFF7B3FE02223146E1E7BDE8F081F8B58D
:105650000C460546FFF7B4FE2618012231462846BF
:10566000FFF798FEC3070CD431462846FFF717FF13
:1056700021462846FFF7A4FE214622182846FFF7B8
:1056800086FF002221462846FFF784FE271A0122C2
:1056900039462846FFF77EFE10EA020613D1394646
:1056A0002846FFF7FCFE214632462846FFF772FEE9
:1056B0002246211A2846FFF76AFF2146324628462D
:1056C000FFF768FE241A21462846BDE8F840FFF798
:1056D0007CBF70B5066809B9002070BDB068B0EB3A
:1056E000D10FF9D9FFF798FE014605463046FFF77E
:1056F000EDFE04460028EFD001463046FFF760FE7D
:10570000A84209D92544214630462A46FFF718FF0A
:1057100029463046FFF759FF304601222146FFF760
:1057200055FEB368B3F5004F34BF0423082303EBE1
:10573000C4031844D1E7036800220BB91846704728
:105740008B4210D10B6842B942680360914200D18C
:10575000436000230B600120704713604368994247
:1057600008BF4260F5E71A461B68E6E7838B13F033
:10577000070305D10368002B0CBF002003207047EE
:10578000022B05D1C08BB0FA80F040098000704731
:10579000012B05D10368002B0CBF002005207047AA
:1057A0000020704710B50C4600B111B96FF015001C
:1057B00010BD081D00F02FF80028F9D1A368032BB5
:1057C000F6D9F3E72DE9F0410D4607461946281DA5
:1057D00090461E46EAF75AF9044638B13346424627
:1057E00029463846A446BDE8F0416047BDE8F0814F
:1057F00038B50C46054658B151B10B6843B14B68FA
:1058000033B12022002104F067FE2C61002038BD56
:105810006FF01500FBE7034640B1426802F0030257
:10582000022A06D0032A04D0012A05D06FF0150001
:1058300070471A68002AF9D0002098607047F0B5C8
:10584000C6684568C369AF1B04464069BB4298BF40
:10585000FF1AA5EB0000944698BFF6181A1AD81B39
:105860002368AD1B62452B4428BF62460B6063680A
:10587000904228BF104603446360F0BDD0E9012385
:10588000D21A8A420CD31944C368C269C0E9011113
:10589000C91A8A4201D9002070471344C360FAE74D
:1058A0006FF015007047F0B5044686690569C06958
:1058B000A368AF1BB842944698BF3618A3EB050205
:1058C0002368A5EB060598BF3F1A2B446245A0EB61
:1058D000070028BF62460B602369904228BF10462C
:1058E00003442361F0BDD0E90423D21A8A420CD3C9
:1058F0001944D0E90632C0E90411C91A8A4201D913
:105900000020704713448361FAE76FF01500704779
:10591000404080F311884FF0040002DF70470FB45D
:1059200007B504A951F8040B0191E9F73FFC03B056
:105930005DF804EB04B0704708B54FF04002EFF398
:10594000118382F31288BFF36F8F00F09EFE7047C1
:1059500070B406688489806A0D0C16FA81F105FB23
:10596000041184682468A44670BC60470B6803F582
:1059700080330B60C0891A0CB0EB134F04BFA3EB4C
:1059800002430B6070472DE9F0431C46C36A1D6853
:105990006D4289B081460E46174605F020051CB9B8
:1059A000204609B0BDE8F083AC42A04628BFA84617
:1059B00043466A4631464846FFF7CAFF0028F0D101
:1059C00042466946384604F0E6FC20B9A4EB0804D8
:1059D00046444744E3E70120E3E710B501460446A7
:1059E0000722FF20E9F7C6FBE07110BD2DE9F04169
:1059F0001C46C36A1D686D4288B005F02005074645
:105A00000E46684611462A4604F066FD1CB920463B
:105A100008B0BDE8F081AC42A04628BFA846434686
:105A20006A4631463846FFF7AEFF0028F0D1A4EBB6
:105A300008044644EAE738B5828903680D0C090C6E
:105A400004462D04806A02FB013183689B689847F5
:105A500050B9E26AA389127929462046FFF7C6FFAA
:105A6000002818BF6FF0050038BD0378012B81BFF7
:105A700001F1FF31C9185B4219400846704770B503
:105A80000C4605460821C06AFFF7EFFF07220646CD
:105A90002146FF20E9F76EFBE379834207D1AA890B
:105AA0006388901B83422CBF0020012070BD002022
:105AB000FCE738B505460C46FFF7E1FFA0B1A0882A
:105AC00098B922884FF6FF739A420DD1E86A0821EF
:105AD000FFF7CBFF6288AB899B1AB3FBF0F202FBA6
:105AE0001030B0FA80F0400938BD0020FCE7F7B56F
:105AF00004460D46C06A0821FFF7B7FF296807462C
:105B000008232046FFF724FF0646002836D12B68DD
:105B10003B442B60A28999B2D21B91422ED11A0C20
:105B200003BFE28902F1FF3203EB0241A3F58031AA
:105B3000296008236A462046FFF70AFFE8B9E36AAE
:105B40001A796B4613F8011B8A420CD101300828E0
:105B5000F8D1636805E02B68BDF802201B0C1B041C
:105B600013442B600AE069462046FFF7A2FF002895
:105B7000F1D129462046EAF727F80646304603B019
:105B8000F0BD2DE9F043074689B090461E461BB98B
:105B9000002009B0BDE8F0833C688389080C14FA42
:105BA00081F100FB0314FB6A1D686D4235400CD087
:105BB000B86A83682146D3F804902B46C84700286A
:105BC000E7D1761BE4D02C44A8442023324641463A
:105BD000684604F0CDFBFD6A2A682979921B0DEB1B
:105BE000060004F079FCB86A2B6882682146556883
:105BF0006A46A847CDE710B50A460823416804461F
:105C0000FFF7BFFF08210246E06AFFF72EFF636837
:105C10001B1A6360104610BD13B54FF6FF730022C8
:105C20000446ADF800308DF806308368ADF80420E6
:105C30006846ADF80230FFF7D0FE69462046FFF710
:105C4000DAFF02B010BD2DE9F04F044695B0C06AEE
:105C50000821FFF70AFF63681B0C1B04054603A914
:105C600020460393FFF782FEDDF80CB0A6895E4460
:105C7000761B06AA0823314620460496FFF768FEE5
:105C8000021EC0F2A980E36A06AA1979002312F85D
:105C9000010B814240F08F800133082BF7D1A368BC
:105CA00062682B449A427ED259462046FFF7C3FED3
:105CB000024691E0BDF81A30360C36041E440496B4
:105CC00008AA04A92046DDF810A0FFF710FF02463D
:105CD000002840F0818008A92046FFF7D0FE18B9BF
:105CE000019B9A45ECD1DAE7636805930AAA05A9F6
:105CF0002046059EFFF7FBFE024600286CD1BDF84A
:105D00002820BDF820309A4227D06268059B9A422D
:105D1000ECD15645E4D1BDF82430002BE0D0BDF8DD
:105D200022704FEA1A431B041F4408A8A368ADF869
:105D30002230FFF752FEE36ABDF824901E687642D7
:105D400006F02006B9F1000F0ED108A92046FFF792
:105D500052FF02460028C3D03EE00AA92046FFF7C2
:105D60008EFE0028D1D0D4E74E45B04628BFC846A5
:105D70000CAA434639462046FFF7EAFD024658BBC7
:105D80004346A1680CAA2046FFF7FBFE41460246A7
:105D9000E06AFFF76AFEA3680344A360E2B9A9EBD7
:105DA00008094744CEE72046FFF736FF02460028A1
:105DB0003FF47AAF10E0731B06A920460193FFF76A
:105DC00078FE00287FF476AF04A92046E9F7FCFEB0
:105DD000024600283FF474AF104615B0BDE8F08FBE
:105DE00000231A46EAF7BCB813B500240094EAF77A
:105DF0008DF902B010BD0FB407B504A951F8040B1A
:105E00000191E9F7D3F903B05DF804EB04B07047F2
:105E10007047002930B4044618460BDBA5680844D7
:105E2000A84207D8E0686468214484682468A446CE
:105E300030BC60476FF0150030BC7047002930B4AB
:105E4000044618460BDBA5680844A84207D8E0685A
:105E50006468214484686468A44630BC60476FF07D
:105E6000150030BC70470029034610B410460ADB09
:105E70009C680844A04206D8D8685B6819448368C7
:105E800010BC9B6818476FF0150010BC704708B530
:105E9000C0688368DB689847006808BDC0687047C1
:105EA00008B5C0688368DB689847007908BD70B59D
:105EB0004C680368A34201D2012070BD8A68224465
:105EC000934201D30020F8E7D1E903254E69B5429A
:105ED00003D36FF00B038B61F4E71B1B42F83530E3
:105EE0004368086902EBC00253600B6901330B6120
:105EF000E2E708B58368DB689847006808BD2DE9CC
:105F0000F047894616469846044698B38268036966
:105F1000134482693344934230D80025D4E9017098
:105F2000A6EB050A3F1ABA4515D2B54209D2236835
:105F30005246184409EB050104F0A6FAA36853443D
:105F4000A360B8F1000F1CD0A068A8B12046BDE83E
:105F5000F047EAF73DBA23683A46184409EB0501D1
:105F600004F092FA6368A3602046EAF731FA18B9A0
:105F70003D44D3E76FF00D00BDE8F0876FF00B00F4
:105F8000FAE74046F8E7F8B500F5017705463846E8
:105F90001E46FFF7B4FF04469EB1D5F8003298685C
:105FA00002F004FED5F80032596801443846EAF799
:105FB000E5F9044628B9D5F80002FFF729FFC5F82E
:105FC00000422046F8BD30B5054685B0084605F5C7
:105FD0000071EAF767F9044698B9D5F80002FFF7AF
:105FE0005DFFD5F8003202949A6801925B680093D5
:105FF00001464FF400732A4605F50170EAF756FA98
:106000000446204605B030BD0020EAF7D9BA002288
:106010001146EAF79BBA034610B508460AB10021BB
:10602000116053B1D0B1411E11F8010F80B113F8C6
:10603000014BA04201D13D28F6D100200EE00133F2
:1060400013600AE03D2808D0B0FA80F0400905E06E
:1060500018782F28F6D1002AF1D1012010BD10B5F3
:1060600009B100230B6058B103461A781C4601336E
:106070002AB13D2A03D02F2AF7D101B10B60201A93
:1060800010BD0830704710B5134614460A46818883
:106090000068FFF7A9FEA042A8BF204610BD2DE969
:1060A000F04F97B0044601929A46894600297CD069
:1060B000DAB1BAFA8AF67609258F0135ADB2A8466B
:1060C00004F1080B6F1EBFB2B7F5004F26D04A236C
:1060D00003AA39465846FFF787FE002807DA10F171
:1060E000020F08BFB8463D46ECE70126E4E700F1A1
:1060F00058030DEB0300002300F84C3C03A948466D
:10610000E6F79AF80028EED126B339465846FFF74D
:1061100067FE002805DA17B0BDE8F08FBEB3002097
:10612000F9E705F57F513F3189B25846FFF758FE30
:106130000028F0DB238FBB42F1D12246013B22F83D
:10614000383F4FF4004102235846E9F709FF00EABF
:10615000E070E0E7B846B8F5404F29D0238F4345BB
:1061600004F1080515D308F58041019A534689B218
:106170002846E9F7F5FE0028CDDB002ECFD04846B3
:10618000E6F76CF84A46034641462846DDE7012615
:10619000E1E72246022322F8388F4FF400412846D7
:1061A000E9F7DEFE0028DEDAB5E76FF01500B2E7AA
:1061B0006FF00B00AFE773B5C36B03630446C3B165
:1061C00000F108063046E9F731FD054670B90223B3
:1061D0000DF106024FF400413046FFF705FE00289E
:1061E000ACBFBDF806304FF400432387284602B009
:1061F00070BD6FF01205F9E738B50D46AB42114698
:106200001C4604D81A4604F03FF9204638BD002445
:10621000FBE704F061B9C30903EB430303EBC303DA
:1062200083EA4000C0B27047CB78027853400370D5
:106230004B884278534043700A68837883EA12237C
:1062400083700A68C3785340C370CB790279534096
:106250000371CB884279534043714A68837983EA5A
:10626000122383714A68C3795340C371CB7A027A8F
:1062700053400372427A4B89534043728A68837A4F
:1062800083EA122383728A68C37A5340C372CB7B3A
:10629000027B53400373CB89427B53404373CA68EC
:1062A000837B83EA12238373CA68C37B5340C3731F
:1062B00070471FB502788DF8002042798DF80120D3
:1062C000827A8DF80220C27B8DF8032002798DF846
:1062D0000420427A8DF80520827B8DF80620C27852
:1062E0008DF80720027A8DF80820427B8DF809206E
:1062F00082788DF80A20C2798DF80B20027B8DF808
:106300000C204278C37A8DF80D2082798DF80E200A
:106310008DF80F3010236A461946FFF76DFF05B060
:106320005DF804FBF8B5064608780C46FFF773FFE6
:1063300005466078FFF76FFFA27863785340E278F4
:1063400053405D406840307060782778FFF763FF06
:106350000546A078FFF75FFFA3785F40E3785F40D2
:106360007D406840707063782778A0785F40FFF7C1
:1063700052FF0546E078FFF74EFFE3785F407D402F
:106380006840B0702078FFF746FF6278237853406A
:10639000A278534080EA0305E078FFF73CFFEDB2B6
:1063A0004540F570F8BD70B5144688B00546002824
:1063B00049D0002949D0002A49D010230A4668460E
:1063C0001946FFF719FF21466846FFF72DFF1034E5
:1063D00001F1A0066846EAF77FFB6846FFF769FF10
:1063E000694604A8FFF79EFF01A905A8FFF79AFFD9
:1063F00002A906A8FFF796FF03A907A8FFF792FFD7
:10640000102319460DEB03026846FFF7F5FE2146FF
:1064100068461034FFF708FFB442DBD1EAF75CFBB3
:106420006846FFF746FF21466846FFF7FDFE10234A
:1064300019466A462846FFF7DFFE6846102200210B
:10644000FFF7E7FE012008B070BD0846FBE71046E5
:10645000F9E710B50A460F3012F9103B002BACBF1C
:106460000023872312F8014D83EA44038A4200F88F
:10647000013902D01378DB09F4E710BD08B520B16B
:1064800058220021FFF7C5FE012008BD10B50446C3
:1064900088B110220021FFF7BCFE102204F1300069
:1064A0000021FFF7B6FE0023636400224FF480331F
:1064B000C4E91423012010BD70B504460D461646EC
:1064C00010B311B358220021FFF7A3FE2946A6649A
:1064D0003046EAF70DFB102200212046FFF799FE17
:1064E00004F11005A26C21462046FFF75CFF21460F
:1064F0002846FFF7AEFF294604F12000FFF7A9FF69
:106500002046FFF7C3FF012070BD0846FCE72DE9D8
:10651000F0410E4615460446002860D0FAB1002925
:106520005DD0D0E9143253EA020158D0013BD0F8D3
:10653000448042F1FF32C0E91432B8F1000F2CD090
:10654000C8F1100708F13000BD4220440AD22B46A2
:1065500032462946FFF750FE636C2B4463640120EA
:10656000BDE8F0813B4632463946FFF745FE103D17
:106570000023636445443E44631E04F10F0113F895
:10658000012F93F830008B4282EA00021A70F6D194
:10659000A26C21462046FFF706FF04F10F07102DDD
:1065A0000AD8002DDBD02B463246294604F13000B4
:1065B000FFF722FE6564D2E7631E711E13F8012FF8
:1065C00011F8010FBB4282EA00021A70F6D1A26CE8
:1065D00021462046FFF7E7FE1036103DDFE700209A
:1065E000BEE770B50C460546E8B169B34A6C102A9F
:1065F0001AD11031631E013904F10F0013F8012F75
:1066000093F83060724011F8016F984282EA0602F6
:106610001A70F3D1A26C21462846FFF7C4FE20462B
:10662000FFF72CFF012070BD02F130000021C2F104
:1066300010022044FFF7EDFD636C2344802283F8B1
:10664000302004F12001D5E70846ECE70146006858
:10665000EAF7AEBA08B5EAF7D9FABDE80840EAF7B2
:1066600007BB00210120EAF7A3BA202809D9B0F11D
:10667000004F08D80138B0FA80F0C0F11F00400088
:106680007047082070473E2070474FF0804301223A
:10669000C3F80025BFF34F8F20BFFDE770B5037827
:1066A0008588C688CE80002013F0070F0860C3F3EA
:1066B000C103087814BF03240124012B28BF012340
:1066C00044EAC30320F01F006DBA034352BA0B70B3
:1066D0004A808D8070BD37B505460C460846F4F7F4
:1066E000A3FF45F8044B08232046238250F80C4FA3
:1066F0001C4402F071FA0022034600920221224655
:10670000284603F010FC03B030BD0368DA680B685C
:1067100013604B68536070472DE9F04F85B0054614
:106720000E4690461F4603F0FCF920B96FF04C006E
:1067300005B0BDE8F08F00234FF014093B6009FB62
:10674000086934464FF0010A02A9284603F0E6F929
:10675000DDE90232009368BB284603F00BFA0028FB
:10676000E4D00020E4E7A14598BF344661688A423E
:1067700014D121680098019203F00DFE019A68B9C6
:10678000237CD3B9D4E9023128469847C0B184F8B4
:1067900010A03B68013314343B60D5E714340BF18F
:1067A000010BD845DFD10021284603F02EFA00283E
:1067B000CAD1D1E74FF0000BF3E76FF06F00B7E7F6
:1067C0006FF02200B4E7F8B5142303FB010604467A
:1067D000154603469E4207D82846E5F73FFD074683
:1067E000A64208D8002003E01A68AA4201D1187C0A
:1067F000F8BD1433EEE76368BB4207D121683A461F
:10680000284603F0C8FD08B9207CF1E71434E7E717
:1068100020B101280CBF0520FF20704702207047DF
:1068200002780B789A420FD30CD842784B789A4270
:106830000AD307D842884B889A4205D38CBF0120DF
:1068400000207047012070474FF0FF30704770B54F
:1068500006460D4600F044F80446304602F0A4F91E
:10686000012C034601D9EBF709FC013B84F0010040
:10687000032B0CD8DFE803F008060902022305B158
:106880002B7070BD0123FAE720460023F7E74FF095
:10689000FF30F6E7012837B5054601D9EBF7FEFBD7
:1068A000002000F01DF80DF10701044600208DF8CE
:1068B0000700FFF7CCFFA84204D19DF80730013B49
:1068C000012B09D9A04202D09DF8073023B1631BE8
:1068D0005842584103B030BD0120FBE77047704774
:1068E000002070470020704770B5054688B00E46FE
:1068F000002400236A4631462046EBF797FD28B96D
:1069000020222946684603F046FD10B124B14FF01D
:10691000FF34204608B070BD0124EAE70023014699
:106920001A461846EBF782BD022805D00338012825
:106930008CBF0120052070470320704708B5002058
:10694000E9F72AF9022805D00338012894BF00206E
:10695000012070470520704770B5BCB0044600F1B7
:10696000100517AE00220023284602F027F9014641
:1069700008B93CB070BD03AB6846CDE90046029350
:10698000EBF710F8EEE7F4F7E9BF70B505460E46F1
:10699000ECF742F8044618B1736B1BB129469847CF
:1069A000204670BDEA7A05F11801183003F06CFD3D
:1069B000F6E710B5044640B18B6B0BB11830984721
:1069C0002046BDE81040F4F7C9BF10BD00230364A2
:1069D000A0F844307047036C13B1B0F8440070471E
:1069E0006FF015007047F8B5036C04460F46164665
:1069F00003BB072A25D94D8840F6AB136DBA08357D
:106A00009A42ADB220D89D421ED8AA4216D8ECF7C1
:106A100003F82064D8B1A4F84450206C32463946BB
:106A20000C3002F0E1F8B4F844309B1B98B2A4F8A3
:106A30004400F8BDB0F844309342EED26FF08A00C3
:106A4000F7E76FF03C00F4E76FF03E00F1E76FF01E
:106A50000B00EEE738B50B46016C044661B1B0F8A7
:106A6000445005B15BB12046EBF7FEFF0023A4F8CC
:106A700044302364284638BD6FF01505FAE76FF0FF
:106A80003C05F7E710B50446006C30B1FFF77BFF1B
:106A90000020A4F84400206410BD6FF01500FBE74F
:106AA000006C00B118307047036813B10023036015
:106AB000037170478B6913B183610B7F03770020EB
:106AC000704710B50446084659B1ECF719F840B1C3
:106AD000A3698B4206D190F86930227F9B1A5842F5
:106AE000584110BD0120FCE770B50546ECF708F8E9
:106AF000044698B1284600F0A8FC034604F138008B
:106B000043B1783306D0BDE870404FF40042002313
:106B1000FBF73CB9BDE87040FBF73EB970BD08B566
:106B2000806918B101F0FBFB033880B208BD08B5DD
:106B3000EBF7E6FF20B1BDE808406C30FAF72EBC59
:106B400008BD30B585B014460A888B78ADF80020B2
:106B500005460D2200210DF103008DF8023003F0EF
:106B6000BBFC6A466946284602F07BFA28B9BDF8A4
:106B700000209DF802302280A37005B030BD13B50F
:106B80000C4601AA0331FFF7DCFF48B9032201A933
:106B9000204603F000FCB0FA80F0400902B010BDBE
:106BA0000020FBE770B50D4600210446FFF757FAB9
:106BB0000D2818D1237B302B13D0312B13D1012377
:106BC00005F8063B04F10C062A4620460123022163
:106BD0000234FEF798FBB44205F1FF35F4D10020F2
:106BE00070BD0023ECE76FF01500F9E70020704757
:106BF00010B50C46017822788A428AB00FD06946D7
:106C0000ECF788FB05A92046ECF784FB10220DF178
:106C100015010DF1010003F0BEFB0AB010BD012A01
:106C200006D0022A07D072B940886388C01AF4E7F8
:106C300040686368FAE71022611C01300AB0BDE8C1
:106C4000104003F0A8BB6FF01500E6E7042A0AD055
:106C5000102A0DD0022A4FF0000315D103700B88C3
:106C6000438001207047012303700B684360F8E7FD
:106C7000022300F8013B01F1100351F8042B40F806
:106C8000042B9942F9D1ECE718467047012310B55F
:106C90000621044600F8013BF6F7BEFE18B9A379B9
:106CA00063F03F03A37110BD0B6803608B88838082
:106CB0008B798371037823F00203037070470078A7
:106CC000C0F3400070470F2807D80D280BD80528BF
:106CD00008BF032018BF02207047132803D01A28CA
:106CE00008BF0120F6E701207047D0F8C03083B11B
:106CF0005A7BD1070DD5D2060DD51B7B102B14BFA7
:106D0000032304234372807A98428CBF0020012021
:106D100070470223F6E70323F4E7704710B50346F4
:106D2000BFF35B8F53E8000F40EA010243E8002401
:106D3000002CF7D1BFF35B8F10BD0B6803608B880D
:106D4000838070470B6803608B8883808B798371A5
:106D50007047BFF35B8F50E8003F0B4040E80032C4
:106D6000002AF8D1BFF35B8F7047C0F30723107080
:106D7000000E5370D0700023C1F30720090E9370EA
:106D8000137150719371D171704770B506460D46FD
:106D900040F206400321ECF7CBFE044668B1032124
:106DA0000C30F4F7E7FE0680857021460022BDE82E
:106DB000704040F20640ECF705BF6FF0680070BD10
:106DC000F8B507460E4642F2220006211546ECF7BA
:106DD000AFFE044678B106210C30F4F7CBFE3B88B9
:106DE00003804680858021460022BDE8F84042F2BB
:106DF0002200ECF7E7BE6FF06800F8BD2DE9F04720
:106E00008146884642F2320007219DF820A01746AD
:106E10001E46ECF78DFE0546A0B107210C30F4F7B5
:106E2000A9FEB9F80030038080F80280C7700671AF
:106E3000A0F805A029460022BDE8F04742F2320042
:106E4000ECF7C0BE6FF06800BDE8F087C068ECF7F3
:106E50006BBF10B503884288934219D8052B17D908
:106E6000B2F5486F14D88388B3F5FA7F10D2C08882
:106E7000A0F10A0189B240F67644A14208D8013354
:106E80009BB25343B3EB800F34BF0120002010BDF1
:106E90000020FCE70020704708B5F4F7A1F918B10D
:106EA000C089003818BF012008BD08B5072203F0CB
:106EB00072FAB0FA80F0400908BDBFF35B8F00683A
:106EC000BFF35B8F70470B6803608B8883807047CC
:106ED0000B6803608B8883808B7983717047F8B56A
:106EE0000F46144630BB272142F22700ECF720FE64
:106EF000054610B327210C30F4F73CFE3946FFF766
:106F0000E7FF06462246C31D04F1100152F8040BA8
:106F100043F8040B8A42F9D11022002106F1170030
:106F200003F0DAFA29460022BDE8F84042F22700D1
:106F3000ECF748BE6FF01500F8BD6FF06800FBE796
:106F4000037A5B07024605D501462A3211F8010B88
:106F5000FFF7C5BF704738B50121054642F22D0045
:106F6000ECF7E6FD044658B129460C3001F048FE26
:106F700021460022BDE8384042F22D00ECF722BE47
:106F80006FF0680038BD10B400F11003BFF35B8FE1
:106F900053E8002F22F4004143E80014002CF7D1FD
:106FA000BFF35B8F130403D510BC012100F04DB972
:106FB00010BC704700F1100208B503461046FFF7F9
:106FC0007CFF010611D5BFF35B8F52E8000F40F440
:106FD000004042E800010029F7D1BFF35B8F18465B
:106FE0000021BDE8084000F030B908BD10B50C46DE
:106FF00030B919B1F4F7A4F800B1441C204610BD13
:107000000024FBE718B111B10846EDF717BC6FF08B
:107010001500704713B5044680B106216846F6F79F
:10702000FBFC48B99DF80530694603F03F03204654
:107030008DF80530FFF7E6FF02B010BD6FF01500C8
:10704000FAE7003818BF01207047037AD90704D542
:1070500023F001030372EDF79FBC990704D523F0D9
:1070600002030372EDF74CBD7047002070470346E2
:1070700010F4004F0CBF07200620DA0348BF00F0D1
:1070800005009B0348BF00F0FB007047BFF35B8F18
:107090000068BFF35B8F704710B50346BFF35B8F8B
:1070A00053E8000F00EA010243E80024002CF7D166
:1070B000BFF35B8F10BD0B6803608B8883808B7977
:1070C00083717047012310B403FA01F1044662B1E1
:1070D000BFF35B8F54E8003F0B4344E80032002AC3
:1070E000F8D1BFF35B8F10BC704710BCC943FFF7EA
:1070F000D3BF2DE9F04F87B005469DF84860DDF815
:1071000040909DF844A00C4690460021102202A811
:107110001F4603F0E1F9EEB9CDE90248012202A9C8
:1071200042F20800EDF7FCFE044678B9BAF1000F10
:107130003ED11035BFF35B8F55E8003F43F00403A9
:1071400045E80032002AF7D1BFF35B8F204607B035
:10715000BDE8F08FEDF71EFB8346E4B937BB584618
:10716000E5F77CF80923012ECDE901B48DF8003054
:107170008DF80100CDF80C80D0D1CDF810D0059657
:107180000222CCE714F83320083A012A25D901332A
:107190009845F7D1E2E70023FAE717F83320083AD9
:1071A000012A1AD901339945F7D1D8E70023FAE724
:1071B000022E4FF0010208BF059202A908BF324615
:1071C00042F2090008BFCDF810D0CDE90279EDF701
:1071D000A7FE0028ADD00446B8E76FF01504B5E768
:1071E000436813F008000AD05A0307D403F4C063BD
:1071F000B3F5806F14BF0220012070470120704753
:1072000070B5064686B00D4642F20A000121ECF741
:107210008FFC0446B0B10C3095B1012101F0F0FCB7
:1072200006F1100203A9204600950723ECF76EFC37
:107230000022214642F20A00ECF7C4FC06B070BD01
:107240002946EBE76FF06800F8E7FFF7D9BF183081
:10725000FAF7A2BD036800220BB9184670478B42AB
:1072600010D10B6842B942680360914200D143607B
:1072700000230B600120704713604368994208BFE8
:107280004260F5E71A461B68E6E710B50346BFF310
:107290005B8F53E8000F00EA010243E80024002C52
:1072A000F7D1BFF35B8F10BD2838EEF7A3BA10B546
:1072B0000446006918B1F4F751FB0023236110BDA7
:1072C0002DE9F84307460E46904600244FF0C809C2
:1072D000B44203D100231846BDE8F88309FB0470CB
:1072E000EEF73CFD034658B1457B012D02D0073D2A
:1072F000012D03D81A884245EDD01846EEF75AFD05
:107300000134E5E710B50446EFF7DAFA2046BDE8A8
:107310001040EEF741BA10B50446D0F8C00028B9C5
:10732000207A04F19001F3F75BFF38B1E278C3896A
:107330002AB913F0210F14BF0120002010BD13F053
:10734000240FF8E70346C07A18B1D3F8C00000B1A3
:10735000007B704738B5437B072B044626D10B06CC
:1073600001F07F0513D5BFF35B8F031D53E8001FAA
:1073700041F4006143E80012002AF7D1BFF35B8FAC
:10738000A5722046F3F7E2F868B9002038BD437AC9
:10739000AB42FAD2837AAB42F7D26FF40061043089
:1073A000FFF773FFECE7637AA372EFE76FF07F00FC
:1073B000ECE7407A704738B5037A8B4204461546AD
:1073C00015D100F190010722284602F0E4FF80B1B8
:1073D000E378072243B904F19E01284602F0DBFF5F
:1073E000B0FA80F0400938BD04F19701F5E70020BC
:1073F000F9E70120F7E790307047F8B507460D46EA
:1074000042F213000E21ECF793FB0646D0B10E2199
:107410000C30F4F7AFFB0E220446002103F05CF8B9
:107420003B8823802B8863806B88A380AB88E380B4
:10743000EB88238131460022BDE8F84042F2130078
:10744000ECF7C0BB6FF06800F8BD10B5B0F8A6202F
:107450000C889442034600F1040013D84C889442EF
:1074600010D3B3F8AC408A8894420BD1B3F8AE4045
:10747000CA88944206D16FF40071FFF706FF6FF0DF
:10748000770010BDBFF35B8F5C68BFF35B8FC4F305
:10749000C012240604D5BDE810401846EFF754B8D2
:1074A0000C88A3F8A8404C88A3F8AA408C88A3F8BD
:1074B000B040C988A3F8B210BFF35B8F50E8003F1B
:1074C00043F4007340E800310029F7D1BFF35B8F2C
:1074D0001046D6E77047704770B5D0E900350446CE
:1074E00023B16B6803B1984700232360E3680BB1B5
:1074F000204698472B6A1BB12046BDE870401847CC
:1075000070BD38B5406D30B150F8084904B1083C41
:10751000FFF7E2FF04B938BDA5682DB12046083D4C
:10752000FFF7DAFF2C46F7E72046BDE83840FFF7C3
:10753000D3BF38B5436D0D46BBB1184650F8084966
:1075400004B1083C53F8043C9B680BB129469847AA
:107550005CB12046A468436824B19B68083C002BBA
:10756000F4D1F6E79B68002BF0D138BD0431EEF77B
:107570008DBD2DE9F041144605460F4602F10C0081
:1075800004211E46DDF81880F4F7A4FA228A478009
:10759000043A02804346324621462846BDE8F0417F
:1075A000EEF732BB406D30B1838B8B42A0F1080007
:1075B00001D08068F7E77047406D30B183898B4216
:1075C000A0F1080001D08068F7E7704770470346D4
:1075D000006828B1596802681A60884208BF5A607A
:1075E00070470346002003B970471A8A5B6810444D
:1075F000F9E710B5D4682378023113B9217001205E
:1076000010BD8B42FBD0038A023B03820020106135
:10761000F6E70620704773B51446014605464FF459
:107620009572206800F07DFE207500BB237A2068EB
:10763000ABB1A3F11802534253419B000193638AFB
:107640000093AE68238AE2682946B047002808DB29
:10765000238A98420ED100232375012008E00223DB
:10766000ECE710F1FF0F05D34042C0B220750020B7
:1076700002B070BD0E20F9E71FB5CDE9012300234C
:1076800000931A46F1F714F905B05DF804FB70B4E5
:107690000568AA6A52B3136803B1883BA2F1880453
:1076A0000022114600E0883B844207D0668D648B3F
:1076B000B14238BF3146A24238BF22461C462BB1E8
:1076C000D3F88830002BEED18442EFD1438D408B2C
:1076D0008B4201D890420BD9824238BF0246994270
:1076E000286838BF194670BCF1F7D8BF1146EDE7DE
:1076F00070BC7047D0680378043113B90170012061
:1077000070478B42FBD091680B8A0020043B0B82B0
:1077100010617047F8B59368166805460F46144621
:1077200063B9506801210C30F4F724FAA0602B688B
:107730001B78002B14BF022301230370A3681B785E
:10774000012B03D0022B1FD000201CE02B681B78DC
:10775000002BF9D1606804210C30F4F70BFAE060DB
:1077600007802A68E36852885A806168728D738B3B
:10777000088A9A4294BFC0EB0200C0EB03000428C1
:1077800094BF00200120F8BD2B681B78022BDBD1B1
:10779000606812210C30F4F7EDF9E06007802B6887
:1077A000E268591C0232113351F8040B42F8040B01
:1077B0009942F9D16168728D738B088A9A4294BF9D
:1077C000C0EB0200C0EB03001228D9E72DE9F04F0F
:1077D000044685B0104690469946FFF702FF638B3A
:1077E000628D934228BF134683428B4640F29380BA
:1077F000636803934046F4F7F3F84FF0000A064637
:107800004046FFF7EEFE628B638D06F10C079A424D
:1078100094BFC0EB0205C0EB0305384601F0DCF96C
:10782000854217D24046FFF7DCFE628B638D9A4299
:1078300094BFC0EB0205C0EB03058DBB98F80A00AE
:10784000F3F7C0FE0022002301F0B3F9064630B979
:10785000574636E0384601F0BFF90546EDE70146E8
:107860004046F4F7FBF84046FFF7BBFE628D638BA2
:1078700006F10C079A4294BFC0EB0205C0EB03056A
:10788000384601F0A9F985421FD24046FFF7A9FE0C
:10789000628D638B9A4294BFC0EB0205C0EB030577
:1078A000F168328ACDF80090DBF8047003980A443E
:1078B000ABB25946B847071E0CDABAF1000F18BF31
:1078C0005746384605B0BDE8F08F384601F084F9D8
:1078D0000546E5E70E9BB3B9394606F10C00F4F70F
:1078E00049F94046FFF77DFE638D628B934228BFC6
:1078F0001346B9448342BA441FFA89F9A8D9AF4262
:107900003FF47EAFA4E70F9A0E9B39463046984766
:107910000028E1D19CE70027D3E70368002203B9E0
:1079200070478B420FD10B683AB9426803609142AD
:1079300000D1436000230B60704713604368994295
:1079400008BF4260F6E71A461B68E8E701238B4050
:10795000DB43BFF35B8F50E8002F1A4040E8002163
:107960000029F8D1BFF35B8F70470620704710B530
:10797000012303FA01F1BFF35B8F50E8003F43EAB4
:10798000010240E80024002CF7D1BFF35B8F1942BD
:1079900014BF0120002010BD73B5166805460023F2
:1079A0007068137314462946952200F0BAFC2073C0
:1079B00080B9CDE900002946A388A2683046FFF7C8
:1079C00005FF002809DA10F1FF0F26BF4042C0B2C0
:1079D0000E202073002002B070BD0120FBE72DE9CE
:1079E000F34116680746002370681373144639463E
:1079F000952200F096FC0546207308BBA068718DA7
:107A0000728B038A914294BFC3EB0103C3EB020361
:107A1000012B15DD02210C30F4F7ACF8CDE900554F
:107A20008046A388A26839463046FFF7CFFE031E82
:107A30000ADA13F1FF0F26BF5B42DBB20E2323737A
:107A4000002002B0BDE8F081A8F800300120F8E77E
:107A50002DE9F04104468868FFF7C3FD638D628B12
:107A6000934228BF134683420D461DD3A163D1F82C
:107A7000088000278F60FAF71BFC41462046EFF78D
:107A800007FB064638B1C5F80880A763FAF760FC23
:107A90003046BDE8F081618D638B994228BF19465D
:107AA000284600F00BFDF1E76FF07906F0E738B5F6
:107AB000BFF35B8F0B68BFF35B8FDB07054617D502
:107AC00050F8040CA0B16B6B93B90430FFF77FFD45
:107AD000044668B10146281FEFF74EFB002807DA7D
:107AE00055F8043C5A6822609A685C6002B99C6050
:107AF00038BD2DE9F041846A07463CB354F88869E3
:107B000006B1883E00231D4607F1040801E0344613
:107B10001646A26B9AB905B98BB94046FFF757FDD7
:107B2000054658B101462046EFF726FB00280DDA3E
:107B30007B682B60BB687D6003B9BD6023462EB1B6
:107B4000D6F88820002AE2D0883AE0E7BDE8F08144
:107B500070B500220446002308460E4601F02EF8B8
:107B6000054658B101462046EFF792FA044618B18F
:107B70002946304602F052FA204670BD6FF00104EB
:107B8000FAE7F8B550F8044C0546071F04213030D9
:107B9000FFF7DCFE04B36B6B8BB963687BB1201D10
:107BA000FFF715FD014606463846FFF751FF00284E
:107BB00012DA63683360A368666003B9A66005F1F2
:107BC00038013846FFF7C4FF30B104F10C013846E4
:107BD000BDE8F840FFF7BCBFF8BD38B504460D4618
:107BE000EFF756FA30B1294604F13C00BDE83840C1
:107BF000F3F794BE38BD2DE9F041884617460121C0
:107C0000042205461E46EFF72DF9044670B1042103
:107C10000C30F3F7AFFF80F80080A0F80170C67059
:107C200021462846BDE8F041FFF7D7BFBDE8F08107
:107C300037B50C46054601F10C0000F0C1FF228A61
:107C40000192E26800920346132212212846EFF7C0
:107C50004BFB03B030BD37B50C46054601F10C00B7
:107C600000F0AEFF228A0192E268009200220346F1
:107C700011462846EFF738FB03B030BD086883682B
:107C80009B690BB10430184770472DE9F84306464D
:107C90000D46144622B1BDE8F8430846EFF732B866
:107CA000FFF7ECFFAF68B5F80480D5F80C902846D4
:107CB000EFF728F82FB9BDE8F88349463046B847B2
:107CC0000134A3B24345F8D3F5E710B50C460AB921
:107CD000FFF7D4FF2068836B2BB14FF47022002391
:107CE0005830FAF753F82046BDE81040EFF70AB8CD
:107CF00010B50C460AB9FFF7C1FF206801213430E6
:107D0000FFF724FE2046BDE81040EEF7FBBF10B59C
:107D10000C460AB9FFF7B2FF206800213430FFF7A4
:107D200015FE2046BDE81040EEF7ECBF07B5CA6867
:107D30001388528800920C210D22EFF7C3FC03B088
:107D40005DF804FB07B5CB6800221B8800920A216E
:107D50000B22EFF7B7FC03B05DF804FBF8B5CB6876
:107D60001F88BBB2162B05461AD902220321EFF752
:107D70004FFB0646B0B102210C30F3F7FBFE0024A6
:107D80006FF003030370447031462846FFF725FF68
:107D9000FC2328466B836F85FFF779FC2046F8BDEE
:107DA0000420FCE70E20FAE708B5EEF7D1FE08B391
:107DB000826A02B3136803B1883B32F86E0C32F862
:107DC0005E2C904228BF104643B913E0934228BF6F
:107DD0001346984238BF1846A1F18803D3F888109B
:107DE0005A8B5B8D0029F1D19A4228BF1A469042E6
:107DF00038BF104608BD1046FCE70A8AC968002350
:107E0000EFF70ABE70B5064650F8043C56F8045920
:107E10000446002B36D039B1436B002B32D01B7C8B
:107E2000DA072FD5052320E02846F1F74BFC6B7AC3
:107E3000012B27D0656B2DB32B7CDB0722D5EB689C
:107E4000002BEFD06A69697C3046EFF70BF80446E7
:107E500050B1D5E90512EB68984768B1A069EEF713
:107E600051FF2046F3F77AFD0E23002230461146DB
:107E7000BDE87040EFF7D0BD21463046EFF708F976
:107E80000028EBD170BD0120704710B5EEF760FE01
:107E900050B1846A44B1883C04F134000521FFF7F5
:107EA00055FDD4F88840F5E710BD08B50421FFF76B
:107EB00083FB30B1BFF35B8F006BBFF35B8FC0F30D
:107EC000401008BD8069C0E902120122828003745B
:107ED00070471060002070470B4609895A898A4212
:107EE00003D05981DB6803B11847704710B5029C75
:107EF000A3680A460BB121469847A37DE268013B7F
:107F0000DBB2A37522B11BB92046BDE81040104773
:107F100010BD106091800020704700207047F0B5C0
:107F200007683D7889B006461446DDB97B88B3F50D
:107F3000245F04D010D8A3F52053032B12D8ADF83A
:107F40000A1002220DF10A012046FEF7E0FA68B994
:107F50006FF01502A26506E003F55643FF339BB2AE
:107F6000042B1ED90125284609B0F0BD7B88ADF849
:107F70000A3002220DF10A012046FEF7C8FA002855
:107F8000E6D00020009003AA776813233146B84753
:107F9000021EDFDB03A92046FEF7B9FA0028E1D173
:107FA000D6E7ADF80A1002220DF10A012046FEF7CD
:107FB000AEFA0028CCD07B88ADF80A3002220DF151
:107FC0000A01E8E708B5072202F0E5F9B0FA80F007
:107FD000400908BD10B503789342044607D101302B
:107FE000FFF7F0FF002814BF2046002010BD00203E
:107FF000FCE710B50346BFF35B8F53E8000F40EA80
:10800000010243E80024002CF7D1BFF35B8F10BDC1
:1080100010B50346BFF35B8F53E8000F00EA01027F
:1080200043E80024002CF7D1BFF35B8F10BDBFF3F2
:108030005B8F0068BFF35B8F7047F8B599420446C9
:10804000089EDDE906070D4601D90020F8BD9142E2
:1080500001D20120FAE760B98FB933880A9A013B4F
:1080600033802946099B204698473388002BEDD161
:10807000EBE72168FEF7BCFD0028EDD0E9E7E368F7
:10808000BB42E6D1E9E708B50C3029B10121FFF781
:10809000B0FFC043084008BD6FF00101FFF7B8FF13
:1080A00000F00100F7E70B6803608B8883808B7911
:1080B0008371704710B50446FFF7E5FF38B12146DC
:1080C0000122BDE8104011F8010BEFF7F5BE10BD1D
:1080D00000230360436083607047022A10B508D113
:1080E000002300F190011A46007AEFF779FF022091
:1080F00010BDF0F777F8FAE738B504461546FFF7F4
:10810000C2FE48B12046EFF781FE28B1037ADB07B3
:1081100002D50121FFF7CEFF55B9207A04F1900175
:10812000EFF742FE20B18560BDE83840EFF7B0BE02
:1081300038BD38B5BDF81040944215460AD3A41A8C
:108140008C42A8BF0C46A4B22246591902F09CF9F1
:10815000204638BD6FF00604FAE730B585B0C9682F
:1081600014461D46EFF780FE00B10089ADF80E0001
:1081700002230093BDF820200DF10E03294620466E
:10818000FFF7D7FF05B030BD1FB50C461946E368B1
:108190001C781046BDF818203CB110240133069419
:1081A00004B0BDE81040FFF7C4BF5B88ADF80E30E7
:1081B000022300930DF10E03FFF7BBFF04B010BDC7
:1081C00030B585B01D46002314468DF80C30EFF70E
:1081D0001DFE10B1037A8DF80C3001230093BDF819
:1081E000202003AB29462046FFF7A3FF05B030BD92
:1081F0002DE9F04114461D46BDF81870ECF7CAFA97
:108200000646E4F72BF880B2069033463A462946F4
:108210002046BDE8F041FFF78CBF30B585B014466D
:108220001D46FEF737FE0223ADF80E000093BDF8A1
:1082300020200DF10E0329462046FFF77AFF05B0F6
:1082400030BD10600020704710B5BDF80810BDF8B3
:1082500010408C4210460BD3641A9C42A8BF1C46A7
:10826000039BA4B22246194402F00EF9204610BD29
:108270006FF00604FAE713B5044610B9002002B007
:1082800010BD00238DF80430006842F6030301A9F5
:10829000ADF80630FEF7ACFC0028EFD1E368988813
:1082A0000028ECD12046F0F7C3FA013080B2E6E7AF
:1082B00070B5CC6888B008461E46A3798DF80C309E
:1082C0001546FFF7D8FFADF80D00246823786BB989
:1082D0006388ADF80F3005230093BDF8302003AB61
:1082E00031462846FFF725FF08B070BD631C0DF12D
:1082F0000F02113453F8041B42F8041BA342F9D1B6
:108300001323E9E71FB5CDE90123002300931A46A3
:10831000F0F7CEFA05B05DF804FBF0F7CBBBFFF742
:1083200043BD38B5D4074B8A054604D513F0950FE5
:108330002BD0486848B3900704D513F4957F26D016
:10834000896821B302EA030414F03C0F0DD0EB7AE4
:108350002BB92846FEF7DFFFD8B9052038BD14F049
:10836000300F04D114F4C07F07D10020F6E728466F
:10837000FFF71FF80228F5D8EFE7D5F8C030002B3B
:10838000EBD05B7BDB06E8D5EFE70220E6E70320D6
:10839000E4E70F20E2E72DE9F04105468846EFF7D4
:1083A00035FD0446E0B1037ADB0719D500F10C076F
:1083B0003846FFF73CFE10F0010611D1B8F1000F6E
:1083C0000FD06FF002013846FFF722FE10F0020FC7
:1083D000284609D0FFF759FD01212046FFF76AFE24
:1083E00001263046BDE8F081FFF74DFD0028F8D0AA
:1083F0002846FFF75AFD0028F3D06FF002013846F7
:10840000FFF706FE2846E5E7F8B506460F46EFF704
:10841000A9FC394604463046FEF73EFD68B364B316
:1084200004F108056FF001012846FFF7F1FDC207CE
:1084300003D539463046F1F761F96FF0020128465D
:10844000FFF7E6FD830703D539463046F0F764F9B8
:108450002846FFF7ECFD80B9234603F8010BC4F86A
:108460000100C3F80300BFF35B8F55E8003F45E808
:108470000002002AF9D1BFF35B8FF8BD10B50446A6
:10848000A0F1170110F8180CFFF7BEFF14F80C0C40
:10849000A4F10B01BDE81040FFF7B6BF38B50446A4
:1084A00059B100F190052946007AF1F727F9207AB1
:1084B0002946BDE83840F0F72FB938BD704707208E
:1084C0007047BFF35B8F0068BFF35B8F084100F01C
:1084D0000100704710B50346D9B1C88910F0240FC8
:1084E00017D01A7D5C7B097BA24228BF22469142AD
:1084F00001D9002010BD820604D4187A003818BFB4
:108500000120F7E70521181DFFF7DBFF0028F4D154
:10851000EFE70120EEE701238B40DB43BFF35B8FE6
:1085200050E8002F1A4040E800210029F8D1BFF39D
:108530005B8F70470B6803608B8883808B798371B6
:1085400070470720704701238B40BFF35B8F50E8D3
:10855000002F1A4340E800210029F8D1BFF35B8FB8
:10856000704708B50E21FFF7EEFF002008BD70B57B
:10857000051D0E4628460421FFF7A3FF68B100221F
:10858000002100230846FEF7F1FF044640B904210C
:108590002846FFF7D8FF204670BD4FF47022EFE762
:1085A00001210C30F3F7E6FA0670F4E738B5022142
:1085B0000446FFF7DCFF054680B106210C30F3F7D7
:1085C000D9FAD4F811300360B4F815308380002252
:1085D00020462946F1F7A2F9002038BD0820FCE723
:1085E00038B504210446FFF7C2FF0546A0B11021AB
:1085F0000C30F3F7BFFA04F1270304F1370253F804
:10860000041B40F8041B9342F9D12046002229465E
:10861000F1F784F9002038BD0820FCE770B5D0F8E8
:10862000EC30DB78012B044619D1CD68061D1021F2
:108630003046FFF770FF2B4604F1B70205F1100139
:1086400053F8040B42F8040B8B42F9D10721304652
:10865000FFF737FF28B109213046FFF774FF0020EC
:1086600070BD0A213046FFF72CFF0028F3D12046C9
:10867000BDE87040F1F750BB0720704730B50123CB
:1086800003FA01F1CA43BFF35B8F50E8003F03EAEE
:10869000020440E80045002DF7D1BFF35B8F19427B
:1086A00014BF0120002030BD38B500F190040D4604
:1086B00007220968204601F06EFE28B96968204645
:1086C000BDE83840FFF736BF38BD38B50446031D56
:1086D0000025BFF35B8F53E8002F43E800510029CA
:1086E000F9D1BFF35B8F04F59070F9F755FB257254
:1086F000BFF35B8F54E8003F44E80052002AF9D1F1
:10870000BFF35B8F20460121BDE83840FFF71BBF58
:10871000F0B589B0DDE90E67054630788DF80000C8
:1087200038788DF801001068CDF8020090889279B1
:10873000109C8DF808201A68CDF809209A889B793A
:10874000ADF80600ADF80D208DF80F3001F1100CDA
:108750002246684611F8013B10F801EB614583EAB7
:108760000E0302F8013BF5D122462146284600F0CF
:1087700078FC034628BBB7F80520ADF81420D6F8DE
:108780000120D7F80100CDF81620B6F80520049096
:108790000793ADF81A2004F11000234604A913F83A
:1087A000012B11F8016B834282EA060203F8012CC7
:1087B000F5D122462146284609B0BDE8F04000F038
:1087C00050BC09B0F0BDF0B5071D85B004460A21C4
:1087D0003846FFF776FE88BB04212046FFF7B3FE3C
:1087E0000321D4F8EC60FFF7C2FE0546C0B11021AA
:1087F0000C30F3F7BFF906F19E0397360290019310
:10880000009604F1100304F1090204F1270104F1B8
:108810004700FFF77DFF064628B12846F3F79EF88C
:10882000082005B0F0BD024629462046F1F776F84B
:1088300031463846FFF76FFE0020F2E70021384648
:10884000FFF781FEF8E72DE9F7430B9FCDE9002301
:108850000446F1F737F80546002800F08580BDF89A
:108860002880061DB8F1000F2AD1DDE9003213433C
:1088700026D103213046FFF724FE002858D00121DD
:108880003046FFF71EFE002852D02C7D6B7B9C42A9
:1088900028BF1C46224605F14701384601F0F4FD89
:1088A0000F2C05D8C4F110020021381901F014FE74
:1088B00030460121FFF747FE012003B0BDE8F083F9
:1088C000D4F8C030BBB904F19009217A4A4620207F
:1088D000F2F70CFCC4F8C00030B9217A4A460120F6
:1088E000F2F704FCC4F8C000B8F1000F03D1DDE9D1
:1088F0000032134320D0D4F8C080B8F1000F26D046
:10890000B8F80E30DB0722D50822694608F140008E
:1089100001F041FDD8B902220AA908F1480001F08E
:108920003AFDA0B998F80C4008F14A012246B4E794
:10893000D4F8C030002BC6D0D4F8C0100029DAD04B
:10894000CB899A06D7D50C7B1A312246A5E70F2191
:108950003046FFF7B6FD20B1022206212046EDF792
:10896000D7FC2846FFF7B1FE0020A6E76FF0850090
:10897000704770B504460820F0F752FF0546E0B195
:10898000061D08213046FFF7C6FDBCB30721FFF7DF
:10899000C2FD234605F1970204F1200153F8040BB0
:1089A00042F8040B8B42F9D10A213046FFF789FDCA
:1089B00070B109213046FFF7C6FD0720F0F730FF00
:1089C0000446E8B1F0F7ECFF0146C8B1204612E0DA
:1089D00010213046FFF775FD09210028EAD1304605
:1089E000FFF76FFD0028E8D02846F1F795F901461A
:1089F0000028E2D02846F1F701FFDEE70B21F9E776
:108A000070BD70B50446A0F1EC0650F8343BE83C6C
:108A1000D3F8C050F9F7C0F903212046FFF751FD04
:108A2000A0B108213046F1F757FE3DB1EB8913B1F3
:108A30006B7B9B0702D52846F2F72CFC30464FF49F
:108A4000AC72BDE87040002101F046BD0121204616
:108A5000FFF737FD0028E4D10F212046FFF731FD55
:108A60000028DED1E1E710B5431E00F11002073007
:108A700013F8011F12F8014D1C7083421170F7D1D9
:108A800010BD70B5C2B00D461646014616AA68461E
:108A90001C46FDF711FD18B96FF0040042B070BD1F
:108AA000324629466846FDF732FD0028F4D0694673
:108AB0002046FDF796FD0028EED00020EEE7F0B549
:108AC00097B014460E462022014605A81D461C9F5D
:108AD000F2F7A2FC202231460DA8F2F79DFC2146B8
:108AE000102201A88DF85450F2F796FC3B46412223
:108AF00005A901A8FFF7C5FF044610B93846FFF7DE
:108B0000B2FF204617B0F0BD2DE9F04397B0044600
:108B1000164605A810221D46DDE91F98219FF2F791
:108B20007BFC1022314609A8F2F776FC1022294678
:108B30000DA8F2F771FC1E99032211A8F2F76CFC44
:108B40004946D9F8010011F8013B8DF847301290E1
:108B50008B88ADF84C30062212A8F2F75DFC414636
:108B6000062211F8013B8DF84E30D8F80130CDF8CF
:108B70004F300DF14F008B88ADF85330F2F74CFCBD
:108B80002146102201A8F2F747FC3B46412205A9E5
:108B900001A8FFF776FF044610B93846FFF763FFD8
:108BA000204617B0BDE8F083F5F7CABD20387047FE
:108BB0007047C16A49680968F2F754BDF8F794BB79
:108BC00010B503681C880221F2F7A0FF204610BDF3
:108BD00002688068101A70478388C2888168D21A38
:108BE00003685B1AD01A704738B50D461446114613
:108BF000F2F7C0FF22462946BDE8384001F044BCE8
:108C000010B50C460121F2F7B5FF047010BD4FF00E
:108C10004003EFF3118283F31288BFF36F8F036871
:108C200003F0C00343F00203036082F31188BFF333
:108C30006F8F7047F8B5069F0469C9B24FF04005C1
:108C4000EFF3118685F31288BFF36F8F0C2569430C
:108C50000C44A56C05F0070CBCF1010F0BD1A76407
:108C600086F31188BFF36F8FC4E9102343685B5804
:108C700098470020F8BD05F0C005AF4286F3118883
:108C8000BFF36F8F0CBF6FF077004FF0FF30F1E74D
:108C900013B580240094FFF7CDFF02B010BD00692A
:108CA000CBB200EB4310002110470020F5F788BB42
:108CB0001046F8F773BB8022F2F7B0BF0020704770
:108CC00038B50C461546EBF759FD28B12946204624
:108CD000BDE83840EAF7FCBF6FF00A0038BD70B558
:108CE000044600F0AFFC237B05460BB100F0FFFA11
:108CF00000266068F6F7BEFFA3685B1BA36063688D
:108D00002B446360237B01363BB9A368002BF0D171
:108D1000A068003818BF012070BD3046F5F784FC0C
:108D20000028F2D0F4E738B505460C4600F084FC84
:108D3000002D07DBA84205D9401B84428CBF0020D0
:108D4000012038BD0020FCE7F7B51C46164600237D
:108D500082682360A36013690D4601AA694698479B
:108D6000019B5A1E01921BB96FF0150003B0F0BDB4
:108D70000098A26847682168676085B9B31AD0F87F
:108D800000C0634528BF63461A4403FB07112160F6
:108D9000A26002689A4206D808300090E0E76B1A99
:108DA000B3FBF7F3EBE70020E0E713460022FFF701
:108DB000CBBF2DE9F047836886B01B698846914692
:108DC00001A902AA98470024A2462546029BAB426D
:108DD00002D806B0BDE8F087019F07EBC507002663
:108DE0007B6804933A68B2420AEB060302D8013565
:108DF0009A46EBE703940593494603A8C047002829
:108E0000E7D0049B01361C44ECE743685B68D3F869
:108E100010350B600020704743685B6802EA010070
:108E200021EA0201C3F80805C3F80C1500207047B9
:108E300043685B680020C3F80815704743685B68A7
:108E40000020C3F80C15704743685A68D2F80435FF
:108E500021EA03000B40C2F80805C2F80C350020D7
:108E6000704730B543681360057A446804EBC50465
:108E7000A34202D36FF0010030BD5C798C4201D077
:108E80000833F0E70020F7E713B501AA0446FFF71F
:108E9000E8FF002805DB019B226819791868F3F7C1
:108EA00025FD02B010BD10B50022044601211C2092
:108EB000E8F75CFA2046BDE81040F3F755BE10B560
:108EC0000022044601212120E8F750FA2046BDE89F
:108ED0001040F3F749BE10B50022044601212220BC
:108EE000E8F744FA2046BDE81040F3F73DBE70B500
:108EF000044646680D4661B1012918D1B06B0021C6
:108F0000FFF7C2FF002814DB2046BDE87040F3F7EE
:108F10002BBE3046F7F77AF829462069102201F077
:108F2000DBFAB06B0121BDE87040FFF7ADBF6FF019
:108F3000850070BD10B5F4F7CFFE4FF0FF304FF055
:108F4000FF31F4F747F8044620B9D3F781FE044611
:108F5000F4F748F8204610BD38B5038A054673B3C8
:108F6000037EA3B1022B2AD14FF0FF304FF0FF3127
:108F7000F4F730F8044640B9E868DFF7C1FB04466F
:108F8000F4F730F8B4B1F4F75BF9204638BD4FF090
:108F9000FF304FF0FF31F4F71DF804460028F4D1FC
:108FA000E868F4F7C9F90446F4F71CF8002CECD192
:108FB000F4F746F92846F2F7D1FC0024E5E76FF014
:108FC0001504E2E7F4F744B910B530220446002155
:108FD00001F082FA202323708023A3706FF03F03F7
:108FE00063710423A3722823A3730223E37304236E
:108FF000A3756FF0080363766FF03C03A3766FF000
:109000000C03E3767E232377302384F820306FF03F
:109010003F0384F821307F2384F822306FF001036E
:1090200084F82330012384F82430802384F8263008
:10903000042384F8273084F82930402384F82D3025
:1090400010BD002303604360037823F07D0343F0E9
:109050007D030370437823F0410343F041034370E1
:10906000704730B58DB00C46014668461546F4F79A
:10907000AFFC214604A8F4F7ABFC4FF0FF304FF0F3
:10908000FF31F3F7A7FF044660B908AA04A96846B0
:10909000DFF758F90446F3F7A5FF1CB908A92846DD
:1090A000F4F796FC20460DB030BD0021F4F736BE33
:1090B00090F84010012901D8F4F730BE1220704713
:1090C000684620F007018D4601B5DCF70BF9E7F79C
:1090D000CFFDBDE8014085467047684620F0070196
:1090E0008D4601B5DCF7B6F8BDE80140854670470E
:1090F000684620F007018D4601B5DBF763FAE7F714
:10910000B7FDBDE801408546704708B5E2F7F1FCC0
:10911000002008BD2DE9F74388461546074678B379
:1091200072B3D0F80090B9F1000F29D00024264680
:10913000BB68A34204D82E60002003B0BDE8F083D2
:10914000B4B9012B14BF8021C0212B689B1B019354
:1091500059F82400B8F1000F10D008EB060201AB5B
:1091600000F020F80028E8D1019B01341E44DFE71D
:10917000611CCB1A594259418901E6E74246EEE7A4
:109180006FF01500D9E7D0E9012393423FBF026891
:1091900042F82310836801333ABF836000206FF0E8
:1091A0003E0070472DE9F34114461F46054620B99D
:1091B0006FF0150002B0BDE8F0814378027A9E1D81
:1091C000164403B1013644B92B78002B35D10194F4
:1091D000019B33443B600020ECE78B06E8D13B6801
:1091E000B34237D321702B78194321702B7A6370E7
:1091F0006B7804F10208D3B906342A7AE96820466C
:1092000001F042F92B7A6A781C442AB12046696839
:1092100001F03AF96B781C443B689B1B01932B7857
:1092200063B90193019B1BBAC8F80030D0E741F045
:109230000801A37104F8071BDFE7A0462B69002B88
:10924000B6D0686901AA214698470028B2D1002CFF
:10925000E8D1BDE76FF03E00ACE738B504461546EF
:109260004268084629B12B68934206D3216801F071
:109270000BF963682B60002038BD6FF03E00FBE700
:1092800038B5044615460289084649B12B689A420A
:109290000BD2237800F8013B2289616801F0F4F8D1
:1092A000238901332B60002038BD6FF00B00FBE7F2
:1092B0000020F6F7E7BA684620F007018D4601B5B1
:1092C000F6F784FBE7F7D4FCBDE80140854670471C
:1092D0007047DBF7A1BA08B5DEF7B8FB30B1EFF3A2
:1092E00005800338032894BF0020012008BD704783
:1092F0008068183820F0070010387047042809D01B
:10930000052803D1481E18BF01207047431A584250
:10931000584170470120704738B515460C4661B179
:109320005AB1FCF7BDFD2544214611F8013B8342AB
:1093300003D1A942F9D1012038BD0020FCE738B59E
:109340000C460123114622460546FCF762FD002823
:109350000FDB012221462846FFF7DEFF38B92378CC
:10936000012B14BF022301232370002038BD0323E7
:10937000FAE70120FAE72DE9F7431D4606460F46B6
:109380009046FCF784FD6C1E044440420440082CC7
:109390001BD83046FCF784FD082381462A46414607
:1093A000684600F0E5FF621B49460DEB050001F041
:1093B00093F823466A4639463046FCF73FFD0038AD
:1093C00018BF012003B0BDE8F0834FF0FF30F9E78C
:1093D00007B501238DF8042001AAFFF7CCFF03B0E5
:1093E0005DF804FB81681839012221F00701FFF7BD
:1093F000EFBF8268183A22F00702FFF7A0BF13B54B
:109400000C46C0B201A9E6F74DFF50B921460198BC
:10941000F5F740F904460198FCF7FAFC204602B043
:1094200010BD0124FAE70E2A13B5044601D9E8F766
:109430000DFA0E29FBD841EA02118DF80710FFF74B
:1094400057FF012301460DF107022046FFF793FF66
:1094500002B010BDF7B50D1E69460CBF17462F466A
:109460000446F5F717F978B99DF80060022E22D06E
:10947000032E0BD0012E26D135B19DF80330032BDE
:1094800002D12046FFF7AEFF03B0F0BD002DFBD1A7
:109490002046F5F7DDF80028F6D157B12046FFF752
:1094A000A1FF0028F0D1002231462046FFF7BBFF84
:1094B000EAE70226F7E745B90146A2682046FCF72D
:1094C000D2FC0320E0E7E8F7C1F90420DCE74FF025
:1094D0008053D3F83001421C04BF4FF0704393F81F
:1094E000E00F831F5842584170470047430903BFAC
:1094F0004FF0FF3323FA00F000F001000020704726
:109500002DE9F341019001A8DDE908580C46174602
:109510001E46F5F731FB019B391E18BF012100EBF8
:109520008300231E18BF0123002E43EA410314BF0A
:109530000C210021002D43EA010314BF4FF4E06128
:109540000021B8F1000F43EA0103D0F8002714BF4F
:109550004FF4403100210B4322EA030304B1247885
:109560000FB13F787F001C430EB13678B6003C4304
:109570008DB1297809023443B8F1000F03D098F86F
:1095800000804FEA0848214341EA0801C0F800176B
:1095900002B0BDE8F0812946EDE71FB50DF10F03DC
:1095A000019300238DF80F1000931A461946FFF718
:1095B000A7FF05B05DF804FB024611F0010007D0DB
:1095C0004FF0A041D1F820351360C1F8203503B920
:1095D0000020704708B50246F5F72AFB10B1104687
:1095E000F5F730FB00F0010008BDF5F7CBBBF5F750
:1095F000A1BBA1F58072920801239340034206D0DB
:1096000001F1804101F5A04100230B600B68704718
:10961000034608464FF080510A6949694A4393421C
:1096200008D340B1A3F11023B3F5047F2CBF002071
:1096300001207047012070474FF080531A69586924
:10964000504370474FF08053186970474FF0805374
:109650005869704730B5A2F58075AD080124AC405B
:109660000C4207D0815829B10021815082581A68D4
:1096700022431A6030BD13B500230C4601934FF40A
:10968000887201ABFFF7E6FF21464FF48A72FFF7BD
:10969000E1FF21464FF48E72FFF7DCFF21464FF4C5
:1096A0008272FFF7D7FF21464FF48472FFF7D2FF93
:1096B00021464FF48672FFF7CDFF4FF48C7221469E
:1096C000FFF7C8FF019802B010BD70B50C46B2217B
:1096D0000646FFF7D0FFC206054607D523695B079C
:1096E00004D5636813B1A16801209847A80607D57F
:1096F0002369190704D5636813B1A168022098474C
:109700002A0607D5236913F0100003D163680BB153
:10971000A1689847AB070BD50023C6F80035012395
:109720002373636823B1A1680320BDE87040184724
:1097300070BD10B50368D3F810250C0FC2F12003DB
:109740000901A2F12000D14004FA03F3194324FADD
:1097500000F0084310BDF6F723BF08B5FFF7FBFF85
:10976000002008BD30B5026A0346D2E901408442B8
:109770004FF0000002D30123D36030BD187450684D
:1097800001305060186A4268541E0268242505FBA7
:10979000042218465C1950F8045B42F8045BA042AE
:1097A000F9D199600120E8E7F0B5064604460F4676
:1097B00094460FCE8BB001AD0FC50FCE0FC5216AF9
:1097C00033684A682B602068A56822B90223CB6001
:1097D00000200BB0F0BDFB0713D50B682426013A1F
:1097E00006FB02337E0703D41A7C0AB10F23EEE78F
:1097F000224603F1240153F8046B42F8046B8B42B8
:10980000F9D1B90741BF226A536803F1FF335360AE
:10981000AC4505D2236A002BDAD00422DA60D7E700
:109820007A0748BF20603B0701D40120D1E706AB8F
:1098300093E80700143484E80700F6E710B50260E7
:109840001A44029B836001294FF00003C260037435
:109850000375836101D8036210BD24224A43243A70
:10986000841804628350026A8C1E9460026A5360FA
:10987000026AD360026A022913741EBF036A24308D
:109880001860E9E7182871F100030ED3B0F5807F66
:1098900071F100030BD3B0F5803F71F1000308D3E1
:1098A000002914BF092005207047012070470220BD
:1098B00070470320704737B508294FF000044FF078
:1098C0000005CDE900450A460AD80146684600F081
:1098D000DBFDDDE9000103B0BDE83040FFF7D2BF9A
:1098E000002003B030BD03460020884200D17047FD
:1098F0001A5C002AFBD00130F7E700B1C160704765
:1099000043680360836801338360006AFFF7F5BF33
:1099100008B50268C3689A4205D3006A0821FFF7B8
:10992000ECFF002008BD0120FCE738B504460D46D9
:10993000FFF7EEFF40B123681B78B5EB531F04D04F
:10994000206A0A21FFF7D9FF002038BD10B5044670
:10995000FFF7DEFF38B123681A78FF2A05D0206AA6
:109960000A21FFF7CAFF002010BD01332360FBE787
:1099700010B5027D044632B1FFF7E8FF48B100237D
:1099800023754FF0FF3220460721BDE81040FFF756
:109990000BBF10BD531E072B2DE9F04704460E46A2
:1099A000914604D90E21206AFFF7A7FF05E00029A0
:1099B000F8D0FFF7ADFF074618B900273846BDE8D5
:1099C000F087A3680BB90321EDE7236893F80080C3
:1099D00008F01F08B8F1170F0CD9A8F11802D1B27E
:1099E000032905D801259540A94504D20521DAE7C8
:1099F0000721D8E70025E26805F1010A53449A429D
:109A000001D20821CFE74A460021304600F064FD2C
:109A10004DB986F800802368636053442360A368CF
:109A2000013BA360CAE72368013E1D4415F80129E4
:109A300006F8012FAB42F9D1EDE738B50D461146D6
:109A40000446FFF772FF80B10422A9182046FFF7F1
:109A5000A1FF50B122682A60E3689B1A6A689A42A3
:109A600004D908212046FFF74BFF002038BD38B548
:109A700004460D46FFF7E1FF18B123686A681344F6
:109A8000236038BD37B50446FFF74FFF054670B178
:109A90002268137803F01F031F2B1BD16FF00F03F5
:109AA0000193A36833B9206A0321FFF726FF002042
:109AB00003B030BD511CC4E90012013BA360019901
:109AC0002046FFF74FFE78B963682360A36801332F
:109AD000A360ECE704220DEB02012046FFF75AFFDA
:109AE0000028E4D00025EAE72575E1E770B50D46CA
:109AF000002104461646FFF718FF30B132462946CA
:109B00002046BDE87040FFF745BF70BD0422FFF757
:109B1000EDBFFFF7FBBF0222FFF7A9BF0322FFF74C
:109B2000A6BF10B505210446FFF7ACFF50B1237D59
:109B30004BB9A3686FF00042934205D3052120463C
:109B4000FFF7DEFE002010BD5B00A360FBE7037D96
:109B500023B98068B0FA80F0400970470368C26892
:109B6000934205D21878A0F1FF035842584170473C
:109B700000207047FFF7FCBE38B50D4607210446AC
:109B8000FFF7D3FE48B123681B7803F01F03182B9F
:109B900005D9206A0A21FFF7B0FE002038BD29460A
:109BA00020460122BDE83840FFF7F4BE37B50C4629
:109BB0000DF107010546FFF7DFFF58B19DF80730AB
:109BC000143BDBB2012B8DF8073006D90A21284659
:109BD000FFF796FE002003B030BD03F001032370B1
:109BE000F9E738B50D4606210446FFF79EFE08B991
:109BF000002038BD042229462046FFF7CBFE00286E
:109C0000F6D0A3680133A360F3E7F0B504468FB044
:109C100021B10E21206AFFF770FE03E0FFF778FE06
:109C2000064618B9002630460FB0F0BD2368002064
:109C300000211B78CDE902015D09224603F01F03D4
:109C400005AF04F1200E10685168BC46ACE8030073
:109C5000083272456746F6D11068CCF80000062D30
:109C600022D01F2B31D12B1F012B3ED908220DEB07
:109C7000020105A8FFF78EFE0028D3D0042D0DD8D1
:109C8000023D012D0AD8059B089A0299D21AD017D5
:109C90008A42039A904111D30B440593059B23609C
:109CA000A368013BA360BEE701A905A8FFF799FFE0
:109CB0000028B7D0059B089A934201D30821A9E751
:109CC0001B785D0903F01F03C9E708220DEB0201B1
:109CD00005A8FFF75FFE0028A4D0042D32D0CFD90D
:109CE000052DDBD10022154603E0042D32461FD09E
:109CF0000125DDE90231B3F1004F71F1000001D31C
:109D0000052187E7DB184941CDE9023185B9029B7E
:109D100007938DF8282005A8FFF719FF0146A0B189
:109D2000002DBBD005A8FFF711FE0028B6D179E7BA
:109D3000059B6FF00F0001330021CDE9020105936F
:109D40000125E4E700221546E1E705A8FFF75DFFDE
:109D50000028E0D166E7FFF771BD00B1C160704730
:109D600010B50368C468A34205D30821006AFFF751
:109D7000F4FF002010BD1F2A01D90E21F6E75C1C5C
:109D800042EA411204601A700120F3E770B50546FB
:109D90000E46104619461446FFF78DFD2246431E17
:109DA00031462846BDE87040F6F72EBCF8B5174698
:109DB000C36802689A4204460D4606D3206A082109
:109DC000FFF7CBFF00263046F8BD9B1A4A689A423F
:109DD000F4D80E4656F8043B53B104213046FFF741
:109DE0006AFD6A6823681344E26803449A42E5D333
:109DF0003246042339462046FFF7C8FF06460028AE
:109E0000E0D020682968884202D06A6800F04AFBE6
:109E100023686A6813442360D5E7082A73B513469C
:109E20000C4606D90521006AFFF797FF002002B013
:109E300070BD8E1816F9012C002A0EDA0A46694602
:109E40000C46B24203D101214BB90E21EBE712F8C7
:109E5000015BED4301F8015BF3E70021F4E72246E3
:109E6000FFF794FFE3E710B513462AB10A46BDE8B1
:109E700010400021FFF78ABF006A0E21FFF76DFF37
:109E8000104610BD07B5042201910DEB0201FFF74A
:109E9000C4FF03B05DF804FB07B5042201910DEB8C
:109EA0000201FFF7E0FF03B05DF804FBFFF7F4BF2A
:109EB0000222FFF77BBF0322FFF778BF07B5CDE98A
:109EC00000126946FFF7F7FF03B05DF804FB38B5F1
:109ED0000C46054611462046FFF705FD2146024681
:109EE0002846BDE83840FFF7E9BF1F220421FFF7ED
:109EF00037BF1F220521FFF733BF1F220721FFF7BE
:109F00002FBFFFF7FABF07B501238DF807100DF13A
:109F100007020721FFF73AFF03B05DF804FB143195
:109F2000C9B2FFF7F0BF1FB50024CDE90144069C7C
:109F30000094FFF783FC04B010BD08B1E7F7BCBC88
:109F4000704740B1C368587810F001001EBF187800
:109F5000B0FA80F04009704700F0BEBA00F094BA41
:109F600010B400F10C04C0E9034410BCE5F70EBACC
:109F7000C2688369134313F003030CD10361416981
:109F8000994201D80020704701691160816902611E
:109F900001330A44F3E76FF015007047EFF30580D3
:109FA000003818BF012070476FF05700704700203D
:109FB0007047F8F73BB990F90E308B4201D0F8F7B3
:109FC000A9BB0020704703460020C3E90200C3E993
:109FD0000033704710B5044630B10268930703D0D0
:109FE000446809B100F0B9F9204610BD0023C0E96A
:109FF0000033836000F10C03C0E9033300F1140364
:10A00000C0E90533704707B50123009300230A46D2
:10A010001946F7F7DFF803B05DF804FB07B5002336
:10A020000A4600931946F7F7D5F803B05DF804FB2C
:10A0300000680021FFF7CEBF5AB18A4209D300F170
:10A040001003C0E90212C0E90000C0E90433002097
:10A0500070476FF015007047026801238B4022EAB9
:10A060000303036022FA01F000F00100704710B50D
:10A07000032104460C30FFF7EFFF30B104F110006C
:10A08000F9F79EF8B0FA80F0400910BD20B1002227
:10A0900011468830F8F72CBF704770B5C368C3F31A
:10A0A00040069B07044616D4856802210C30FFF752
:10A0B000D3FF80B1D5F880206AB194421DD12268C7
:10A0C0009EB9D5F88430C5F880209C4201D1C5F8EE
:10A0D000842000232360E36813F00F001EBF43F0C9
:10A0E0000203E36040F0020070BD3260D5F88420C6
:10A0F000944208BFC5F88460EBE716461268DBE7B8
:10A1000010B5F7F737FC041E09DD4FF04003EFF3FD
:10A11000118083F31288BFF36F8F00F00DF8204693
:10A1200010BDF7F7F1BB90F90E3091F90E008342A4
:10A1300014BFC01A00207047034620B9EFF3058210
:10A140000AB9E7F789B883F31188BFF36F8F7047B7
:10A150004FF04003EFF3118083F31288BFF36F8F4A
:10A16000FFF7EABF01211838F8F7ACBB38B5054650
:10A1700000202C68A54200D004B938BD2046F8F76D
:10A1800065FB2046F7F7ACFF0120F2E708B5F9F7C9
:10A19000F1F808BDF9F7EEB8B3F1FF3F08BFB2F12F
:10A1A000FF3F70B504461D46164613D01A4315D01E
:10A1B0006FF00102921B4FF0FF3363EB05010029A2
:10A1C00004DAF9F7D7F8821941EB0501C4E9002157
:10A1D000204670BD4FF0FF321146F7E70022FBE743
:10A1E000B3F1FF3F08BFB2F1FF3FF8B5074616468F
:10A1F0001C4610D054EA020311D0F9F7BBF8B04264
:10A200000A46A14103460AD2F31A64EB0204C7E9E5
:10A2100000343846F8BD4FF0FF331C46F7E7002303
:10A22000FBE710B50446F8F7CBFFB0B9636A0BB192
:10A230002046984704F11800F8F78CFB68B1F7F74F
:10A240004FFF4FF04003EFF3118083F31288BFF309
:10A250006F8FBDE81040FFF76FBF10BDF8B50D461A
:10A26000D0E900138842044605D16368C5E900437C
:10A270001D6065601DE0002BF7D0986800B1603864
:10A28000A2F160073946FFF74EFF0028EDDC266893
:10A29000B442EAD0002EE8D0B16801B16039384646
:10A2A000FFF741FF002805DD7368C5E900631D6005
:10A2B0007560F8BD63689E42D7D03668EAE72DE93D
:10A2C000F041846805460E46ECB16378012B25D138
:10A2D00014F8533C9A0714D5A4F160073846F8F7F0
:10A2E000B5FA082E0CBF6FF003030023E36114F8E6
:10A2F000533CDB0605D154F8483C13B93846F7F710
:10A30000EFFE00232370EB68C3F386321643002070
:10A3100066F39433A860EB60BDE8F081022BF0D1C6
:10A320002378002BEDD054F8048CB8F1000FE8D05E
:10A3300004F11400F8F744FFA4F114070023E362CA
:10A3400039464046F7F716FBDBE70023C0E900007B
:10A350008360704700238360704720B1011F50F86D
:10A36000040CF6F79DBB704701460420F9F736BC94
:10A370009A4208B501D9E7F779FA814204D88B18D7
:10A380009842F8D3814202D183189942F3D3BDE8B1
:10A39000084000F079B810B501390244904201D16B
:10A3A000002005E0037811F8014FA34201D0181BEB
:10A3B00010BD0130F2E710B56AB10139841810F808
:10A3C000012B11F8013F9A4203D1A04201D0002A8B
:10A3D000F5D1D01A10BD1046FCE7F0B5C3F1370730
:10A3E0000446FFB203F01F031046082BE6B233D039
:10A3F000102B3ED06508A40844EA817445EAC17573
:10A400002D194FEA910242EB5102290941EA0271EA
:10A410006D1842EB1212290A41EA02616D1842EBF3
:10A420001222290C41EA02416D1842EB1242AD188A
:10A4300042F10002EC0844EA4274D10804EB8402C1
:10A44000A6EB4205EDB2092D0CD90134A5F10A05A0
:10A4500041F10001EDB212E0E40844EA417406F073
:10A460000705C908303554EA010200F8015BBCD188
:10A47000F0BD240944EA017406F00F050909092D0D
:10A4800084BFED19EDB2EDE70A44914200F1FF33CC
:10A4900000D1704710B511F8014B03F8014F9142FC
:10A4A000F9D110BD884210B501EB020402D98442F3
:10A4B000234607D8431EA14208D011F8012B03F808
:10A4C000012FF8E7024401468A4200D110BD13F87B
:10A4D000014D02F8014DF7E702440346934200D1D3
:10A4E000704703F8011BF9E7D1E9043293421EBF1C
:10A4F0005A1C0A61187070470148006870470000D4
:10A50000B8300020A0DBFD7F01000000A918020088
:10A5100000000000B9BC0200C4A503005B97030063
:10A52000000000005909030000000000250B030093
:10A530000000000065C50200DCA50300C9DD0200C3
:10A54000000000000B91030000000000BD8C030020
:10A550000CA60300A1C10200F4A50300C5CE0200B1
:10A5600000000000B92E0200000000008518020063
:10A570000000000065DE020000000000411503003D
:10A5800000000000A78E03006CA60300BF8E03002E
:10A5900054A60300D78E03003CA60300F9C20200B4
:10A5A00024A60300C53202000000000005D102000D
:10A5B00000000000D118020000000000E92902009C
:10A5C000000000008BEB030084B403009CB4030084
:10A5D0007008002034350020000000002DED03003D
:10A5E000E4B40300FCB40300780800200436002023
:10A5F00000000000E6EB030000000000B8B4030018
:10A60000720800209035002000000000F6EB0300E7
:10A6100000000000C0B40300740800200000000027
:10A62000000000006EEC030000000000C8B403004E
:10A63000760800200000000000000000CBED0300C1
:10A6400020B5030088B603007A08002010360020E9
:10A650000C060020D8ED030098B5030088B603006F
:10A660007C080020203600201C060020E5ED0300B9
:10A6700010B6030088B603007E08002030360020A4
:10A680002C060020D3920300EB940300000000008E
:10A690006366030000000000636603000000000022
:10A6A0006366030000000000636603000000000012
:10A6B0006366030021F20200EB9403000000000037
:10A6C00063660300000000006366030000000000F2
:10A6D00063660300000000006366030000000000E2
:10A6E00063660300000000006366030090350020ED
:10A6F00035C2020000000000636603000000000095
:10A7000063660300000000006366030000000000B1
:10A71000ADCC0200000000006366030000000000F2
:10A720006366030000000000636603000000000091
:10A730006366030000000000636603000000000081
:10A740006366030015020300EB94030000000000A1
:10A75000B9DD020000000000636603000000000095
:10A76000390503006D020300EB94030000000000B4
:10A770006366030000000000636603000000000041
:10A780006366030000000000636603007D020300AF
:10A79000EB9403008D020300EB9403000000000023
:10A7A0006366030000000000636603000000000011
:10A7B00063660300000000006366030005000000FC
:10A7C000556802000000000006000000E998020041
:10A7D0000000000004000000AD6F02000000000057
:10A7E000CDC80100CDCA010000000000000000003B
:10A7F000000000000000000000000000D12D020059
:10A80000492C0200000000000000000000000000D1
:10A810000000000000000000A0B2030008000000DB
:10A8200040B3030007000000DCAE03000600000098
:10A8300064AE03000600000023BE03000300000016
:10A84000A0D7030003000000EEDF030003000000B8
:10A850008EDB030003000000DEEA030003000000BB
:10A86000B5CB03000300000082D803000300000002
:10A87000BDE403000300000052D403000300000005
:10A88000FDD603000300000094EA0300030000006B
:10A8900037DD03000300000093BE03000300000047
:10A8A0008CBE0300030000001FCA03000300000069
:10A8B0000FF003000300000085F003000300000018
:10A8C000FDEF03000300000060CB03000300000065
:10A8D000A0E903000300000050BA030003000000D9
:10A8E000A6EB030003000000FBED030003000000E3
:10A8F00025EE03000300000088EC030003000000C5
:10A900008AF303000300000094BC0300030000006E
:10A9100064F403000300000046C8030003000000C5
:10A9200086C80300030000004FC9030003000000B5
:10A93000F8C8030003000000E1F00300030000007A
:10A9400088C40300030000000CEB030003000000B8
:10A950003FEB03000300000072F10300030000005E
:10A960004DF703000300000020BA030003000000BD
:10A97000C8BC030003000000F2ED03000300000068
:10A9800063CB03000300000094C503000300000034
:10A990005DCB030000000000912F0200193202007D
:10A9A000000000005DE30300000000001B7F0300C7
:10A9B0000000000000000000B1E4030000000000FF
:10A9C0008D8302000000000000000000A9E40300E5
:10A9D00000000000F97C0200318B02000000000042
:10A9E0008CEA030000000000DDB20200D9B00200D2
:10A9F00000000000B7E4030000000000E98002004E
:10AA00003583020000000000D5230200D127020098
:10AA10002D2E02005D290200FFFFFFFFFFFFFFFF59
:10AA20000000000001000000A0000000F000000095
:10AA30000000000000000000000000010000000213
:10AA400000000004000000080000001000000020CA
:10AA500000000040000000800000001B00000036E5
:10AA60005BD3030060D3030064D3030068D3030007
:10AA70006CD3030070D3030074D3030078D30300B6
:10AA80007CD3030080D3030084D3030088D3030066
:10AA90008CD3030090D3030040420F000000070056
:10AAA00000000000A301B103BF05EF024906A3099E
:10AAB000C505F50B25120E021C045A03B406300618
:10AAC000600C0000F401FA00960064004B003200B4
:10AAD0001E0014000A000500020001000000000032
:10AAE000141E0000301100000100010000010100EF
:10AAF00000010001000001000100000001000B0046
:10AB000002000A00050009000A00080014000700FE
:10AB10001E000600320005004B0004006400030024
:10AB200096000200FA000100F4010000060C060C79
:10AB30000622060C0802170D01010209090101068F
:10AB4000020918180301010909030305030201237F
:10AB50000202240910040405050B0B040B2B000052
:10AB60000100000010110040000000000000000083
:10AB700000000000000000000406080A0C0E10127D
:10AB80001416181C1E20222426282A2C2E3032347B
:10AB900036383A3C3E40424446484A4C4E021A50EF
:10ABA0000000000028000000180000000000000065
:10ABB000141E00003011000000002CA6E0A10000CF
:10ABC0000000000070170000A00F00000000DC056E
:10ABD000E803000000000000141E00003011000017
:10ABE000D8ECF0F4F8FC00020304050607080000A6
:10ABF0000000000000000000000000000000000055
:10AC00000000010101010202020203030303040424
:10AC100004040505050506060608090000000000F5
:10AC20000000000000000000000000000000000123
:10AC300001010102020202030303030404040405E8
:10AC400005050506060708090A0B0C0D0709090288
:10AC5000030700100200FA000000000019C2010002
:10AC600025C2010029C2010031C2010035C2010024
:10AC70000600090000002A001800280000002A0031
:10AC80001800280000002A0001030062746C6500AF
:10AC900000000000000000000000000000000000B4
:10ACA00000000000000000000000000000000000A4
:10ACB0000000000000000000000000000001000093
:10ACC0000338FDD87047000007100000740700200B
:10ACD0000101000084070020091400000BBA0300E2
:10ACE000010000000100000004000000040000005A
:10ACF0000700000000000000020000000300000048
:10AD00000500000006000000000000000100000037
:10AD10000200000003000000040000003CA6030045
:10AD200003000000002D31010000000054A60300C4
:10AD300003000000002D3101000000006CA603009C
:10AD400003000000002D3101000000003CA60300BC
:10AD500002000000002D31010000000054A6030095
:10AD600002000000002D3101000000006CA603006D
:10AD700002000000002D3101000000003CA603008D
:10AD800001000000002D31010000000054A6030066
:10AD900001000000002D3101000000006CA603003E
:10ADA00001000000002D3101000000003CA603005E
:10ADB00000000000002D31010000000054A6030037
:10ADC00000000000002D3101000000006CA603000F
:10ADD00000000000002D310100000000DCA5030090
:10ADE0000C000000DCA5030008000000DCA5030047
:10ADF0000B000000DCA503001F000000DCA5030021
:10AE000004000000DCA503001E000000DCA5030018
:10AE100013001100DCA5030003001100DCA50300F2
:10AE200000001100DCA503001D000100DCA50300EB
:10AE30001B000100DCA5030005000100DCA50300E8
:10AE400002000100DCA5030019000100DCA50300DD
:10AE50001C000100DCA503001A000100DCA50300B2
:10AE600001000000F80600208981030000000000B6
:10AE7000E707002000000100F4060020B182030073
:10AE8000000000000C04002000000100C5070020A5
:10AE900000000000000000000000000000000100B1
:10AEA000F00600205B810300A5850200F40300206A
:10AEB00000000300EC060020B18203000000000047
:10AEC000EC03002000000100A307002000000000A8
:10AED000BD09020000000000000003000807002078
:10AEE00089810300000000003C08002000000100F0
:10AEF00004070020B1820300000000003404002099
:10AF0000000001001A080020950A0200000000005D
:10AF1000CA3A002000000100000700205B81030006
:10AF2000A58502001C04002000000300FC06002090
:10AF3000B1820300000000001404002000000100A2
:10AF4000F807002000000000590A0200000000007D
:10AF500000000200070000000000000000000000E8
:10AF600000C0000024A603000100000000C0000093
:10AF70000002000024A603000200000000C0000040
:10AF80000090030024A603000300000000C200009C
:10AF9000008E030024A603000400000000C200008D
:10AFA000008E030024A603000500000000500400EA
:10AFB0000090030024A603000600000000E0070044
:10AFC0000020000024A60300000000200000000074
:10AFD00000000B0602000000DCAF030000000000D0
:10AFE00035C5030024000202000000203DC5030017
:10AFF0001E000B11BD2002008D2202000000000087
:10B00000F125020000000000000000000000000028
:10B010000000000000000000000000000000000030
:10B0200075250200D5280200D52802000000000086
:10B030000000000000000000000000000000000010
:10B040000000000000000000000000000000000000
:10B05000392902008D2802000000000000000000D5
:10B0600000000000DD2702000000000000000000DA
:10B07000692902006CB403007CB00300AB09000036
:10B08000D096002044C90300000000006CB4030007
:10B0900094B0030004010000FCBD00206CB4030068
:10B0A000A4B003002D00000064C900206CB40300AC
:10B0B000B4B00300070000004CCA002094D3030082
:10B0C000B2D30300CDD30300DDD30300EAD30300E2
:10B0D000F3D30300FAD3030001D4030008D4030020
:10B0E00010D40300EAD3030018D403002AD40300C9
:10B0F0003FD403000E030000F53802000F040000E7
:10B10000C93802001A0100006D3402000504000075
:10B110007D340200130100003D390200FF010000F0
:10B120001B6D03003E0100005537020005040000BE
:10B13000BD34020008040000854002003003000016
:10B140000540020010010000553502000112000008
:10B15000913F02000A1E00004D6E0300030900002B
:10B16000453A0200040B000075370200060A000091
:10B17000A9420200070A0000293502000C05000060
:10B18000FD340200050C0000B1410200084100003E
:10B19000F9560200092100007D5702006CB403003B
:10B1A000A4B103004600000074CA00201DDB0300A8
:10B1B0002ADB03003EDB03004EDB03005EDB030003
:10B1C0006DDB030083DB030020DB030080DB030077
:10B1D0006CB40300D8B10300FF00000040CB002096
:10B1E0006CB40300E8B103000401000080CD00202E
:10B1F000D5740300D77403000000000000000000B5
:10B20000000000007D690200000000000000000056
:10B2100000000000000000008B7C0300CB7C0300DA
:10B220000F7D03008B7C0300F17C0300CB7C0300CB
:10B23000020201005D7D030004040100F5780200B4
:10B240000606010029780200080401006177020067
:10B250000A020100457D03000C0401002D7D03005E
:10B260000E0401001D760200200401007575020025
:10B27000100401007974020012020100317C030005
:10B280001604010013760300180101006B79030016
:10B290001E000400FB7D030052020000577C0300E7
:10B2A00044070020898103000000000040070020BF
:10B2B000000001003C070020B182030000000000F4
:10B2C000CC05002000000100340700200000000031
:10B2D0000000000000000000000000003007002017
:10B2E0005B810300A5850200D40500200000030057
:10B2F0002C070020B182030000000000C4050020DC
:10B300000000010024070020C181030055800200D5
:10B31000000000000000030020070020B1820300AD
:10B3200000000000BC0500200000010018070020FC
:10B33000418A02000000000000000000000001003F
:10B340007007002089810300000000006C070020C6
:10B350000000010068070020B18203000000000027
:10B36000FC0500200000010060070020F1810300BF
:10B370000000000000000000000001005C07002049
:10B38000B182030000000000F4050020000001006D
:10B39000540700201B820300000000000000000092
:10B3A0000000010050070020B182030000000000EF
:10B3B000EC05002000000100480700207182020017
:10B3C000000000000000000000000100999E020043
:10B3D000038A03002DAC0200000000000000000002
:10B3E0009DA8020000000000000000000000000016
:10B3F000000000000000000000000000DDA10200CD
:10B4000006000000BF84030006000000ED9E02005D
:10B4100010000000699F020010000000D5AB020080
:10B4200001000000399A02001000000051AB020038
:10B430000A000000D999020010000000C1A9020012
:10B440000700000079860300100000004385030018
:10B4500001000000759C0200400000001D860300F2
:10B46000100000006385030001000000F9B5020030
:10B4700000000000B18B0300ADBB020091BC0200D4
:10B480000000000099BD02005DBE02009AEB0300BF
:10B4900039BE0200AB8C0300A0EB0300FDBD02002F
:10B4A000B78C0300918C030000000000E9BB020090
:10B4B000000000000000000029C1020055C0020089
:10B4C000C18C030000000000C1C2020049C4020098
:10B4D00025C30200B9C20200A9C202000400000094
:10B4E000FF000000FFFFFFFF000000500000000011
:10B4F00000000000006000400000000021C70200C2
:10B500000B8E0300198E0300318E03003D8E030065
:10B51000498E0300E5C50200E5C4020000000000FA
:10B5200000200240020000000000000000000000B7
:10B530000000000000000000000000000004000007
:10B54000E80302010101000014360020040000009D
:10B5500000000000000000005CB503000020024075
:10B5600068B503000200000088B503000400000075
:10B5700078B5030004010000912116008D21170009
:10B580009721180086211900910116008D011700DE
:10B590009701180086011900001002400100000008
:10B5A000000000000000000000000000000000009B
:10B5B0000000000000040000E80302010101000097
:10B5C00024360020040000000000000000000000FD
:10B5D000D4B5030000100240E0B5030002000000F3
:10B5E00000B6030004000000F0B5030004010000F1
:10B5F000902116008E21170096211800872119002E
:10B60000900116008E01170096011800870119009D
:10B6100000C0014000000000000000000000000029
:10B620000000000000000000000000000004000016
:10B63000E80302010101000034360020040000008C
:10B6400000000000000000004CB6030000C00140F4
:10B6500058B603000200000078B6030004000000A2
:10B6600068B6030004010000922116008F21170024
:10B670009421180098211900920116008F011700DB
:10B68000940118009801190015CA0200CDC90200E2
:10B69000E7EF0300000000000000000025D00200DA
:10B6A000358F0300598F03000200000005000000E1
:10B6B000FEF603000CF7030020F703002FF703004A
:10B6C0003BF703000CA503000CA503005CA50300D9
:10B6D0006CA50300B4A50300C4A50300512563FCB9
:10B6E000C2CAB9F3849E17A7ADFAE6BCFFFFFFFFFD
:10B6F000FFFFFFFF00000000FFFFFFFFAAAAAAAAAA
:10B70000AAAAAAAAAAAAAAAA555555555555555541
:10B71000555555550000000055555555522563FCAB
:10B72000C2CAB9F3849E17A7ADFAE6BCFFFFFFFFBC
:10B73000FFFFFFFF00000000FFFFFFFF512563FC3C
:10B74000C2CAB9F3849E17A7ADFAE6BCFFFFFFFF9C
:10B75000FFFFFFFF00000000FFFFFFFF96C298D829
:10B760004539A1F4A033EB2D817D0377F240A4632A
:10B77000E5E6BCF847422CE1F2D1176BF551BF3733
:10B780006840B6CBCE5E316B5733CE2B169E0F7C06
:10B790004AEBE78E9B7F1AFEE242E34F4B60D227D3
:10B7A0003E3CCE3BF6B053CCB0061D65BC869876C9
:10B7B00055BDEBB3E7933AAAD835C65AFCFFFFFF55
:10B7C000FFFFFFFFFFFFFFFF000000000000000081
:10B7D0000000000001000000FFFFFFFF0001020366
:10B7E0000405060708090000040605040803040907
:10B7F00002050704050803050902030504030902FD
:10B80000000001010102020403020A000201020217
:10B81000090277C295F360D2EF7F3552500F2CB6F4
:10B820007980574553545F544F504449522F7A659D
:10B83000706879722F696E636C7564652F7A6570B4
:10B840006879722F647269766572732F6770696F99
:10B850002E6800415353455254494F4E20464149AA
:10B860004C20402025733A25640A0025633A204382
:10B870006F6E6E656374696F6E206661696C656476
:10B880002028657272202575290A007075626C691E
:10B89000630072616E646F6D007075626C69632D18
:10B8A00069640072616E646F6D2D69640030782583
:10B8B00030327800253032583A253032583A253027
:10B8C00032583A253032583A253032583A253032FB
:10B8D0005820282573290025633A20446973636F33
:10B8E0006E6E65637465643A202573202872656105
:10B8F000736F6E202575290A0025633A205265630F
:10B90000656976656420646174612066726F6D3A62
:10B910002025730A0025633A20426C7565746F6FA9
:10B92000746820696E697469616C697A65640A007B
:10B9300025633A204661696C656420746F20696EE6
:10B94000697469616C697A65205541525420736548
:10B95000727669636520286572723A202564290A27
:10B960000025633A204164766572746973696E6775
:10B97000206661696C656420746F207374617274F1
:10B980002028657272202564290A0043616E6E6F5B
:10B9900074207365747570204E46432054325420D1
:10B9A0006C696272617279210A0043616E6E6F7414
:10B9B00020656E636F6465206D65737361676521D3
:10B9C0000A0043616E6E6F74207365742070617934
:10B9D0006C6F6164210A0043616E6E6F7420737432
:10B9E00061727420656D756C6174696F6E210A00F7
:10B9F000616F72613A2F2F6D61696E2F636F6D2ECB
:10BA0000706869726B732E616F72614F70656E2022
:10BA100053636F7265626F61726420303030300042
:10BA20007065726970686572616C5F7561727400CF
:10BA30003F065B4F666D7D077F67777C585E797147
:10BA400000070E091C1B1215383F363124232A2DFE
:10BA500063627072696E74665F7061636B61676563
:10BA600000574553545F544F504449522F7A6570E4
:10BA70006879722F6C69622F6F732F686561702E01
:10BA80006300574553545F544F504449522F7A65D1
:10BA9000706879722F6C69622F6F732F6F6E6F668B
:10BAA000662E6300574553545F544F504449522FFC
:10BAB0007A65706879722F696E636C7564652F7A28
:10BAC00065706879722F7370696E6C6F636B2E6826
:10BAD00000574553545F544F504449522F7A657074
:10BAE0006879722F6C69622F6F732F6E6F7469663D
:10BAF000792E6300574553545F544F504449522F99
:10BB00007A65706879722F6C69622F6F732F726912
:10BB10006E675F6275666665722E63004661696C6A
:10BB2000656420746F207265626F6F743A20737061
:10BB3000696E6E696E6720656E646C6573736C798F
:10BB40002E2E2E0A0025633A204E5653206E6F7417
:10BB500020696E697469616C697A65640A0025639D
:10BB60003A20436F756C64206E6F74206F6274614D
:10BB7000696E20666C61736820706172616D6574B6
:10BB80006572730A0025633A20556E737570706F85
:10BB90007274656420777269746520626C6F636B80
:10BBA0002073697A650A0025633A20556E61626CDC
:10BBB0006520746F20676574207061676520696E09
:10BBC000666F0A0025633A20496E76616C696420CD
:10BBD000736563746F722073697A650A0025633A2E
:10BBE00020436F6E66696775726174696F6E206558
:10BBF00072726F72202D20736563746F7220636F91
:10BC0000756E740A0025633A2025642053656374B9
:10BC10006F7273206F662025642062797465730AE1
:10BC20000025633A20616C6C6F63207772613A2063
:10BC300025642C2025780A0025633A20646174610C
:10BC4000207772613A2025642C2025780A0025632C
:10BC50003A204E6F20474320446F6E65206D61721D
:10BC60006B657220666F756E643A207265737461DD
:10BC70007274696E672067630A0025633A20474340
:10BC800020446F6E65206D61726B657220666F7502
:10BC90006E640A0066735F6E76730025633A200057
:10BCA000253032782000202020007C0025630045CC
:10BCB0005749446163746976650073757370656E86
:10BCC000646564006F666600706D5F6465766963C5
:10BCD000650025633A204275666665722073697A4D
:10BCE0006520697320626967676572207468616E98
:10BCF00020706167650A0025633A204572726F7291
:10BD0000202564207768696C652067657474696EA6
:10BD100067207061676520696E666F0A0025633A67
:10BD2000204572726F72202564207768696C6520E7
:10BD300065726173696E6720706167650A002563CB
:10BD40003A2073747265616D5F666C6173685F65DC
:10BD5000726173655F70616765206572722025642A
:10BD6000206F66667365743D30782530387A780ABE
:10BD70000025633A20666C6173685F777269746549
:10BD8000206572726F72202564206F666673657419
:10BD90003D30782530387A780A0025633A20666C81
:10BDA0006173682072656164206661696C65643ADC
:10BDB0002025640A0025633A2063616C6C6261632C
:10BDC0006B206661696C65643A2025640A0025630E
:10BDD0003A204275666665722073697A65206973D8
:10BDE000206E6F7420616C69676E656420746F20CB
:10BDF0006D696E696D616C2077726974652D626C16
:10BE00006F636B2D73697A650A0025633A20496E6A
:10BE1000636F727265637420706172616D657465C1
:10BE2000720A0053545245414D5F464C41534800FD
:10BE3000574553545F544F504449522F7A657068A8
:10BE400079722F7375627379732F73657474696E69
:10BE500067732F7372632F73657474696E67732EC3
:10BE6000630025633A207365742D76616C756520D7
:10BE70006661696C7572652E206B65793A20257351
:10BE8000206572726F72282564290A0062745F6EE1
:10BE900075730062745F6C627300637C777BF26B16
:10BEA0006FC53001672BFED7AB76CA82C97DFA59C0
:10BEB00047F0ADD4A2AF9CA472C0B7FD9326363F25
:10BEC000F7CC34A5E5F171D8311504C723C3189612
:10BED000059A071280E2EB27B27509832C1A1B6EB4
:10BEE0005AA0523BD6B329E32F8453D100ED20FC56
:10BEF000B15B6ACBBE394A4C58CFD0EFAAFB434D59
:10BF0000338545F9027F503C9FA851A3408F929DF5
:10BF100038F5BCB6DA2110FFF3D2CD0C13EC5F97E5
:10BF20004417C4A77E3D645D197360814FDC222AEB
:10BF3000908846EEB814DE5E0BDBE0323A0A490622
:10BF4000245CC2D3AC629195E479E7C8376D8DD596
:10BF50004EA96C56F4EA657AAE08BA78252E1CA66E
:10BF6000B4C6E8DD741F4BBD8B8A703EB5664803CE
:10BF7000F60E613557B986C11D9EE1F8981169D951
:10BF80008E949B1E87E9CE5528DF8CA1890DBFE6D4
:10BF9000426841992D0FB054BB1600DDF4D3EADDA1
:10BFA000EAC4F3EAF28E25633A2072302F61313A07
:10BFB0002020307825303878202072312F61323AB5
:10BFC0002020307825303878202072322F61333AA3
:10BFD00020203078253038780A0025633A207233E3
:10BFE0002F61343A20203078253038782072313271
:10BFF0002F69703A2020307825303878207231341B
:10C000002F6C723A20203078253038780A0025636A
:10C010003A2020787073723A2020307825303878B2
:10C020000A0025633A204661756C74696E67206961
:10C030006E737472756374696F6E20616464726587
:10C04000737320287231352F7063293A2030782598
:10C050003038780A0025633A202A2A2A2A2A204DD5
:10C060005055204641554C54202A2A2A2A2A0A0093
:10C0700025633A202020537461636B696E672065E5
:10C0800072726F722028636F6E74657874206172AB
:10C090006561206D69676874206265206E6F742029
:10C0A00076616C6964290A0025633A202020556E68
:10C0B000737461636B696E67206572726F720A00D8
:10C0C00025633A20202044617461204163636573D5
:10C0D000732056696F6C6174696F6E0A0025633A4C
:10C0E0002020204D4D464152204164647265737397
:10C0F0003A20307825780A0025633A202020496EBE
:10C10000737472756374696F6E20416363657373D2
:10C110002056696F6C6174696F6E0A0025633A205E
:10C120002020466C6F6174696E672D706F696E7444
:10C13000206C617A79207374617465207072657304
:10C140006572766174696F6E206572726F720A0033
:10C15000574553545F544F504449522F7A65706885
:10C1600079722F617263682F61726D2F636F7265D0
:10C170002F636F727465785F6D2F6661756C742EB6
:10C18000630025633A202A2A2A2A2A205553414748
:10C1900045204641554C54202A2A2A2A2A0A00259D
:10C1A000633A2020204469766973696F6E20627952
:10C1B000207A65726F0A0025633A202020556E614F
:10C1C0006C69676E6564206D656D6F72792061635F
:10C1D000636573730A0025633A2020204E6F206345
:10C1E0006F70726F636573736F7220696E737472B0
:10C1F000756374696F6E730A0025633A20202049C5
:10C200006C6C6567616C206C6F6164206F662045A3
:10C2100058435F52455455524E20696E746F2050FA
:10C22000430A0025633A202020496C6C6567616CE5
:10C2300020757365206F66207468652045505352E1
:10C240000A0025633A202020417474656D707420C3
:10C25000746F206578656375746520756E646566B6
:10C26000696E656420696E737472756374696F6E4C
:10C270000A0025633A202A2A2A2A2A2042555320D6
:10C280004641554C54202A2A2A2A2A0A0025633A74
:10C29000202020537461636B696E67206572726F32
:10C2A000720A0025633A2020205072656369736525
:10C2B000206461746120627573206572726F720A06
:10C2C0000025633A20202042464152204164647296
:10C2D0006573733A20307825780A0025633A202068
:10C2E00020496D70726563697365206461746120B3
:10C2F000627573206572726F720A0025633A20209E
:10C3000020496E737472756374696F6E2062757301
:10C31000206572726F720A00526573657276656489
:10C3200020457863657074696F6E202800537075BE
:10C3300072696F757320696E74657272757074209E
:10C3400028495251200025633A20535053454C2030
:10C35000696E20746872656164206D6F6465206425
:10C360006F6573206E6F7420696E646963617465B4
:10C37000205053500A0025633A202A2A2A2A2A20CC
:10C3800048415244204641554C54202A2A2A2A2A00
:10C390000A0025633A202020427573206661756C7F
:10C3A00074206F6E20766563746F72207461626CA6
:10C3B0006520726561640A0025633A202020446587
:10C3C000627567206576656E740A0025633A2020E1
:10C3D000204661756C7420657363616C6174696F6C
:10C3E0006E20287365652062656C6F77290A0025C9
:10C3F000633A20415243485F4558434550542077A3
:10C4000069746820726561736F6E2025780A0A006E
:10C4100025633A202A2A2A2A2A2044656275672041
:10C420006D6F6E69746F7220657863657074696F83
:10C430006E202A2A2A2A2A0A0025633A202A2A2A32
:10C440002A2A20257320256429202A2A2A2A2A0A12
:10C4500000574553545F544F504449522F7A6570EA
:10C460006879722F617263682F61726D2F636F72CA
:10C47000652F636F727465785F6D2F6972715F6D80
:10C48000616E6167652E63006D70750025633A20EB
:10C49000506172746974696F6E2025753A207361FA
:10C4A0006E69747920636865636B206661696C6589
:10C4B000642E0A0025633A204661696C6564207425
:10C4C0006F20616C6C6F63617465206E6577204DC1
:10C4D000505520726567696F6E2025750A0A0057EE
:10C4E0004553545F544F504449522F7A65706879D0
:10C4F000722F617263682F61726D2F636F72652F87
:10C500006D70752F61726D5F6D70752E63002563A0
:10C510003A20496E76616C69642061747472696254
:10C5200075746520666F722074686520726567692E
:10C530006F6E0A0A00464C4153485F300053524127
:10C540004D5F3000574553545F544F504449522F6C
:10C550007A65706879722F6C69622F6C6962632FDB
:10C560007069636F6C6962632F6C6962632D686FB9
:10C570006F6B732E63002A20627566666572206F8A
:10C58000766572666C6F7720646574656374656444
:10C59000202A0A00736F6300574553545F544F506D
:10C5A0004449522F7A65706879722F737562737976
:10C5B000732F6D676D742F6D63756D67722F6D6767
:10C5C0006D742F7372632F6D676D742E63007263C9
:10C5D000006572720067726F75700025633A2046BD
:10C5E00061696C656420746F206F70656E20666C85
:10C5F00061736820617265612049442025753A2085
:10C6000025640A0025633A204661696C65642074DC
:10C610006F207265616420646174612066726F6D61
:10C6200020666C61736820617265613A2025640A36
:10C630000025633A204661696C656420746F20654B
:10C640007261736520666C61736820617265613A1E
:10C650002025640A0025633A204661696C656420E0
:10C66000746F207265616420646174612066726F0A
:10C670006D20666C6173683A2025640A0025633A70
:10C680002055706C6F616420746F6F206C617267ED
:10C690006520666F7220736C6F743A202575203E9A
:10C6A0002025750A00736C6F740076657273696F6C
:10C6B0006E003C3F3F3F3E00626F6F7461626C658D
:10C6C0000070656E64696E6700636F6E6669726D97
:10C6D0006564007065726D616E656E7400574553D8
:10C6E000545F544F504449522F7A65706879722FC5
:10C6F0007375627379732F6D676D742F6D63756DCC
:10C7000067722F6772702F696D675F6D676D742F29
:10C71000696E636C7564652F6D676D742F6D6375DD
:10C720006D67722F6772702F696D675F6D676D74CB
:10C730002F696D675F6D676D745F707269762E68C3
:10C7400000696D616765730073706C69745374611F
:10C750007475730025633A2046616C656420626FCE
:10C760006F745F7365745F6E657874207769746841
:10C7700020636F64652025642C20666F7220736CC3
:10C780006F742025642C2077697468206163746954
:10C79000766520736C6F7420256420616E6420635D
:10C7A0006F6E6669726D2025640A00636F6E66693C
:10C7B000726D000A02042568752E2568752E25689D
:10C7C00075002E2575006C656E00736861007570CC
:10C7D00067726164650025633A20496D6167652071
:10C7E00075706C6F616420696E7370656374206628
:10C7F00061696C65643A2025640A0025633A204922
:10C80000727265636F76657261626C6520657272C3
:10C810006F723A20666C6173682077726974652064
:10C820006661696C65643A2025640A0005050101AA
:10C8300001010601010101030201010103030303D8
:10C840000103030106066D63756D67725F696D67AD
:10C850005F67727000717565727900626F6F746CDA
:10C860006F61646572004D4355626F6F74006D6F48
:10C870006465006275665F73697A65006275665FFC
:10C88000636F756E74006D63756D67725F6F735F54
:10C890006772700025633A204661696C6564207494
:10C8A0006F206F70656E20666C61736820617265C1
:10C8B000610A0025633A204661696C656420746FE3
:10C8C0002067657420666C61736820617265612001
:10C8D0006465766963650A0025633A204661696C80
:10C8E000656420746F20657261736520666C617386
:10C8F0006820617265610A006D63756D67725F7AA9
:10C9000062617369635F67727000574553545F5487
:10C910004F504449522F7A65706879722F7375624F
:10C920007379732F6D676D742F6D63756D67722FDB
:10C930007472616E73706F72742F7372632F736D84
:10C94000702E63006D63756D677220736D70006D7E
:10C9500063756D67725F736D700025633A204E7565
:10C960006C6C20637064206F626A65637420666F0C
:10C970007220636F6E6E656374696F6E2025700A36
:10C9800000574553545F544F504449522F7A6570B5
:10C990006879722F7375627379732F6D676D742F59
:10C9A0006D63756D67722F7472616E73706F7274E0
:10C9B0002F7372632F736D705F62742E6300256333
:10C9C0003A20426C7565746F6F746820534D502027
:10C9D0007472616E73706F727420726567697374BC
:10C9E0006572206661696C65642028657272202515
:10C9F00064290A0000FFFFFFFFFFFF0000000000A6
:10CA00000000FFFFFFFFFFFF0000000000003031CB
:10CA100032333435363738396162636465660062B3
:10CA2000745F7270610025633A20496E73756666A3
:10CA3000696369656E74206E756D626572206F66DC
:10CA400020617267756D656E74730A0025633A2004
:10CA500049676E6F72696E67206964656E74697488
:10CA60006965732073746F72656420696E20666CEB
:10CA70006173680A0025633A20496E76616C6964C7
:10CA8000206C656E67746820494420616464726537
:10CA9000737320696E2073746F726167650A006238
:10CAA000742F25732F253032782530327825303297
:10CAB0007825303278253032782530327825752F38
:10CAC00025730062742F25732F253032782530327C
:10CAD000782530327825303278253032782530325A
:10CAE0007825750025633A2073657474696E6773E1
:10CAF0005F7375627379735F696E697420666169CB
:10CB00006C65642028657272202564290A006274AD
:10CB10002F25730025633A204661696C6564207493
:10CB20006F20736176652049442028657272202544
:10CB300064290A0025633A20556E61626C65207491
:10CB40006F20736574757020616E206964656E7402
:10CB500069747920616464726573730A0062740099
:10CB600062745F73657474696E67730042545F4CDE
:10CB7000575F57510002FB349B5F8000008000101C
:10CB8000000000000000574553545F544F50444983
:10CB9000522F7A65706879722F7375627379732F6B
:10CBA000626C7565746F6F74682F686F73742F6231
:10CBB00075662E630062745F646174610025633A78
:10CBC000204461746120627566666572206F7665C7
:10CBD00072666C6F7720286C696E6B207479706553
:10CBE00020307825303278290A0025633A20556EA6
:10CBF00061626C6520746F206C6F6F6B20757020A4
:10CC0000636F6E6E20776974682068616E646C650E
:10CC10002025750A0025633A20556E61626C6520F7
:10CC2000746F206C6F6F6B757020636F6E6E206613
:10CC30006F722068616E646C652025750A0025633B
:10CC40003A204861726477617265206572726F7212
:10CC50002C20686172647761726520636F64653A45
:10CC60002025640A0025633A20436F756C64206EAA
:10CC70006F74207375626D69742072785F776F725C
:10CC80006B3A2025640A0025633A20546F6F2073A5
:10CC90006D616C6C2028257520627974657329207C
:10CCA0006576656E74203078253032780A00256309
:10CCB0003A20556E68616E646C6564206576656EB9
:10CCC0007420307825303278206C656E2025753AD6
:10CCD0002025730A0025633A20496E76616C6964E9
:10CCE000204843492041434C207061636B657420A8
:10CCF00073697A6520282575290A0025633A204141
:10CD0000434C2064617461206C656E677468206DAB
:10CD100069736D617463682028257520213D202585
:10CD200075290A0025633A20556E61626C6520748E
:10CD30006F2066696E6420636F6E6E20666F72206E
:10CD400068616E646C652025750A0025633A204988
:10CD50006E76616C696420484349206576656E741F
:10CD60002073697A6520282575290A005745535490
:10CD70005F544F504449522F7A65706879722F730F
:10CD800075627379732F626C7565746F6F74682F39
:10CD9000686F73742F6863695F636F72652E6300D9
:10CDA00025633A20556E6B6E6F776E206275662034
:10CDB000747970652025750A0025633A206F7063C9
:10CDC0006F64652030782530347820706F6F6C2068
:10CDD000696420257520706F6F6C20257020213DBF
:10CDE00020266863695F636D645F706F6F6C2025D8
:10CDF000700A0025633A204F70436F6465203078D5
:10CE00002530347820636F6D706C657465642069BB
:10CE10006E7374656164206F6620657870656374F5
:10CE20006564203078253034780A0025633A20552F
:10CE30006E657870656374656420484F53545F4E27
:10CE4000554D5F434F4D504C455445445F50414311
:10CE50004B455453202873746174757320307825C2
:10CE6000303278290A0025633A20657674206E7581
:10CE70006D5F68616E646C657320283D257529209F
:10CE8000746F6F206C6172676520282575203E20C5
:10CE90002575290A0025633A204E6F20636F6E6E58
:10CEA000656374696F6E20666F722068616E646C72
:10CEB000652025750A0025633A207061636B6574EF
:10CEC0007320636F756E74206D69736D6174636830
:10CED0000A0025633A206F70636F646520307825FF
:10CEE0003034782073746174757320307825303253
:10CEF000780A0025633A204661696C656420746F86
:10CF0000207265616420444C45206D617820646125
:10CF10007461206C656E0A0025633A204E6F2070A4
:10CF2000656E64696E6720706572697068657261AC
:10CF30006C20636F6E6E656374696F6E0A002563A3
:10CF40003A20556E6578706563746564207374610A
:10CF5000747573203078253032780A0025633A20C2
:10CF60004E6F2070656E64696E6720636F6E6E2011
:10CF7000666F7220706565722025730A0025633A1A
:10CF8000204661696C656420726561642072656D1C
:10CF90006F746520666561747572657320282564F9
:10CFA000290A0025633A204661696C6564204C4576
:10CFB000205365742050485920282564290A0025EB
:10CFC000633A204661696C656420746F20736574F0
:10CFD0002064617461206C656E20282564290A0034
:10CFE00025633A204661696C656420746F2073651F
:10CFF00074207265717569726564207365637572FA
:10D00000697479206C6576656C0A00756E6B6E6F5D
:10D01000776E0025633A20556E61626C6520746FEF
:10D020002073656E6420746F206472697665722067
:10D0300028657272202564290A0025633A204F75FD
:10D0400074206F6620636F6D6D616E64206275661B
:10D05000666572730A0025633A20556E61626C65DD
:10D0600020746F20616C6C6F6361746520627566FB
:10D070006665720A0025633A20556E636C656172BD
:10D0800065642070656E64696E672073656E745F99
:10D09000636D640A0025633A20556E657870656398
:10D0A000746564206B5F706F6C6C206576656E7460
:10D0B0002073746174652025750A0025633A204940
:10D0C0006E76616C69642062756620747970652083
:10D0D00025750A005B305D0025633A204964656E62
:10D0E0007469747925733A2025730A0025633A2000
:10D0F0004964656E746974795B25645D3A202573B3
:10D100000A0025633A204843493A207665727369DC
:10D110006F6E2025732028307825303278292072D0
:10D1200065766973696F6E203078253034782C20ED
:10D130006D616E75666163747572657220307825F5
:10D140003034780A0025633A204C4D503A207665F9
:10D150007273696F6E2025732028307825303278FD
:10D160002920737562766572203078253034780A0C
:10D170000025633A204E6F6E2D4C4520636170612F
:10D18000626C6520636F6E74726F6C6C6572206484
:10D1900065746563746564210A0025633A20414320
:10D1A0004C2042522F454452206275666665727368
:10D1B000206E6F7420696E697469616C697A656448
:10D1C0000A0025633A2056656E646F722048434911
:10D1D00020657874656E73696F6E73206E6F74204E
:10D1E000617661696C61626C650A0025633A20486A
:10D1F0005720506C6174666F726D3A202573202839
:10D20000307825303478290A0025633A20485720A1
:10D2100056617269616E743A202573202830782532
:10D22000303478290A0025633A204669726D7761A7
:10D2300072653A20257320283078253032782920ED
:10D2400056657273696F6E2025752E25752042759F
:10D25000696C642025750A0025633A204661696C73
:10D26000656420746F207265616420737570706FDF
:10D27000727465642076656E646F7220636F6D6D85
:10D28000616E64730A0025633A204661696C6564C7
:10D2900020746F207265616420737570706F727492
:10D2A00065642076656E646F722066656174757260
:10D2B00065730A0025633A204E6F2049442061645B
:10D2C00064726573732E20417070206D75737420C5
:10D2D00063616C6C2073657474696E67735F6C6FE7
:10D2E000616428290A0025633A204E6F204843498B
:10D2F00020647269766572207265676973746572FD
:10D3000065640A0042542054580042542052580088
:10D3100025633A2048434920647269766572206F1C
:10D3200070656E206661696C656420282564290A31
:10D33000000009090909010209090909090909097E
:10D340000909090709090909090609090909090952
:10D350000909090909090909090905312E3062007D
:10D36000312E3100312E3200322E3000322E31007B
:10D37000332E3000342E3000342E3100342E320063
:10D38000352E3000352E3100352E3200352E33004B
:10D39000352E34005374616E6461726420426C7582
:10D3A00065746F6F746820636F6E74726F6C6C65F8
:10D3B000720056656E646F7220737065636966698A
:10D3C0006320636F6E74726F6C6C65720046697275
:10D3D0006D77617265206C6F616465720052657370
:10D3E00063756520696D6167650072657365727646
:10D3F0006564006E5246353178006E52463532789B
:10D40000006E5246353378006E5246353448780007
:10D410006E524635344C7800496E74656C20436F0B
:10D4200072706F726174696F6E004E6F72646963BF
:10D430002053656D69636F6E647563746F72004E1F
:10D4400058502053656D69636F6E647563746F72B5
:10D45000730062745F6863695F636F72650057454C
:10D4600053545F544F504449522F7A657068797213
:10D470002F7375627379732F626C7565746F6F7437
:10D48000682F686F73742F69642E630025633A20D8
:10D490004661696C656420746F2064697361626CB5
:10D4A000652061646472657373207265736F6C7557
:10D4B00074696F6E0A0025633A205265736F6C764B
:10D4C000696E67206C6973742073697A652065786A
:10D4D0006365656465642E20537769746368696E5B
:10D4E0006720746F20686F73742E0A0025633A20DA
:10D4F0004661696C656420746F20636C656172209D
:10D500007265736F6C7574696F6E206C6973740AE1
:10D510000025633A204661696C656420746F206160
:10D5200064642049524B20746F20636F6E74726F75
:10D530006C6C65720A0025633A2053657420707222
:10D540006976616379206D6F646520636F6D6D61CD
:10D550006E64206973206E6F7420737570706F72C3
:10D560007465640A0025633A204661696C6564202D
:10D57000746F207365742070726976616379206DB1
:10D580006F64650A0025633A2044697361626C69BF
:10D590006E672061646472657373207265736F6C6B
:10D5A0007574696F6E206661696C656420286572A8
:10D5B00072202564290A0025633A204661696C655A
:10D5C0006420746F2072656D6F76652049524B2020
:10D5D00066726F6D20636F6E74726F6C6C65720A29
:10D5E0000025633A204F6E6C79207374617469630F
:10D5F0002072616E646F6D206964656E7469747900
:10D60000206164647265737320737570706F7274D7
:10D6100065640A0025633A20496E76616C6964206E
:10D62000696E70757420706172616D657465727376
:10D630000A0025633A204661696C656420746F2096
:10D6400072656164207075626C69632061646472E4
:10D650006573730A0025633A205265616420537430
:10D6600061746963204164647265737365732063D8
:10D670006F6D6D616E64206E6F7420617661696C90
:10D6800061626C650A0025633A204661696C6564D5
:10D6900020746F2072656164207374617469632003
:10D6A0006164647265737365730A0025633A204E82
:10D6B0006F2073746174696320616464726573734D
:10D6C00065732073746F72656420696E20636F6E7A
:10D6D00074726F6C6C65720A0025633A2043616E48
:10D6E00027742073657420626F7468204944454E26
:10D6F000544954592026204E5250410A0062745F0A
:10D7000069640025633A20546F6F20626967206165
:10D7100064766572746973696E6720646174610A06
:10D720000025633A204661696C656420746F20733C
:10D730007461727420616476657274697365720ACB
:10D740000025633A204661696C656420746F20731C
:10D75000746F70206164766572746973696E673A7C
:10D760002025640A0025633A20436F6E74726F6C43
:10D770006C65722063616E6E6F7420726573756D77
:10D780006520636F6E6E65637461626C65206164B1
:10D79000766572746973696E6720282564290A00AA
:10D7A00062745F6164760025633A204543432048F4
:10D7B000434920636F6D6D616E6473206E6F7420DA
:10D7C000617661696C61626C650A0025633A204389
:10D7D000616C6C6261636B20616C7265616479205D
:10D7E000726567697374657265640A0025633A201F
:10D7F00053656E64696E67204C4520503235362083
:10D800005075626C6963204B657920636F6D6D6143
:10D810006E64206661696C65640A0025633A20467F
:10D8200061696C656420746F2067656E65726174F0
:10D83000652044484B65792028657272202564294B
:10D840000A00E69D350E480103CCDBFDF4AC1191D6
:10D85000F4EFB9A5F9E9A7832C5E2CBE97F2D203A9
:10D86000B0208BD28915D08E1C742430ED8FC24528
:10D8700063765C15525ABF9A32636DEB2A65499CF8
:10D8800080DC62745F65636300574553545F544F97
:10D89000504449522F7A65706879722F737562739C
:10D8A00079732F626C7565746F6F74682F686F730E
:10D8B000742F636F6E6E2E630025633A20556E657C
:10D8C00078706563746564206669727374204C3285
:10D8D000434150206672616D650A0025633A205508
:10D8E0006E6578706563746564204C3243415020E6
:10D8F000636F6E74696E756174696F6E0A0025637B
:10D900003A204E6F7420656E6F7567682062756689
:10D9100066657220737061636520666F72204C3299
:10D9200043415020646174610A0025633A20556EBA
:10D9300065787065637465642041434C20666C6152
:10D9400067732028307825303278290A0025633A19
:10D950002041434C206C656E206D69736D6174636A
:10D960006820282575203E202575290A0025633A60
:10D97000206E6F7420656E6F75676820726F6F6DB3
:10D9800020696E20757365725F646174612025641F
:10D99000203C2025640A0025633A206E6F742063C2
:10D9A0006F6E6E6563746564210A0025633A2044D6
:10D9B0006973636F6E6E6563746564207768696C04
:10D9C0006520616C6C6F636174696E6720636F6E54
:10D9D000746578740A0028756E6B6E6F776E290017
:10D9E00025633A206E6F207472616E736974696F7B
:10D9F0006E2025730A0025633A20496E76616C69B2
:10DA0000642028257529206F6C6420737461746507
:10DA10000A0025633A206E6F2076616C69642028C5
:10DA2000257529207374617465207761732073658F
:10DA3000740A0025633A20696E636F6D70617469C2
:10DA4000626C652068616E646C652025750A00252E
:10DA5000633A20556E61626C6520746F20616C6C56
:10DA60006F6361746520627566666572207769749C
:10DA700068696E2074696D656F75740A0025633A74
:10DA800020466F756E642076616C696420636F6EEA
:10DA90006E656374696F6E2028257029207769741C
:10DAA00068206164647265737320257320696E2039
:10DAB0002573207374617465200A0025633A20532E
:10DAC000656E64204C4520706172616D20757064D4
:10DAD000617465206661696C6564202865727220D6
:10DAE0002564290A0025633A2053656E6420617518
:10DAF000746F204C4520706172616D207570646197
:10DB00007465206661696C656420286572722025E1
:10DB100064290A0000000101010101020364697324
:10DB2000636F6E6E656374656400646973636F6EC2
:10DB30006E6563742D636F6D706C65746500636FE3
:10DB40006E6E656374696E672D7363616E00636FDB
:10DB50006E6E656374696E672D6175746F00636FB7
:10DB60006E6E656374696E672D61647600636F6EB7
:10DB70006E656374696E672D6469722D61647600E9
:10DB8000646973636F6E6E656374696E6700627457
:10DB90005F636F6E6E0025633A204E6F2061766181
:10DBA000696C61626C65204C3243415020636F6E3A
:10DBB0007465787420666F7220636F6E6E202570B6
:10DBC0000A0025633A20556E61626C6520746F20EF
:10DBD000616C6C6F63617465206275666665722046
:10DBE000666F72206F70203078253032780A0057C7
:10DBF0004553545F544F504449522F7A65706879A9
:10DC0000722F7375627379732F626C7565746F6FA1
:10DC100074682F686F73742F6C326361702E6300A9
:10DC200025633A20546F6F20736D616C6C204C3209
:10DC3000434150207369676E616C696E6720504480
:10DC4000550A0025633A204C32434150206C656EE2
:10DC5000677468206D69736D617463682028257529
:10DC600020213D202575290A0025633A20496E763A
:10DC7000616C6964206964656E742076616C756599
:10DC800020696E204C32434150205044550A0025F3
:10DC9000633A20546F6F20736D616C6C204C45208B
:10DCA000636F6E6E20706172616D207273700A0016
:10DCB00025633A2052656A656374696E6720756EE4
:10DCC0006B6E6F776E204C3243415020504455208C
:10DCD000636F6465203078253032780A0025633A16
:10DCE00020546F6F20736D616C6C204C3243415037
:10DCF000205044552072656365697665640A002585
:10DD0000633A2049676E6F72696E6720646174615F
:10DD100020666F7220756E6B6E6F776E2063686120
:10DD20006E6E656C204944203078253034780A00C6
:10DD3000636F6E6669670062745F6C326361700066
:10DD400025633A204E6F7420636F6E6E6563746551
:10DD5000640A0025633A20556E61626C6520746F19
:10DD60002066696E6420415454206368616E6E655C
:10DD70006C0A0025633A20415454206368616E6E3A
:10DD8000656C206E6F7420636F6E6E65637465647E
:10DD90000A0025633A20556E61626C6520746F201D
:10DDA00063726561746520555549443A2073697AF8
:10DDB000652025750A0025633A20556E61626C6501
:10DDC00020746F2063726561746520555549443A2B
:10DDD0002073697A652025640A00574553545F54BF
:10DDE0004F504449522F7A65706879722F7375626B
:10DDF0007379732F626C7565746F6F74682F686FB9
:10DE000073742F6174742E630025633A2041545457
:10DE1000204D54552065786365656465642C206DDC
:10DE200061782025752C2077616E74656420257AD1
:10DE3000750A0025633A20556E61626C6520746F27
:10DE400020616C6C6F636174652041545420545898
:10DE5000206D6574610A0025633A204E6F2061765B
:10DE600061696C61626C652041545420636F6E740B
:10DE700065787420666F7220636F6E6E2025700A5D
:10DE80000025633A204E6F20617661696C61626C97
:10DE90006520415454206368616E6E656C20666F26
:10DEA0007220636F6E6E2025700A0025633A20454C
:10DEB00072726F72207369676E696E672064617435
:10DEC000610A0025633A2052616E206F7574206FDD
:10DED000662054582062756666657273206F7220E2
:10DEE000636F6E74657874732E0A0025633A20544C
:10DEF0006F6F20736D616C6C2041545420504455F9
:10DF00002072656365697665640A0025633A205569
:10DF10006E68616E646C65642041545420636F6464
:10DF200065203078253032780A0025633A20496729
:10DF30006E6F72696E6720756E6578706563746563
:10DF40006420726571756573740A0025633A20490F
:10DF5000676E6F72696E6720756E65787065637441
:10DF6000656420696E6469636174696F6E0A002577
:10DF7000633A20496E76616C6964206C656E202579
:10DF80007520666F7220636F6465203078253032AB
:10DF9000780A0025633A204E6F204154542063686C
:10DFA000616E6E656C20666F72204D545520257A27
:10DFB000750A0025633A204E6F2070656E64696EA5
:10DFC000672041545420726571756573740A002589
:10DFD000633A204154542054696D656F757420660E
:10DFE0006F72206465766963652025730A00627428
:10DFF0005F6174740025633A204661696C65642032
:10E00000746F206465636F64652076616C7565204C
:10E010002865727220257A64290A0025633A204611
:10E0200061696C656420746F20736176652044615A
:10E03000746162617365204861736820286572723B
:10E04000202564290A0025633A206661696C6564AD
:10E0500020746F2073746F7265205343202865729B
:10E0600072202564290A00574553545F544F504489
:10E0700049522F7A65706879722F7375627379735C
:10E080002F626C7565746F6F74682F686F73742F6F
:10E09000676174742E630025633A20756E61626C4B
:10E0A0006520746F20736176652053433A206E6F4C
:10E0B00020636667206C6566740A0025633A204E0B
:10E0C0006F20737061636520746F2073746F726565
:10E0D00020436C69656E7420537570706F7274653F
:10E0E000642046656174757265730A0025633A2081
:10E0F000556E61626C6520746F206465636F646542
:10E1000020616464726573732025730A0025633A85
:10E1100020496E76616C6964206C6F63616C206964
:10E1200064656E7469747920256C750A0025633AFC
:10E1300020556E61626C6520746F20726573746F18
:10E1400072652053433A206E6F20636667206C65CA
:10E1500066740A0025633A206661696C6564207400
:10E160006F2064656C657465205343202865727266
:10E17000202564290A0025633A204661696C65649C
:10E1800020746F20636C6561722053432025640AFC
:10E190000025633A20556E61626C6520746F2072B1
:10E1A0006573746F72652043463A206E6F20636614
:10E1B00067206C6566740A0025633A204368616EC7
:10E1C00067652D6177617265207374617475732062
:10E1D0006E6F7420666F756E6420696E207365744F
:10E1E00074696E67732C2064656661756C74696E02
:10E1F0006720706565722073746174757320746F25
:10E20000206368616E67652D756E61776172650A5E
:10E210000025633A2052656164206261636B20626D
:10E220006164206368616E67652D61776172652046
:10E2300076616C75653A20307825782C20646566A7
:10E2400061756C74696E67207065657220737461A6
:10E2500074757320746F206368616E67652D756EC9
:10E2600061776172650A0025633A204E6F207370F2
:10E2700061636520746F2073746F7265204343433C
:10E28000206366670A0025633A204661696C65640D
:10E2900020746F2073746F726520436C69656E74AF
:10E2A0002046656174757265732028657272202539
:10E2B00064290A0025633A20556E61626C652074FA
:10E2C0006F2073657475702041455320434D414361
:10E2D0000A0025633A20556E61626C6520746F20D8
:10E2E00063616C63756C61746520686173680A00B2
:10E2F00025633A2043616E277420726567697374E1
:10E3000065722073657276696365206166746572F3
:10E3100020696E697420616E64206265666F726543
:10E320002073657474696E677320617265206C6F09
:10E33000616465642E0A0025633A20556E61626C43
:10E340006520746F207265676973746572206861F7
:10E350006E646C65203078253034780A0062742F42
:10E360006363630025633A20496E76616C696420BB
:10E370006B65790A0025633A204C696E6B206973DE
:10E38000206E6F7420656E637279707465640A0024
:10E3900025633A20446576696365206973206E6F52
:10E3A00074207375627363726962656420746F2090
:10E3B00063686172616374657269737469630A008A
:10E3C00025633A204E6F206275666665722061761D
:10E3D00061696C61626C6520746F2073656E642086
:10E3E000696E6469636174696F6E0A0025633A201F
:10E3F000434343202570206E6F74207772697461E7
:10E40000626C650A0025633A205343207265737479
:10E410006F726520696E6469636174696F6E2066EE
:10E4200061696C65640A0025633A204E6F2062754D
:10E430006666657220617661696C61626C652074E4
:10E440006F2073656E64206E6F74696669636174B2
:10E45000696F6E0A0025633A204661696C65642025
:10E46000746F2073657420736563757269747920A5
:10E47000666F7220626F6E646564207065657220DD
:10E48000282564290A0025633A204661696C656481
:10E4900020746F2073746F72652043434373202888
:10E4A000657272202564290A0062742F686173689E
:10E4B0000062742F63660062742F73630062745F7E
:10E4C000676174740025633A20556E61626C652043
:10E4D000746F2066696E6420534D50206368616ECE
:10E4E0006E656C0A0025633A204E6F206176616983
:10E4F0006C61626C6520534D5020636F6E7465785B
:10E500007420666F7220636F6E6E2025700A00257E
:10E51000633A204661696C656420746F2067656E9C
:10E5200065726174652044484B65790A0025633A39
:10E5300020556E61626C6520746F20676574206B76
:10E5400065797320666F722025730A0025633A206F
:10E55000556E6B6E6F776E2070616972696E6720A1
:10E560006D6574686F6420282575290A0025633A53
:10E570002052656D6F7465207075626C6963206BE5
:10E5800065792072656A65637465640A0025633A7B
:10E590002052656D6F7465206973207573696E67AD
:10E5A000204465627567205075626C6963206B65F5
:10E5B000790A0025633A2043616C63756C61746568
:10E5C000204C544B206661696C65640A0025633AEF
:10E5D0002043616C63756C617465206C6F63616C62
:10E5E0002044484B657920636865636B20666169E8
:10E5F0006C65640A0025633A2043616C63756C6145
:10E6000074652072656D6F74652044484B65792090
:10E61000636865636B206661696C65640A002563E5
:10E620003A2043616C63756C6174652053544B20D0
:10E630006661696C65640A0025633A2043616C6316
:10E64000756C61746520636F6E6669726D206661BA
:10E65000696C65640A0025633A204A757374576FC4
:10E66000726B73206661696C65642C2061757468D7
:10E67000656E74696361746564206B65797320707D
:10E68000726573656E740A0025633A2054686520CC
:10E69000696E2D70726F6772657373207061697235
:10E6A000696E6720686173206265656E2064656CC1
:10E6B00065746564210A0025633A20534D50206437
:10E6C0006F6573206E6F7420616C6C6F77206120B2
:10E6D00070616972696E67206661696C7572652028
:10E6E0006174207468697320706F696E742E204B9A
:10E6F0006E6F776E2069737375652E20446973633E
:10E700006F6E6E656374696E6720696E73746561A0
:10E71000642E0A0025633A20546F6F20736D616C7C
:10E720006C20534D502050445520726563656976C6
:10E7300065640A0025633A20534D5020636F6D6D68
:10E74000616E642028636F646520307825303278EC
:10E7500029207265636569766564206166746572F7
:10E760002074696D656F75740A0025633A205265DF
:10E770006365697665642072657365727665642089
:10E78000534D5020636F6465203078253032780A0D
:10E790000025633A20556E68616E646C6564205391
:10E7A0004D5020636F6465203078253032780A0040
:10E7B00025633A20556E65787065637465642053EF
:10E7C0004D5020636F6465203078253032780A0020
:10E7D00025633A205075626C6963206B6579206E01
:10E7E0006F7420617661696C61626C650A002563F3
:10E7F0003A20496E76616C6964206964656E74695B
:10E8000074792025730A0025633A2020666F7220F0
:10E8100025730A00574553545F544F504449522FB3
:10E820007A65706879722F7375627379732F626C71
:10E830007565746F6F74682F686F73742F736D7064
:10E840002E630025633A205265667573696E6720F2
:10E850006E65772070616972696E672E20546865F5
:10E86000206F6C6420626F6E64206D75737420621B
:10E870006520756E70616972656420666972737473
:10E880002E0A0025633A2070616972696E672066FE
:10E8900061696C65642028706565722072656173BA
:10E8A0006F6E2030782578290A0025633A204E6F54
:10E8B000206B65797320737061636520666F7220C9
:10E8C00025730A0025633A20556E61626C652074D9
:10E8D0006F206765742072616E646F6D2062797459
:10E8E00065730A0025633A20556E61626C65207479
:10E8F0006F20616C6C6F6361746520456E63727923
:10E90000707420496E666F206275666665720A00D3
:10E9100025633A20556E61626C6520746F20616CCE
:10E920006C6F636174652043656E7472616C20491D
:10E9300064656E74206275666665720A0025633AC6
:10E9400020534D502054696D656F75740A000005A1
:10E95000061F1F2918120308020305080A000801F0
:10E960000304010504050906070101060608000065
:10E970000100010003010003020201000200000087
:10E98000000002030100030000010001000001007B
:10E990000102020100020000000000020201000466
:10E9A00062745F736D7000574553545F544F504409
:10E9B00049522F7A65706879722F73756273797313
:10E9C0002F626C7565746F6F74682F686F73742F26
:10E9D0006B6579732E630025633A204661696C6527
:10E9E0006420746F20726561642076616C756520A7
:10E9F0002865727220257A64290A0025633A205519
:10EA00006E61626C6520746F2066696E6420646557
:10EA10006C65746564206B65797320666F72202560
:10EA2000730A0025633A204661696C656420746F3F
:10EA300020616C6C6F63617465206B65797320660F
:10EA40006F722025730A0025633A20496E76616C47
:10EA50006964206B6579206C656E67746820257A1F
:10EA60006420213D20257A750A0025633A204661FD
:10EA7000696C656420746F2073617665206B6579BD
:10EA8000732028657272202564290A0062742F6B36
:10EA90006579730062745F6B6579730057455354F1
:10EAA0005F544F504449522F7A65706879722F69CC
:10EAB0006E636C7564652F7A65706879722F7379EF
:10EAC000732F627974656F726465722E68006C884A
:10EAD0008391AAF5A53860370BDB5A6083BE627458
:10EAE0005F63727970746F00574553545F544F5091
:10EAF0004449522F7A65706879722F737562737901
:10EB0000732F6E65742F6275662E63006E65745F79
:10EB100062756600574553545F544F504449522F15
:10EB20007A65706879722F7375627379732F6E6569
:10EB3000742F6275665F73696D706C652E63006E0D
:10EB400065745F6275665F73696D706C65005745CB
:10EB500053545F544F504449522F7A65706879720C
:10EB60002F647269766572732F636C6F636B5F637A
:10EB70006F6E74726F6C2F636C6F636B5F636F6E1D
:10EB800074726F6C5F6E72662E6300636C6F636B82
:10EB9000403430303030303030006866636C6B00A9
:10EBA0006C66636C6B00636C6F636B5F636F6E743A
:10EBB000726F6C00574553545F544F504449522F65
:10EBC0007A65706879722F647269766572732F65E1
:10EBD0006E74726F70792F656E74726F70795F6E7C
:10EBE0007266352E630072616E646F6D4034303032
:10EBF000306430303000656E74726F70795F6274AB
:10EC00005F6863690025633A20696E76616C6964A8
:10EC100020616464726573733A2030782530386CF3
:10EC2000783A257A750A0025633A20756E616C6919
:10EC3000676E656420616464726573733A2030782E
:10EC40002530386C783A257A750A0025633A206EAB
:10EC50006F7420776F72642D616C69676E65643ABA
:10EC60002030782530386C783A257A750A00666C41
:10EC70006173682D636F6E74726F6C6C6572403473
:10EC80003030316530303000666C6173685F6E72B1
:10EC90006600574553545F544F504449522F7A658C
:10ECA000706879722F696E636C7564652F7A657010
:10ECB0006879722F647269766572732F6770696FF5
:10ECC0002F6770696F5F7574696C732E68005745A4
:10ECD00053545F544F504449522F6D6F64756C65A7
:10ECE000732F68616C2F6E6F726469632F6E72662A
:10ECF000782F68616C2F6E72665F6770696F2E681F
:10ED000000574553545F544F504449522F7A657011
:10ED10006879722F647269766572732F6770696F94
:10ED20002F6770696F5F6E7266782E630067706917
:10ED30006F40353030303030303000000102030495
:10ED400005060725633A20496E76616C6964206385
:10ED500068616E6E656C3A2025752E0A0025633A4F
:10ED600020496E636F6D70617469626C65207065B7
:10ED700072696F642E0A0025633A205072657363CE
:10ED8000616C657220666F7220706572696F645F76
:10ED90006379636C6573202575206E6F7420666FD0
:10EDA000756E642E0A0025633A204661696C6564BD
:10EDB00020746F20696E697469616C697A6520647A
:10EDC00065766963653A2025730A0070776D403473
:10EDD000303032323030300070776D403430303285
:10EDE000313030300070776D403430303163303046
:10EDF000300070776D5F6E72667800646B5F62756D
:10EE000074746F6E735F616E645F6C65647300250C
:10EE1000633A20526573657474696E672073797301
:10EE200074656D0A00666174616C5F6572726F7201
:10EE30000025633A20536F667444657669636520E4
:10EE4000436F6E74726F6C6C657220415353455200
:10EE5000543A2025732C2025640A00536F667444AD
:10EE6000657669636520436F6E74726F6C6C657252
:10EE7000206275696C64207265766973696F6E3A99
:10EE8000200025633A2025730A0025633A20456E49
:10EE900074726F707920736F757263652064657624
:10EEA000696365206E6F742072656164790A00255C
:10EEB000633A204661696C656420746F20726567EF
:10EEC00069737465722072616E6420736F7572630A
:10EED0006520282564290A0025633A20416C6C6F5F
:10EEE0006361746564206D656D6F727920746F6FF6
:10EEF000206C6F773A202575203C2025750A005735
:10EF00004553545F544F504449522F7A6570687985
:10EF1000722F696E636C7564652F7A65706879729B
:10EF20002F647269766572732F656E74726F707973
:10EF30002E6800574553545F544F504449522F6E2A
:10EF400072662F7375627379732F626C7565746F57
:10EF50006F74682F636F6E74726F6C6C65722F685C
:10EF600063695F6472697665722E630025633A2077
:10EF70004E6F206576656E742062756666657220D8
:10EF8000617661696C61626C650A0025633A204EA6
:10EF90006F206461746120627566666572206176B7
:10EFA00061696C61626C650A0025633A20556E6583
:10EFB00078706563746564206D73675F74797065DC
:10EFC0003A2025752E20546869732069662D656C7A
:10EFD0007365206E656564732061206E65772062BD
:10EFE00072616E63680A00536F6674446576696384
:10EFF0006520436F6E74726F6C6C65720062745F33
:10F000007364635F6863695F6472697665720062E6
:10F01000745F7364635F63727970746F0025633A21
:10F02000207075626C6963206B6579206973206E4E
:10F030006F742076616C6964202865727220256483
:10F04000290A0025633A20556E6B6E6F776E206338
:10F050006F6D6D616E640A0042542043544C52201F
:10F0600045434448003F49F6D4A3C55F3874C9B34B
:10F07000E3D2103F504AFF607BEB40B7995899B8F4
:10F08000A6CD3C1ABD62745F7364635F6563646898
:10F090000025633A204D50534C2041535345525460
:10F0A0003A2025732C2025640A00574553545F5499
:10F0B0004F504449522F6E72662F73756273797385
:10F0C0002F6D70736C2F696E69742F6D70736C5F28
:10F0D000696E69742E63004D50534C20576F726BEC
:10F0E000006D70736C5F696E69740055616E647257
:10F0F0006F69642E636F6D3A706B67574553545F49
:10F10000544F504449522F6E72662F737562737953
:10F11000732F6E66632F6C69622F706C6174666FFB
:10F12000726D2E630025633A204E464320706C6159
:10F1300074666F726D20696E6974206661696C3ADD
:10F140002063616C6C6261636B207265736F6C75B8
:10F1500074696F6E2066756E6374696F6E20706F70
:10F16000696E74657220697320696E76616C69647A
:10F170000A006E66635F706C6174666F726D005733
:10F180004553545F544F504449522F6E72662F734B
:10F1900075627379732F6E66632F6C69622F706C62
:10F1A0006174666F726D5F696E7465726E616C5FBB
:10F1B0007468726561642E630025633A2054726935
:10F1C000656420746F2072656164206865616465A0
:10F1D000723A2025642062797465732C207265610F
:10F1E000642025642E0A0025633A20547269656400
:10F1F00020746F2072656164206374783A202564FE
:10F200002062797465732C20726561642025642EF8
:10F210000A0025633A20547269656420746F207275
:10F22000656164206461746120706F696E746572D9
:10F230003A2025642062797465732C2072656164BC
:10F240002025642E0A0025633A2052656164696EA8
:10F2500067206E66632064617461206661696C6515
:10F26000642C206572722025692E0A0025633A20DD
:10F27000547269656420746F2066696E69736820D2
:10F280006120726561642077697468202575206249
:10F29000797465732C206572722025692E0A002509
:10F2A000633A2052656164696E67206E66632072FE
:10F2B000696E6720627566666572206661696C6555
:10F2C000642C20726573657474696E672072696E50
:10F2D00067206275666665722E0A00574553545F53
:10F2E000544F504449522F6E72662F64726976658E
:10F2F00072732F6D70736C2F636C6F636B5F636FD2
:10F300006E74726F6C2F6E7266785F636C6F636B76
:10F310005F6D70736C2E6300574553545F544F50AC
:10F320004449522F6E72662F647269766572732F2C
:10F330006D70736C2F666C6173685F73796E632F89
:10F34000666C6173685F73796E635F6D70736C2E4A
:10F35000630025633A206D70736C5F74696D65732B
:10F360006C6F745F73657373696F6E5F6F70656EDA
:10F37000206661696C65643A2025640A0025633A59
:10F380002074696D656F75740A00666C6173685FDF
:10F3900073796E635F6D70736C007065726D00746D
:10F3A000657374004255473B2063616E2774206883
:10F3B000617070656E007265766572740025633ADF
:10F3C000205365636F6E6461727920696D61676552
:10F3D000206F6620696D6167652070616972202801
:10F3E00025642E2920697320756E726561636861DA
:10F3F000626C652E2054726561742069742061739B
:10F4000020656D7074790A0025633A20496D616743
:10F410006520696E6465783A2025642C20537761F5
:10F420007020747970653A2025730A0025633A20AC
:10F43000496D61676520696E6465783A2025642CA2
:10F44000205377617020747970653A206E6F6E6515
:10F450000A0004010403040204010401040301037B
:10F46000030401046D6375626F6F745F7574696C7A
:10F470000000000000010000000101000001010186
:10F480000100000000574553545F544F5044495207
:10F490002F6D6F64756C65732F68616C2F6E6F7262
:10F4A0006469632F6E7266782F68616C2F6E726666
:10F4B0005F6770696F74652E6800574553545F54D9
:10F4C0004F504449522F6D6F64756C65732F68619E
:10F4D0006C2F6E6F726469632F6E7266782F647220
:10F4E00069766572732F7372632F6E7266785F67C9
:10F4F00070696F74652E6300574553545F544F50C5
:10F500004449522F6D6F64756C65732F68616C2F61
:10F510006E6F726469632F6E7266782F647269769B
:10F520006572732F7372632F6E7266785F6E666397
:10F53000742E6300574553545F544F504449522F23
:10F540006D6F64756C65732F68616C2F6E6F72647C
:10F5500069632F6E7266782F647269766572732F95
:10F560007372632F6E7266785F6E766D632E6300C2
:10F57000574553545F544F504449522F6D6F647533
:10F580006C65732F68616C2F6E6F726469632F6E88
:10F590007266782F68616C2F6E72665F70776D2E61
:10F5A0006800574553545F544F504449522F6D6F74
:10F5B00064756C65732F68616C2F6E6F726469631C
:10F5C0002F6E7266782F647269766572732F73720C
:10F5D000632F6E7266785F70776D2E6300574553A8
:10F5E000545F544F504449522F6D6F64756C65736E
:10F5F0002F68616C2F6E6F726469632F6E7266780C
:10F600002F647269766572732F7372632F6E7266E0
:10F61000785F74696D65722E63005465726D696EF2
:10F62000616C000000000000005454522052454715
:10F630004745530001020203030303574553545F38
:10F64000544F504449522F7A65706879722F6B6518
:10F65000726E656C2F6465766963652E6300556E06
:10F660006B6E6F776E206572726F720025633A2041
:10F670003E3E3E205A455048595220464154414C46
:10F68000204552524F522025643A202573206F6E38
:10F69000204350552025640A0025633A20466175B1
:10F6A0006C7420647572696E6720696E746572721D
:10F6B0007570742068616E646C696E670A0A002553
:10F6C000633A2043757272656E7420746872656166
:10F6D000643A20257020282573290A005745535481
:10F6E0005F544F504449522F7A65706879722F6B7E
:10F6F00065726E656C2F666174616C2E6300435099
:10F700005520657863657074696F6E00556E686129
:10F710006E646C656420696E7465727275707400D5
:10F72000537461636B206F766572666C6F77004B04
:10F7300065726E656C206F6F7073004B65726E65DD
:10F740006C2070616E6963006D61696E006F73009B
:10F75000574553545F544F504449522F7A6570684F
:10F7600079722F6B65726E656C2F6B686561702E98
:10F770006300574553545F544F504449522F7A65A4
:10F78000706879722F6B65726E656C2F6D656D5F39
:10F79000736C61622E6300574553545F544F50445D
:10F7A00049522F7A65706879722F6B65726E656C3D
:10F7B0002F7468726561642E6300574553545F541B
:10F7C0004F504449522F7A65706879722F6B657279
:10F7D0006E656C2F69646C652E6300574553545FEA
:10F7E000544F504449522F7A65706879722F6B6577
:10F7F000726E656C2F6D757465782E630057455376
:10F80000545F544F504449522F7A65706879722F73
:10F810006B65726E656C2F73656D2E630073797303
:10F82000776F726B7100574553545F544F50444982
:10F83000522F7A65706879722F6B65726E656C2FC6
:10F84000776F726B2E6300574553545F544F50448B
:10F8500049522F7A65706879722F6B65726E656C8C
:10F860002F73636865642E6300574553545F544F8C
:10F87000504449522F7A65706879722F6B65726EA9
:10F88000656C2F696E636C7564652F6B7363686557
:10F89000642E6800574553545F544F504449522FCB
:10F8A0007A65706879722F6B65726E656C2F7469FA
:10F8B0006D656F75742E6300574553545F544F50F8
:10F8C0004449522F7A65706879722F6B65726E6544
:10F8D0006C2F706F6C6C2E6300574553545F544F00
:10F8E000504449522F7A65706879722F6B65726E39
:10F8F000656C2F6D656D706F6F6C2E63002A2A2A00
:10F9000020426F6F74696E67206E524620436F6E9F
:10F910006E6563742053444B2076332E352E39396F
:10F920002D6E637331202A2A2A0A0036F0E50E87ED
:10F930006848FB02FD9F82CC32E57B91B15CED0013
:10F94000FFFFFFFF1F00647261676F6F6E2F6C69AE
:10F9500062732F7363686564756C696E672F737269
:10F96000632F72656D5F68616C5F6576656E745F4D
:10F9700074696D65722E630092A4D3388C39F330AC
:10F98000AAF9FF91388930629C78151C00286E75A1
:10F990006C6C29002A666C6F61742A00FFFFFFFF00
:10F9A000FF1F00001F000000000000005D4000007D
:10F9B00000000000FFFFFFFF1F000000000000002C
:10F9C0000080004000000000000000000C0000006B
:10F9D0000000000000FF7F000000000000000000A9
:10F9E0000000000000000000CD0001000000000049
:10F9F000F3A6010000000000D3A6010000000000F3
:10FA0000E5000100000000001BA70100000000004D
:10FA100000000000000000000000000000000000E6
:10FA200000000000000000000000000000000000D6
:10FA300000000000000000000000000000000000C6
:10FA400000000000000000000000000000000000B6
:10FA500000000000000000000000000000000000A6
:10FA60000000000000000000000000000000000096
:10FA70000000000000000000000000000000000086
:10FA80000000000000000000000000000000000076
:10FA90000000000000000000000000000000000066
:10FAA0000000000000000000000000000000000056
:10FAB0000000000000000000000000000000000046
:10FAC0000000000000000000000000000000000036
:10FAD0000000000000000000000000000000000026
:10FAE0000000000000000000000000000000000016
:10FAF0000000000000000000000000000000000006
:10FB000000000000000000000000000000000000F5
:10FB100000000000000000000000000000000000E5
:10FB200000000000000000000000000000000000D5
:10FB300000000000000000000000000000000000C5
:10FB400000000000000000000000000000000000B5
:10FB500000000000000000000000000000000000A5
:10FB60000000000000000000000000000000000095
:10FB7000000000000000000000000000E401002080
:10FB800019BB010051BB01001DBB01005BBB0100A3
:10FB900023BB010061BB010029BB01002BBB01009D
:10FBA0002DBB01003BBB01004BBB01006DBB010045
:10FBB00031BB010037BB010057BB010067BB01002F
:10FBC0000000000000000000000000000000000035
:10FBD0000000000000000000000000000000000025
:10FBE0000000000000000000000000000000000015
:10FBF0000000000000000000000000000000000005
:10FC000000000000000000000000000000000000F4
:10FC100000000000000000000000000000000000E4
:10FC200000000000000000000000000000000000D4
:10FC300000000000000000000000000000000000C4
:10FC400000000000000000000000000000000000B4
:10FC500000000000000000000000000000000000A4
:10FC60000000000000000000000000000000000094
:10FC70000000000000000000000000000000000084
:10FC800000000000000000000000000061460200CB
:10FC90000000000000000000000000000000000064
:10FCA0000000000000000000000000000000000054
:10FCB0000000000000000000000000000000000044
:10FCC0000000000000000000000000000000000034
:10FCD0000000000000000000000000000000000024
:10FCE0000000000000000000000000000000000014
:10FCF0000000000000000000000000000000000004
:10FD000000000000000000000000000000000000F3
:10FD100000000000000000000000000000000000E3
:10FD200000000000000000000000000000000000D3
:10FD3000000000000000000099DD0200000000004B
:10FD400000010000000000000000000000000000B2
:10FD500000000000000000000000000000000000A3
:10FD60000000000015CB01000000000000000000B2
:10FD70007753030069080200000000009F60030041
:10FD80000000000083600300B407002000000C00A6
:10FD9000000000000000000000000000A9090200AF
:10FDA0000000000000000000D60700200000100046
:10FDB000090800200000080000000000000000000A
:10FDC00000000000490A02000000000000000000DE
:10FDD0002B0800200000120058AF030000000000B4
:10FDE000F4AF030006000100C12302000000000080
:10FDF00024B003000900000029690300000000008E
:10FE00003D69030000000000000000000000000049
:10FE10006CB0030001003F00456903008C04002022
:10FE20000400000000000000140700208981030086
:10FE3000000000005E080020000001001007002004
:10FE4000B182030000000000F40400200000010063
:10FE50004D08002000000000152B020000000000EB
:10FE6000000002000C0700205B810300A585020052
:10FE7000DC0400200000030000000000000000007F
:10FE8000000000009D2C02000000000000000000A7
:10FE90004D080020000014000000000001310200A5
:10FEA0000000000000000000000000000000000052
:10FEB00000000000000400007403002000000000A7
:10FEC0000000000000000000000000000000000032
:10FED0000000000000000000000000000000000022
:10FEE00000000000000000003536020000000000A5
:10FEF0000000000058050020580500200000000008
:10FF0000000000003D6D0200917A0200057E0300B2
:10FF10000000000000000000E5710200837B030088
:10FF2000AF7A0300996B020000000000000000009F
:10FF30000000000000000000000000004D970200DB
:10FF400000000000000000009D840300000000008D
:10FF500000000000000000001C070020000002005C
:10FF60002807002000000A003807002000002000B9
:10FF70000000000000000000000000000000000081
:10FF8000DB800300000000004C070020000002009E
:10FF90005807002000000200640700200000020053
:10FFA00071A9020000000000000000000000000035
:10FFB00000000000EF8E03000000000000000000C1
:10FFC00000000000EF8E03000000000000000000B1
:10FFD00000000000EF8E03000000000025E1020099
:10FFE000000000000000000070D1002000000000B0
:10FFF0000000000000000000000000000000000001
:020000040004F6
:1000000000000000000800000000000000000000E8
:1000100000000000000000000000000000000000E0
:1000200000000000000000000000000000000000D0
:1000300000000000000000000000000000000000C0
:1000400000000000000000000000000000000000B0
:10005000000000000000000008000000FF00000099
:1000600000000000010000000000000000B001409E
:100070000006000000000000DC060020DC06002076
:10008000E4060020E4060020000003280000022906
:1000900000000328000000280000032800000229B7
:1000A00000000328000000280000022900000328A7
:1000B0000000002800002A2B00002A2B0000032843
:1000C0000000292B0000292B000003280000022932
:1000D0000000052A0000052A00000328000001187E
:1000E000000000280000042A0000042A0000032861
:1000F0000000012A0000012A000003280000002A55
:100100000000002A0000032800000018000000285A
:100110009ECADC240EE5A9E093F3A3B50100406E6E
:10012000060102040810204080FFFFFFFFFFFFFFD1
:1001300000FF00FFFF0000FF0000FFFFFF000002C4
:100140009ECADC240EE5A9E093F3A3B50200406E3D
:10015000029ECADC240EE5A9E093F3A3B502004099
:100160006E029ECADC240EE5A9E093F3A3B503005A
:10017000406E029ECADC240EE5A9E093F3A3B5030A
:1001800000406E029ECADC240EE5A9E093F3A3B5FD
:100190000100406E0223D1BCEA5F782315DEEF1226
:1001A00012251500000223D1BCEA5F782315DEEF8B
:1001B0001212251500000223D1BCEA5F782315DE58
:1001C000EF1212241500000223D1BCEA5F78231538
:1001D000DEEF1212241500000223D1BCEA5F78235F
:1001E00015DEEF12122315000002487C99741126C7
:1001F0009EAE014ECEFB28782EDA0284AA6074529D
:100200008A8B86D34CB71D1DDC538D010000000086
:1002100000000000000000000000000000000000DE
:1002200000000000000000000000000000000000CE
:1002300000000000000000000000000000000000BE
:1002400000000000000000000000000000000000AE
:10025000000000000000000000000000000000009E
:10026000000000000000000000000000F133030067
:10027000000000000000000000000000E008002076
:10028000E0080020C5270200000000000000000078
:10029000000000000000000000000000000000005E
:1002A00000000000F1330300000000000000000027
:1002B000000000001809002018090020DDC7010017
:1002C000000000000000000000000000000000002E
:1002D000000000000000000000000000F1330300F7
:1002E0000000000000000000000000005009002095
:1002F0005009002021C8010000000000000000009B
:100300000000000000000000000000007009002054
:100310007009002000000000ECD000200000000068
:1003200001000000300000000000000090090020E3
:100330009009002000000000408E00200000000016
:10034000010000009000000000000000B009002043
:10035000B0090020000000001CD1002000000000B7
:10036000030000001C00000000000000000000006E
:10037000D08E0020000800000000000000000000F7
:1003800000000000E8090020E8090020000000004B
:10039000000000000E000000FC090020FC09002005
:1003A00000000000000000000E000000100A002005
:1003B000100A00200000000001000000200A0020B8
:1003C000200A0020280A0020280A0020000000003F
:1003D00001000000380A0020380A00200000000058
:1003E00000000000000000004C0A00204C0A002021
:1003F000540A0020540A0020000000000000000001
:1004000000000000680A0020680A0020700A00202E
:10041000700A002000000000000000000000000042
:10042000840A0020840A00208C0A00208C0A002004
:1004300000000000030003000800000000000000AE
:10044000E0B103008CD0002000000000000000009C
:1004500000000000B80A0020B80A0020C00A0020EE
:10046000C00A002000000000030003000800000094
:10047000000000009CB00300ECC900200000000058
:100480000000000000000000EC0A0020EC0A002040
:10049000F40A0020F40A002000000000020002001C
:1004A0000800000000000000D0B1030040CD002093
:1004B000000000000000000000000000200B0020F1
:1004C000200B0020280B0020280B0020000000003B
:1004D0000200020008000000000000009CB10300C0
:1004E00000CB002000000000000000000000000021
:1004F000540B0020540B00205C0B00205C0B0020F0
:10050000000000000A000A000800000000000000CF
:100510008CB0030024C80020000000000000000090
:1005200000000000880B0020880B0020900B0020AA
:10053000900B0020000000000100010008000000F6
:1005400000000000ACB0030054CA0020000000000E
:100550000000000000000000BC0B0020BC0B0020CD
:10056000C40B0020C40B00200000000004000400A5
:10057000080000000000000074B003007CBD0020F3
:1005800015E015E00769500110002000C60E8847ED
:10059000F4760CC683761E42A0B3A2001E56F45811
:1005A00074A0B1767998F40CAEAECCA60100200010
:1005B000FC5701DC6135E1323847BDC40F04D2E598
:1005C000BEE5833B23C29F93593D00018CFA999469
:1005D000200000015E61BC66875F07A415BC32790C
:1005E000F2070E4CBBD03DEE5699E298FC66B9A8D6
:1005F00031CE0FF802DE675DE84A4719B7B86A588E
:100600009E09A9374741BD63475D8FD26FE26F5B9B
:100610006CDC52667E94DA7FAD172600F51090FFF1
:10062000CF2471A1CA2D4EA5B0152231EE1B46E68E
:100630000B3E4373A2684310BB4071505222E40E3C
:10064000044D0D114BD5132B23BC3A5EC2D2A560CD
:1006500091101DAB70BD5A80C53C9B86B5254515D4
:10066000A8C6381A05247BDB9FFB343BC53A877A42
:10067000900F991140539A229D55CC14BBD79D825F
:10068000AA2EA2BEF34882253D42D0B23DA0C6AA02
:1006900085BA78A4405ED68794E89A2EBEEDBE64F3
:1006A00054D55F94FB10420BD9A23671DD33AFD421
:1006B0004DD541D60E079BED817149211751099BFC
:1006C000B7B0B11F3C42FE04CD827B47295241ABFB
:0406D0007EF9E0824D
:00000001FF
